gene_a	gene_b	n_cases
ABL1	BCR	333
RUNX1	RUNX1T1	103
PML	RARA	77
ETV6	NTRK3	72
ALK	EML4	57
EWSR1	FLI1	56
NTRK1	TPM3	51
FGFR3	TACC3	49
KMT2A	MLLT10	44
CBFB	MYH11	43
ATF1	EWSR1	41
LMNA	NTRK1	40
BRAF	KIAA1549	37
BCL2	IGH	37
MLLT10	PICALM	36
NAB2	STAT6	32
IGH	MYC	32
BIRC3	MALT1	31
AFF1	KMT2A	31
KMT2A	MLLT1	27
KMT2A	MLLT3	27
ALK	NPM1	26
CREM	EWSR1	26
MAML2	YAP1	25
NCOA4	RET	25
CCDC6	RET	25
BRD4	NUTM1	24
ERG	FUS	24
NSD1	NUP98	24
CCND1	IGH	24
ERG	TMPRSS2	23
EWSR1	WT1	23
EML4	NTRK3	23
ELL	KMT2A	23
AFDN	KMT2A	23
KIF5B	RET	22
JAK2	PCM1	22
CRTC1	MAML2	21
NTRK1	TPR	21
ALK	STRN	21
EWSR1	PATZ1	20
ABL1	ETV6	20
ALK	DCTN1	19
GOPC	ROS1	19
ACTB	GLI1	18
EWSR1	NFATC2	18
CREB1	EWSR1	18
BCL6	IGH	18
ARL17A	KANSL1	17
ALK	TPM3	17
BEND2	EWSR1	17
CBX3	CCDC32	17
CTBS	GNG5	17
FIP1L1	PDGFRA	17
ADGRG7	TFG	17
KMT2A	MLLT6	17
BRAF	SND1	16
COL1A1	PDGFB	16
ALK	CLTC	16
SS18	SSX2	15
SS18	SSX1	15
BCL3	IGH	15
MLF1	NPM1	15
ALK	RANBP2	15
IGH	MALT1	15
BRAF	TRIM24	15
CIC	NUTM1	14
AGK	BRAF	14
ABL1	NUP214	14
DDX10	NUP98	14
ETV6	RUNX1	14
KMT2A	SEPTIN6	14
CREBBP	KAT6A	14
FGFR1	TACC1	13
ERG	EWSR1	13
CD74	ROS1	13
MET	TFG	13
KMT2A	YAP1	13
SIDT2	TAGLN	13
ACSL6	ETV6	13
DEK	NUP214	13
HOXA9	NUP98	13
CBFA2T3	GLIS2	13
MEIS1	NCOA2	12
PRDM16	RPN1	12
KMT2A	SEPTIN9	12
FGFR1	ZMYM2	12
BCR	FGFR1	12
ETV6	PDGFRB	12
CBFA2T3	RUNX1	12
CREBBP	KMT2A	12
BICC1	FGFR2	12
MYB	NFIB	12
TFE3	YAP1	11
BCOR	CCNB3	11
BRAF	MKRN1	11
NSD3	NUTM1	11
MERTK	TMEM87B	11
CARM1	SMARCA4	11
ERBB2	PPP1R1B	11
ERBB2	IKZF3	11
ROS1	SLC34A2	11
NONO	TFE3	11
NTRK1	SQSTM1	11
ALK	VCL	11
ETV6	MN1	11
LIFR	PLAG1	11
CTNNB1	PLAG1	11
NUP98	PSIP1	11
EPS15	KMT2A	11
KDM5A	NUP98	11
FUS	NFATC2	10
MXI1	NUTM1	10
EZR	ROS1	10
FGR	WASF2	10
CCND3	IGH	10
ALK	SQSTM1	10
COL1A1	USP6	10
ALK	ATIC	10
AZGP1	GJC3	10
NUP98	TOP1	10
RUNX1	USP42	10
FGFR3	IGH	10
UBA2	WTIP	10
HMGA2	WIF1	10
ARHGEF12	KMT2A	10
IRF2BP2	NTRK1	10
KMT2A	MLLT11	10
KMT2A	TET1	10
IGH	PAX5	9
GLI1	PTCH1	9
MGA	NUTM1	9
CREB3L1	EWSR1	9
AGAP3	BRAF	9
EGFR	SEPTIN14	9
EWSR1	TFCP2	9
FUS	TFCP2	9
CHCHD7	PLAG1	9
FGFR1	PLAG1	9
FGFR1	FN1	9
HMGA2	NCOR2	9
PAX8	PPARG	9
ALK	TIMP3	9
MFSD14A	SLC35A3	9
ARL17B	KANSL1	9
HSP90AB1	SLC29A1	9
ERC1	RET	9
BCL6	IGL	9
ABR	YWHAE	9
FOXP1	IGH	9
EWSR1	FEV	9
NUP214	SET	9
CAPZA2	MET	9
PUS7	SRPK2	9
ETV6	MNX1	9
JAK2	PAX5	9
TERT	TRIO	8
MXD4	NUTM1	8
BCOR	ZC3H7B	8
HEY1	NCOA2	8
ACAD10	MAPKAPK5	8
NUTM2B	YWHAE	8
MYC	TRA	8
TCF7L2	VTI1A	8
EWSR1	NR4A3	8
CREM	FUS	8
ASPSCR1	TFE3	8
PRCC	TFE3	8
SFPQ	TFE3	8
COLQ	HACL1	8
CIC	LEUTX	8
BCR	JAK2	8
KMT2A	MAML2	8
MECOM	RUNX1	8
ALK	TFG	8
ALK	KIF5B	8
ALK	FN1	8
NTRK2	SQSTM1	8
KAT6A	NCOA2	8
IGK	MYC	8
RET	TRIM33	8
AGGF1	RAF1	8
NF1	RAB11FIP4	8
BCOR	EP300	8
FGFR2	TACC2	8
RNF213	SLC26A11	8
GRIK2	TRMT11	8
CCNH	MACIR	8
MECOM	RPN1	8
MRTFA	RBM15	8
EBF1	PDGFRB	8
CIC	DUX4	7
BRD3	NUTM1	7
EWSR1	POU5F1	7
NIPBL	SPEF2	7
AP1B1	GRK3	7
EPB41L1	PHF20	7
ARHGEF2	GON4L	7
SLC16A14	TRIP12	7
SCNN1A	TNFRSF1A	7
AFF2	DEK	7
LSM1	NSD3	7
DLG1	PAK2	7
MSL2	STAG1	7
BEND2	MN1	7
CREB3L2	FUS	7
CHIC2	ETV6	7
PRDM16	RUNX1	7
FOSB	SERPINE1	7
CEP43	FGFR1	7
IGH	NSD2	7
DVL2	TFE3	7
EWSR1	PBX3	7
PRKAA1	TTC33	7
ABRAXAS1	HELQ	7
CTSC	RAB38	7
PBX1	TCF3	7
MYB	QKI	7
PLAG1	TRPS1	7
KMT2A	KNL1	7
ROS1	TFG	7
MET	RBPMS	7
NTRK3	SQSTM1	7
RAF1	TRAK1	7
GOLGA4	RAF1	7
DDIT3	FUS	7
DDIT3	EWSR1	7
HMGA2	NFIB	7
ALK	SEC31A	7
BCR	NTRK2	7
BCL2	IGK	7
NTRK3	RBPMS	7
CCDC170	ESR1	7
MET	ST7	7
EP300	ZNF384	7
TAF15	ZNF384	7
BRAF	MACF1	7
FER	MAN2A1	7
MYBL1	NFIB	7
RNF216	TNRC18	7
BCAS3	VMP1	7
CDK12	FBXL20	7
RARA	ZBTB16	7
NUP98	PHF23	7
KMT2A	SEPTIN5	7
CBL	KMT2A	7
PAX5	ZCCHC7	7
BRAF	NRF1	6
CCND3	TRERF1	6
NECTIN4	PFDN2	6
DAPK2	HERC1	6
CTTN	ERBB2	6
IGH	TRA	6
PTK2	TRAPPC9	6
PEMT	RAI1	6
ATF7	ATP5MC2	6
GNB1	NADK	6
CTPS1	NFYC	6
ATP5MG	KMT2A	6
ROS1	SDC4	6
ROS1	TPM3	6
C16ORF96	MGRN1	6
GPHN	RAD51B	6
MRTFB	RREB1	6
PHF1	TFE3	6
NTRK2	SPECC1L	6
HAS2	PLAG1	6
ALK	PPP1CB	6
EWSR1	PBX1	6
PDGFRA	USP8	6
FOXO1	PAX3	6
EEF1AKMT2	FAM53B	6
NBPF10	NOTCH2NLA	6
MYO5A	NTRK3	6
ETV6	FLT3	6
IGL	MYC	6
CAPZB	TMCO4	6
CBFA2T3	IGH	6
EWSR1	PLAGL1	6
TBL1XR1	TP63	6
DUSP22	IRF4	6
NEMF	SOS2	6
KMT2E	LHFPL3	6
RNF13	TM4SF4	6
DEFB123	TPX2	6
DNAJB1	PRKACA	6
HMGA2	LPP	6
ALK	TPM4	6
ALK	CARS1	6
FGFR2	SHTN1	6
ETV6	MECOM	6
HOXD13	NUP98	6
BCR	PDGFRA	6
RET	TRIM27	6
MTOR	TP53BP1	6
CCND1	TACSTD2	6
BPTF	NUP98	6
MBTD1	ZMYND11	6
CEP85L	ROS1	6
NOTCH1	SEC16A	6
NKAIN1	PUM1	6
ANK3	CCDC6	6
REPS2	TXLNG	6
KDM5A	NINJ2	6
MED15	TFE3	6
DAP	SNX9	6
ADI1	KHDRBS3	6
ITPKB	ZC3HAV1	6
RPRD2	SHC1	6
LRTOMT	UVRAG	6
RARA	STAT5B	6
ABI1	KMT2A	6
FLNA	KMT2A	6
GATA1	MYB	6
DDX3X	MLLT10	6
ABL2	RCSD1	6
RELA	SRF	5
GREB1	NCOA2	5
NCOA2	VGLL2	5
POU5F1	SS18	5
SMG6	VPS53	5
GRK4	HTT	5
LIMCH1	UCHL1	5
ACAP2	XXYLT1	5
BCO1	CMIP	5
MARK2	SPINDOC	5
BAD	MACROD1	5
AKIRIN1	MACF1	5
BRD4	NOTCH3	5
TUBD1	VMP1	5
ASCC1	MICU1	5
PIWIL2	PPP3CC	5
NRP2	PARD3B	5
TMED10	TTLL5	5
SMYD3	TFB2M	5
GLIS2	PHF21A	5
PDLIM1	SORBS1	5
EGFL6	RAB9A	5
FGFR1	NSD3	5
CCAR2	FGFR2	5
CNBD2	EPB41L1	5
NOTCH2	SEC22B	5
PKN1	TECR	5
TANGO6	WWP2	5
PPFIA1	TESMIN	5
CDK6	IGK	5
NCOA2	TEAD1	5
BRAF	CUX1	5
ABL1	GAB1	5
MYH9	USP6	5
GOLGA5	RET	5
CREB3L2	EWSR1	5
ACTN4	KMT2A	5
PDGFRB	TNIP1	5
RBM10	TFE3	5
BEND2	NIPBL	5
NTRK3	SPECC1L	5
MEAF6	PHF1	5
ADSL	SGSM3	5
CLSTN1	CTNNBIP1	5
ELK4	SLC45A3	5
MYB	PCDHGA1	5
RELA	ZFTA	5
CCDC88C	PDGFRB	5
CCDC6	PDGFRB	5
GATA2	MECOM	5
IGH	IRF4	5
CTBP1	MAEA	5
MEIS1	NCOA1	5
MAML3	PAX3	5
NCOA1	PAX3	5
AKAP9	BRAF	5
CRTC1	TRIM11	5
BCL6	H4C9	5
BCL6	RHOH	5
SWAP70	ZNF143	5
KANK1	NTRK3	5
NARS2	PAK1	5
NACC1	NIPBL	5
COL6A3	CSF1	5
BCOR	L3MBTL2	5
KANSL1	KAT6B	5
ARHGAP26	KMT2A	5
ALK	THBS1	5
ALK	PPFIBP1	5
RET	SPECC1L	5
KIAA1217	RET	5
ETV1	EWSR1	5
FEV	FUS	5
BRD4	LEUTX	5
EGFR	SEC61G	5
AHI1	MYB	5
ABL1	ZMIZ1	5
EP300	KMT2A	5
HOXC11	NUP98	5
NCALD	PLAG1	5
MET	PTPRZ1	5
RET	TRIM24	5
RELCH	RET	5
NTRK1	PLEKHA6	5
CRLF2	P2RY8	5
ETV6	NCOA2	5
ALK	SPECC1L	5
ETV6	JAK2	5
CHD7	TOX	5
COA1	HECW1	5
ALG14	CNN3	5
PTPRK	RSPO3	5
FRMD4B	UBA3	5
DNM3	SUCO	5
ABHD3	ESCO1	5
RPS6KB1	VMP1	5
FAM222B	MYO18A	5
MYO9A	PARP6	5
CDC16	UPF3A	5
BRAF	CUL1	5
BRAF	ZC3HAV1	5
BRAF	FAM114A2	5
AP3B1	BRAF	5
BRAF	KDM7A	5
DYRK1A	TTC3	5
ARHGEF18	INSR	5
DYM	MYO5B	5
DOCK9	STK24	5
ALDH2	MAPKAPK5	5
ANAPC5	KDM2B	5
FRYL	OCIAD2	5
PIK3CA	TBL1XR1	5
DCAF6	MPZL1	5
NRG1	SLC3A2	5
CDC37	TYK2	5
FGFR2	INA	5
NSD1	ZNF346	5
ANKRD12	PTPRM	5
ADK	KAT6B	5
AAMDC	TMEM135	5
HAUS6	PLIN2	5
CBFA2T2	CHMP4B	5
C8ORF34	MET	5
LAMA5	UBN1	5
NUP98	RARG	5
FOXO4	KMT2A	5
EP300	KAT6A	5
TNK1	ZBTB7A	5
CEBPE	IGH	5
EWSR1	SSX1	4
KANK1	NTRK2	4
CIC	NUTM2A	4
CAV1	MET	4
PPARG	SYN2	4
GATAD2A	NFIX	4
DNM2	ILF3	4
NCOR2	SCARB1	4
KDM2A	PACS1	4
ALK	PLB1	4
RNF128	TBC1D8B	4
CENPP	WNK2	4
CDKN2A	MGA	4
SPIDR	UBE2V2	4
MAST4	NLN	4
CASR	FAM162A	4
DOCK3	SMARCC1	4
IP6K1	MON1A	4
CEBPZ	EIF2AK2	4
ALK	TPM1	4
CNST	SCCPDH	4
ARHGEF2	ASH1L	4
CCNL2	MRPL20	4
FOXJ3	SVBP	4
TRIM28	ZBTB45	4
CDK12	IKZF3	4
PPP1R1B	STARD3	4
CIPC	LRRC74A	4
CLYBL	PCCA	4
DHRS12	RASL11A	4
TOP3A	ZCCHC8	4
SCYL2	UTP20	4
LIN7A	PPP1R12A	4
CCT2	CPM	4
PLEKHA7	SERGEF	4
MSMB	NCOA4	4
DPH7	ZMYND19	4
LAPTM4B	MATN2	4
PRKDC	SPIDR	4
PI4KB	SELENBP1	4
ERBB2	PGAP3	4
DLGAP5	WDHD1	4
DDX54	RASAL1	4
ANKLE2	POLE	4
PPP6R3	TOP6BL	4
MAPK1	NOTCH1	4
HEBP1	NCK1	4
COL16A1	CPSF6	4
CPT1A	SHANK2	4
OSGIN2	RIPK2	4
MTHFD1L	RNF216	4
MAX	RUNX2	4
LETM1	SLBP	4
BACH1	VPS26C	4
CSNK1D	SECTM1	4
BMAL1	TEAD1	4
LYN	TGS1	4
LRRC1	MLIP	4
PID1	TRIP12	4
NF1	RNF135	4
CLYBL	UBAC2	4
RSF1	TENM4	4
CDKN2A	FOCAD	4
NFX1	UBE2R2	4
ATAD2	NTAQ1	4
BAG4	FGFR1	4
NRG1	SDC4	4
CDK13	YAE1	4
IGF2BP3	PRKCA	4
ERGIC1	RANBP17	4
LRBA	SH3D19	4
ANK2	CAMK2D	4
SCD5	SEC31A	4
LPP	ST6GAL1	4
FXR1	MCCC1	4
FNDC3B	PHC3	4
CUL3	SPAG16	4
BIRC6	LTBP1	4
NFE2L2	ZC3H13	4
EIF3L	MICALL1	4
LYST	NID1	4
NEK7	RAB3GAP2	4
RALGPS2	RASAL2	4
KIF1B	UBE4B	4
YJU2B	ZSWIM4	4
HOOK2	TNPO2	4
DNM2	NFIX	4
ITGB4	SMIM6	4
CASC3	ERBB2	4
FBXL20	GSDMB	4
ERBB2	TCAP	4
PIGL	RABEP1	4
CFDP1	GLG1	4
CREBBP	TRAP1	4
AXIN1	LUC7L	4
TGM5	UBR1	4
SFSWAP	ULK1	4
LPCAT3	LRRC23	4
MRPS35	PPFIBP1	4
ARRB1	UVRAG	4
NCOA2	ZFP64	4
CHD7	VGLL3	4
PDZRN3	RAF1	4
FGFR2	FN1	4
NTRK3	STRN3	4
EWSR1	POU2AF3	4
BRAF	TMEM106B	4
BOC	PLAG1	4
ALK	CLIP1	4
NCOA1	ZFTA	4
CEP170	RAD51B	4
FUS	KLF17	4
EWSR1	VGLL1	4
MECOM	NRIP1	4
ACTB	FOSB	4
ITK	SYK	4
MAP4	RAF1	4
BMS1	PARG	4
BCORL1	CREBBP	4
EPC1	PHF1	4
RSRC2	ZCCHC8	4
GKAP1	KIF27	4
CRTC2	SLC39A1	4
CIRBP	FAM174C	4
TAL2	TRB	4
PAQR6	SMG5	4
JAZF1	SUZ12	4
NFATC3	PLA2G15	4
CTNNB1	USP6	4
GPR34	IGH	4
KIF5B	NTRK2	4
QKI	RAF1	4
ATG7	RAF1	4
ARHGEF2	NTRK1	4
NUTM2A	YWHAE	4
PLAG1	YWHAZ	4
EWSR1	KLF15	4
FLT3	ZMYM2	4
CNTRL	FGFR1	4
RUNX1	TCF12	4
ETV6	SYK	4
CREBBP	KAT6B	4
NR4A3	PGR	4
EYA2	NCOA3	4
PTBP1	RNF126	4
MED13	VMP1	4
FBRSL1	NOC4L	4
DDX6	FOXR1	4
CRTC3	MAML2	4
ETV3	NCOA2	4
EWSR1	YY1	4
HSDL2	TEX10	4
CABP7	NF2	4
ATF1	FUS	4
BRAF	KLHL7	4
ESR1	NCOA2	4
ALK	PLEKHH2	4
ACTG2	ALK	4
CLIP1	ROS1	4
COL3A1	PLAG1	4
ALK	MLPH	4
NTRK1	PRDX1	4
TLX1	TRD	4
FYN	TRAF3IP2	4
ACAP2	DLG1	4
BCL2	IGL	4
HEATR4	NUMB	4
CBFA2T3	NFIA	4
HMGA2	RAD51B	4
CSDE1	TRIM33	4
SLC2A8	ZNF79	4
DOCK8	JAK2	4
ARMC10	BRAF	4
BRAF	TAX1BP1	4
BRAF	HIBADH	4
CREB5	JAZF1	4
BRAF	CDC27	4
PDE3B	ZNF212	4
ARID1B	SASH1	4
FYN	REV3L	4
C6ORF62	MRS2	4
DOCK2	LMAN2	4
ARFIP1	TRIM2	4
ATG7	BRAF	4
GXYLT2	NEK3	4
SMYD3	ZMYM4	4
ACOT7	NPHP4	4
ACP5	GTF2F1	4
PITPNC1	PRKCA	4
FMN1	UBALD2	4
CLIP1	RSRC2	4
RASSF3	TBK1	4
AEBP2	ST8SIA1	4
CAPRIN2	R3HDM2	4
INPP5A	LRRC27	4
MED27	RAPGEF1	4
KIF9	SETD2	4
HMOX1	MCM5	4
BPTF	NOL11	4
ARHGAP26	CLDN18	4
NUTM1	YAP1	4
ETV6	RET	4
ATP1B1	PRKACB	4
MAP3K5	MAP7	4
HOXA11	NUP98	4
ALK	IGFBP5	4
ALK	GCC2	4
LONP1	SAFB2	4
BCL6	EIF4A2	4
BCL6	CIITA	4
CD44	IGH	4
PRKAR1A	RET	4
MN1	PATZ1	4
KMT2A	SEPTIN11	4
NUP98	PRRX1	4
NR4A3	TAF15	4
FGFR2	OFD1	4
RAF1	TMEM40	4
CDK12	ERBB2	4
BAZ1A	RAD51B	4
NRG1	PCM1	4
KIF13A	RET	4
RET	RUFY2	4
BCL11B	TLX3	4
SFPQ	ZFP36L2	4
TCF3	ZNF384	4
KMT2A	USP2	4
GLIS1	PAX8	4
BRAF	FAM131B	4
EEIG1	PTGES2	4
EXOC4	RAB4B	4
SMYD3	XRN1	4
NFASC	NTRK1	4
MDM2	PPM1H	4
OS9	TSPAN31	4
KIF5A	OS9	4
ADK	FAM149B1	4
MLLT3	PALM2	4
AFDN	SASH1	4
CEP135	POLR2B	4
KPNA6	TMEM39B	4
DNM2	PDE4A	4
OGFOD3	WDR45B	4
ALDH3A1	SLC47A2	4
MYBPC1	PXN	4
ATAD1	PAPSS2	4
ALK	TRAF1	4
IGF2BP3	THADA	4
EIF3E	RSPO2	4
EWSR1	MYB	4
PGM5	PIP5K1B	4
TPD52	ZNF704	4
PCMTD1	ST18	4
BAZ1B	BCL7B	4
BTBD3	CCDC126	4
METTL24	SLC22A16	4
CSNK1A1	PDE6A	4
SLC12A7	TERT	4
IP6K2	PRKAR2A	4
B4GALT5	SPATA2	4
NVL	SUSD4	4
KIF1B	PEX14	4
FGGY	HOOK1	4
DDA1	MYO9B	4
NF1	SUZ12	4
KLC1	MARK3	4
GALNT16	RAD51B	4
CAMKK2	KDM2B	4
GBF1	SUFU	4
ETV6	NTRK2	4
FKBP15	RET	4
CACNA2D3	IFT74	4
ALK	GTF2IRD1	4
B4GALNT3	WNK1	4
BAZ1B	MLXIPL	4
CDK13	POU6F2	4
RETREG1	TPPP	4
CP	WWTR1	4
CLTCL1	DGCR2	4
SDC4	TP53TG5	4
FAF1	SKI	4
GREB1L	MIB1	4
MBTD1	SPAG9	4
ERBB2	WIPF2	4
CDK12	MED1	4
AARS1	COG4	4
MAP4K5	NIN	4
ARHGAP5	NPAS3	4
INTS4	NARS2	4
ATL2	PRKD3	4
ARHGAP6	KDM6A	4
DSP	HDLBP	4
DARS1	THSD7B	4
PDE9A	TMPRSS2	4
OPN3	SLC39A11	4
ECSIT	RGL3	4
CTDSPL2	GOLM2	4
ATF7IP	TMPRSS2	4
PGAP6	YBX3	4
B4GALNT3	CCDC77	4
INTS4	PPFIA1	4
BATF2	EHD1	4
ARHGEF17	SHANK2	4
POLR3A	TTC6	4
ATP1B1	NRG1	4
ESR1	MTHFD1L	4
AKAP12	ESR1	4
PXK	RPP14	4
APPL1	SPATA12	4
R3HDM1	UBXN4	4
ACTG2	TET3	4
BRDT	MTF2	4
RHPN2	SLC7A10	4
CNGB1	KIFC3	4
PPP2R5C	RCOR1	4
DCAF5	RAD51B	4
FAM168A	UVRAG	4
FRMD8	SCYL1	4
CAMK1D	PROSER2	4
IFFO2	UBR4	4
DOCK6	NFIX	4
DNAH9	MAP2K4	4
FDFT1	NEIL2	4
ARID1B	TMEM242	4
CLTC	ROS1	4
DAZL	RFTN1	4
EPS15	NTRK1	4
AK7	PAPOLA	4
HOOK3	IKBKB	4
NFIX	RAD23A	4
ALYREF	NPLOC4	4
EEF2K	VWA3A	4
DOCK1	MGMT	4
CHD7	TCF7L2	4
CD2AP	SLC25A13	4
EMC3	RHOA	4
KMT2E	TUFT1	4
BSDC1	ZMYM4	4
NOTCH2	PTGFRN	4
DNAJA2	LPCAT2	4
H2AC6	LHFPL2	4
ASB3	CTPS1	4
BICC1	UBE2D1	4
CCDC6	FGFR2	4
NSD3	PSD3	4
CDH1	VPS50	4
CDH23	NSD1	4
ANKRD17	RPRD1B	4
LANCL2	TFDP2	4
SAMD12	USP37	4
LTBP1	ZDHHC2	4
PHTF2	RAB1A	4
BRWD1	DYRK1A	4
COG2	PCNX2	4
MFSD12	RPL36	4
CLTC	VMP1	4
MED13	TANC2	4
BCAS3	MED13	4
BCAS3	RAD51C	4
RARA	STAT3	4
CIAO2A	SNX1	4
BTBD7	UBR7	4
DIAPH3	TDRD3	4
ERC1	TOMM34	4
LARP4	RYR3	4
DGKH	MED13L	4
RAD51B	UVRAG	4
FOXO3	KMT2A	4
EWSR1	ZNF384	4
ABL2	ETV6	4
CPSF6	RARG	4
HMGB3	NUP98	4
NUP98	PRRX2	4
KAT6A	LEUTX	4
FLT3LG	RPS11	4
KMT2A	LASP1	4
HOXC13	NUP98	4
ERG	HNRNPH1	4
AFF4	KMT2A	4
CSF1R	TBL1XR1	4
CBFA2T2	RUNX1	4
CHD1	MTOR	4
CTDP1	SLC66A2	4
H2AX	WDR18	4
ACACA	KMT2A	4
CFAP68	SIK3	4
KMT2A	PICALM	4
DPM1	GRID1	4
KMT2A	NUP98	4
CRLF2	IGH	4
CBFA2T2	PAX5	4
FBRSL1	PAX5	4
ETV6	PAX5	4
HOXA10	TRB	4
CSF1R	SSBP2	4
DUX4	IGH	4
AFF3	KMT2A	4
ABL2	ZC3HAV1	4
HNRNPUL1	MEF2D	4
TAL1	TRD	4
BCL9	MEF2D	4
CREBBP	ZNF384	4
NCOA2	SRF	3
FOSB	WWTR1	3
FOSB	ZFP36	3
MAML2	PTBP1	3
FOS	VIM	3
FNBP4	MTCH2	3
BCOR	MAML3	3
RASAL2	RET	3
CIC	FOXO4	3
CITED2	VGLL2	3
EWSR1	ZNF444	3
MN1	TAF3	3
NUTM2E	YWHAE	3
AFF2	CHD4	3
FBXL7	TRIO	3
JADE2	UBE2B	3
NAIP	OCLN	3
HM13	TPX2	3
SERINC2	ZCCHC17	3
INPP5B	SF3A3	3
CREBBP	SLX4	3
KIF27	UBQLN1	3
LINGO2	MTAP	3
DECR1	OSGIN2	3
KCNU1	RAB11FIP1	3
MYO9B	VPS13B	3
GGNBP2	ZMAT4	3
DENND2A	MKRN1	3
CD36	SEMA3C	3
INTS1	PRKAR1B	3
AHR	TSPAN13	3
ANLN	POU6F2	3
COBL	SEPTIN14	3
IGF2	TMEM184A	3
MAP3K5	PERP	3
BCKDHB	TTK	3
DCDC2	MRS2	3
CDKAL1	JARID2	3
SH3PXD2B	UBTD2	3
ACSL6	FNIP1	3
AMACR	SLC45A2	3
GALNT7	SAP30	3
HTRA3	TBC1D14	3
ABCC5	PARL	3
MLF1	RSRC1	3
TMEM40	VGLL4	3
IQSEC1	RAF1	3
MARCHF7	TANC1	3
COBLL1	SCN3A	3
RAB1A	SPRED2	3
DGUOK	STAMBP	3
EIF3L	TRIOBP	3
ASCC2	ZMAT5	3
ATP9A	EPB41L1	3
REM1	TPX2	3
AHCY	ITCH	3
KIF16B	RRBP1	3
NDUFS5	SHPRH	3
RAB4A	SNRPB	3
FECH	NCMAP	3
GNPAT	TRIM67	3
BPNT1	RAB3GAP2	3
NSL1	PTPN14	3
CEP350	TOR1AIP1	3
PRCC	RHBG	3
NTRK1	ZBTB7B	3
ARID1A	ZDHHC18	3
ACOT7	DNAJC11	3
ADGRB2	SNRNP40	3
PUM1	SDC3	3
HCST	WDR62	3
IGSF23	NECTIN2	3
MAN2B1	RTBDN	3
MYO15B	SAP30BP	3
ACOX1	SRP68	3
CA4	COIL	3
GDPD1	SMG8	3
MIEN1	SLFN11	3
PIGS	SPAG5	3
EPN2	KCNJ12	3
NUDT7	WWOX	3
VAC14	WWOX	3
ADCY9	CREBBP	3
LIPC	RFX7	3
TMEM62	TUBGCP4	3
HSP90AA1	MOK	3
BAG5	MARK3	3
BCL11B	MIPOL1	3
RAD51B	SMOC1	3
GPHN	PALS1	3
STK24	TMTC4	3
KPNA3	SPRYD7	3
ORAI1	TMEM120B	3
ANKS1B	POLE	3
POLD3	RNF169	3
PPFIA1	SHANK2	3
CALCB	INSC	3
PRRG4	QSER1	3
HK1	TSPAN15	3
FAM13C	ZNF365	3
ANK3	RHOBTB1	3
MTCP1	TRA	3
NF1	RHOT1	3
ACVR2A	FN1	3
NPM1	TYK2	3
NCALD	UBR5	3
FARS2	LYRM4	3
GABRP	KCNIP1	3
FAM13C	S100P	3
FXR1	NAALADL2	3
OSBPL11	ZNF148	3
TWF2	WDR82	3
FASTKD1	LRP2	3
FAM178B	LMAN2L	3
DEPDC5	SFI1	3
RCAN1	RUNX1	3
CYYR1	USP25	3
DEFB118	TPX2	3
RALY	SLC24A3	3
SCMH1	SDCBP2	3
PMF1	RAB25	3
DNAJC16	SPEN	3
GRHL3	NIPAL3	3
EPHA2	FBXO42	3
GPI	UBA2	3
AP2A1	VRK3	3
NHERF1	RAB37	3
CAVIN1	STAT3	3
C16ORF74	EMC8	3
CIITA	SNX29	3
CLEC16A	RMI2	3
CLEC16A	LITAF	3
FANCM	PRPF39	3
CBX5	NFE2	3
BIRC2	TMEM123	3
RHOD	SIPA1	3
FRMD8	SIPA1	3
LHPP	ZRANB1	3
SEC23B	ZCCHC7	3
OXR1	VPS13B	3
GNA12	PHC3	3
NCK1	STAG1	3
GPD2	NR4A2	3
ADK	SUFU	3
ETV1	TMPRSS2	3
COQ8B	NUMBL	3
IRF2BP2	RUNX2	3
DOLPP1	TSC1	3
MAMDC2	MRPS28	3
EXT1	SAMD12	3
CUX1	THSD7A	3
ABCB4	ABCC4	3
PHACTR2	PLAGL1	3
SGK1	SLC2A12	3
DHX15	RBPJ	3
NSD2	PIBF1	3
NCEH1	SPATA16	3
FILIP1L	IMPG2	3
IP6K1	TRAIP	3
IL20RB	NR4A1	3
LYPD1	NCKAP5	3
RBKS	SUPT7L	3
PARD6G	RFTN2	3
CBX7	VPREB1	3
BCL2L13	HIRA	3
BCR	UPB1	3
DEFB118	ITCH	3
SMYD3	ZNF695	3
CATSPERE	DESI2	3
LEMD1	NUAK2	3
DNAJC11	NOL9	3
YIPF1	YTHDF2	3
NOTCH2	SPAG17	3
IFNL1	TSHZ3	3
FHOD3	MOCOS	3
OSBPL1A	RIOK3	3
CBFB	CES4A	3
GALK2	TERB2	3
PCNX1	RAD51B	3
OAF	SLC26A11	3
CERS3	LTBP3	3
CEP126	PANX1	3
CNTN5	SART1	3
HRAS	RNH1	3
EGFR	VOPP1	3
CDKN2A	MTAP	3
GJC3	SMURF1	3
RNF130	TBC1D9B	3
EHBP1	MDH1	3
MYH9	RBFOX2	3
RIOK3	TMEM241	3
LAMA3	TTC39C	3
CCDC57	DUS1L	3
CCR7	TNS4	3
ERBB2	JUP	3
PMFBP1	ZFHX3	3
IQCH	MAP2K5	3
MSI1	PXN	3
EML3	INTS5	3
SWAP70	WEE1	3
CD44	TRIM44	3
CFAP43	COL17A1	3
SH3PXD2A	STN1	3
HELLS	TBC1D12	3
DOCK11	IL13RA1	3
EXD3	PNPLA7	3
PLAA	RUSC2	3
ACO1	NFX1	3
DMRT2	ZMYM2	3
PYCR3	ZC3H3	3
AGO2	PTK2	3
SPAG1	STK3	3
SLC20A2	ZMAT4	3
ADAM9	RNF170	3
AGAP3	RELN	3
BRAF	TMEM178B	3
DNAJC2	SLC26A5	3
CUX1	SH2B2	3
AKAP9	CDK14	3
RALA	SUGCT	3
EGFR	VSTM2A	3
ERICH1	IYD	3
MAP3K5	NKAIN2	3
AFG1L	LATS1	3
C6ORF62	RIPOR2	3
MED20	TLL2	3
PDE4D	RAB3C	3
CCDC127	SDHA	3
BCAS3	LIFR	3
CCSER1	MMRN1	3
ART3	NUP54	3
TMPRSS11D	UBA6	3
FAM193A	TNIP2	3
LIAS	UBE2K	3
PAK2	SENP5	3
OPA1	PPP2R3A	3
ECE2	PAK2	3
ECE2	PSMD2	3
ABCC5	NAALADL2	3
BFSP2	PIK3CB	3
ATP2C1	COL6A6	3
PDIA5	SLC49A4	3
CMSS1	TMEM45A	3
CTDSPL	ITGA9	3
CMTM7	GPD1L	3
CDC25A	SPINK8	3
BCAS1	SLC12A8	3
MLLT3	NBEAL1	3
ACVR2A	CASP8	3
GPR39	MGAT5	3
IL1RN	PSD4	3
KCNIP3	NCAPH	3
ADAM17	YWHAQ	3
PUM2	WDR35	3
BABAM2	FOSL2	3
CAPN13	GALNT14	3
BIRC6	TTC27	3
MITD1	RTN4	3
ACTR2	TSGA10	3
PHLPP1	WDR12	3
ANKFN1	GPC1	3
BMPR2	SLCO3A1	3
ASXL2	MINPP1	3
EP300	TTC28	3
EWSR1	ZNRF3	3
MYH9	TXN2	3
EIF3D	MYH9	3
MED15	PI4KA	3
KLHL22	ZNF74	3
ABCG1	MEI1	3
ABCG1	CCDC134	3
GART	TMEM50B	3
HM13	TM9SF4	3
ARPC5	DSTN	3
DPYD	UNK	3
CCP110	GOLPH3L	3
KIFAP3	SCYL3	3
EFNA4	FLAD1	3
HORMAD1	OTUD7B	3
CTSS	OTUD7B	3
ACAP3	DVL1	3
KDM4A	PTCH2	3
SYMPK	ZNF573	3
C19ORF47	MAP3K10	3
DNASE2	TNPO2	3
CREB3L3	SIRT6	3
CD226	SMAD2	3
CTIF	MOCOS	3
ABHD3	ROCK1	3
LAMA3	RMC1	3
ESCO1	LAMA3	3
METTL4	TMX3	3
CDC42EP4	VCF1	3
NUP85	TMEM94	3
ARMC7	JPT1	3
PRKCA	TANC2	3
PSMD3	THRA	3
SLC35B1	SPOP	3
FBXL20	ORMDL3	3
GRB7	PGAP3	3
FBXL20	GRB7	3
NF1	TAOK1	3
ALKBH5	BLTP2	3
ARL16	PHAF1	3
APRT	PIEZO1	3
NFATC3	SLC7A6	3
MOSMO	POLR3E	3
HERC1	USP3	3
MGA	SPTBN5	3
DISP2	PHGR1	3
RBM25	VRTN	3
DCAF5	ERH	3
CHD8	TOX4	3
GPALPP1	GTF2F2	3
ELF1	FOXO1	3
ANKS1B	BLTP3B	3
CRADD	PLXNC1	3
CERS5	LIMA1	3
ALG8	NARS2	3
PPP6R3	RNF121	3
GDPD5	MRPL48	3
FAM168A	MRPL21	3
KDM2A	RHOD	3
ANO1	CTTN	3
CLCF1	PPP1CA	3
PIK3C2A	PLEKHA7	3
PIK3AP1	TM9SF3	3
ARL5B	NSUN6	3
IGH	RHOH	3
FOXO1	MEIS1	3
NCOA3	ZFP64	3
ALK	FMR1	3
CREM	SMARCA2	3
EBF2	FGFR1	3
MAZ	NCOA2	3
MAML1	NR1D1	3
ERC1	PDGFRB	3
NTRK3	TFG	3
NCOA2	PAX3	3
ALK	DES	3
ALK	PRKAR1A	3
MYH10	RET	3
JAZF1	PHF1	3
LTK	MYH9	3
RAD51B	ZFYVE26	3
CREB3L3	EWSR1	3
HTRA1	SH3PXD2A	3
DSCAM	RUNX1	3
EGFL7	FOSB	3
IGH	MAF	3
CD28	ICOS	3
CD28	CTLA4	3
TFE3	VCP	3
NTRK3	VPS18	3
FZR1	NCLN	3
EPC1	SUZ12	3
COL15A1	CTDSP2	3
ETV1	PTPRZ1	3
CPVL	GDI2	3
MAML2	MYB	3
KDM5B	LIN9	3
DIP2B	RTTN	3
GET1	SH3BGR	3
PLEKHO1	VPS45	3
MED22	SURF6	3
HARS2	ZMAT2	3
CLUAP1	NAA60	3
CHMP1A	ZC3HAV1L	3
SPARC	USP6	3
BEND2	MAMLD1	3
PRKCA	SLC44A1	3
BRAF	PRKAR2B	3
FOXR1	PAFAH1B2	3
CAMTA1	WWTR1	3
CDX1	IRF2BP2	3
EWSR1	KLF17	3
PCM1	PDGFRB	3
PDGFRB	PRKG2	3
FGFR1	TPR	3
HOXA13	NUP98	3
NUDT3	RAD51B	3
NUTM1	ZNF532	3
B4GALT1	BAG1	3
PIM3	SCO2	3
OAZ1	TCF3	3
OAZ1	RNF126	3
DAZAP1	OAZ1	3
CSNK1G2	OAZ1	3
GNG7	LMNB2	3
B2M	IGH	3
FGD5	NR2C2	3
BAP1	PBRM1	3
MICA	NCR3	3
CTNNB1	GREB1	3
CTBP1	EWSR1	3
ERLIN2	FGFR1	3
ALK	HMBOX1	3
CRTC1	NCOA2	3
AGTPBP1	DAPK1	3
ESR1	SYNE1	3
ADGRF1	TRERF1	3
NCOA3	PTPRT	3
ATP11A	MCF2L	3
HMGA2	PCBP2	3
B4GALNT1	TSFM	3
ACER3	UVRAG	3
LRMDA	VCL	3
DDIT3	GLI1	3
MET	ZKSCAN1	3
MET	TRIM4	3
BRAF	MAD1L1	3
ROS1	ZCCHC8	3
ACTG1	MITF	3
CREM	MITF	3
ATF1	MED15	3
NSMAF	TOX	3
MND1	TMEM131L	3
CADPS	FHIT	3
ASH1L	ZNF687	3
ELOVL1	MED8	3
VAT1L	WWOX	3
ETFRF1	IRAG2	3
CCND1	IGL	3
FOXO1	PLAGL1	3
C2CD3	KMT2A	3
PRKAR2A	RAF1	3
MAPKAP1	SPTAN1	3
MAMDC2	MVB12B	3
PTBP3	SVEP1	3
SHANK2	UBAC1	3
ACER3	RECK	3
LRP12	RALGPS1	3
PXDNL	USP8	3
ELP3	RIMKLB	3
FAM168A	PXDNL	3
AKR1B10	CALD1	3
BRAF	GTF2I	3
CLIP2	GTF2I	3
BRAF	EEA1	3
AHI1	RNGTT	3
F13A1	PRPF4B	3
DST	MLIP	3
DUSP22	HDHD5	3
ANKHD1	CYSTM1	3
CERT1	ELOVL7	3
ARL15	ERBIN	3
ENPP6	IRF2	3
INPP4B	SH3D19	3
CHIC2	SIPA1L3	3
FNDC3B	NLGN1	3
GOLIM4	MECOM	3
LRCH3	RAF1	3
IL17RC	TTLL3	3
PTPRG	SYNPR	3
NAALADL2	VPS13C	3
HDAC4	PDE11A	3
DYM	GPATCH11	3
PLA2G6	TMEM184B	3
BRD1	GRAP2	3
MRTFA	RBFOX2	3
DGCR2	GNB1L	3
IFNAR1	RUNX1	3
MAPRE1	POFUT1	3
PCSK2	SNX5	3
PHGDH	ZDHHC21	3
CALD1	SLC41A1	3
CLCN6	RAF1	3
AKT3	CEP170	3
CD55	CENPL	3
HHIPL2	POGZ	3
NANOS3	ZNF57	3
XAB2	ZNF136	3
SLC39A11	VCF1	3
NPLOC4	SLC38A10	3
CA10	RNF157	3
APPBP2	CA10	3
NUFIP2	SMARCD2	3
CRLF3	FAM222B	3
USP10	ZDHHC7	3
ATP2C2	USP10	3
ANKRD11	CPNE7	3
IL4R	NSMCE1	3
FMN1	KANSL1	3
CRTC3	IQGAP1	3
MEF2A	SKIC8	3
ADAMTS17	AKAP13	3
SEC11A	VPS33B	3
PDE8A	SLCO3A1	3
SCAPER	TSPAN3	3
GOLGA5	RIN3	3
DIAPH3	IREB2	3
ATG101	CSRNP2	3
CPNE8	FMNL3	3
IQSEC3	KDM5A	3
BICD1	DNM1L	3
SBF1	TENM4	3
GRAP2	SLC3A2	3
FGF7	GAB2	3
DLG2	PRCP	3
KCTD21	RSF1	3
PPFIA1	TSKU	3
CTTN	PPP6R3	3
PSMA1	SERGEF	3
SSH2	VSIR	3
GRK5	INPP5F	3
ENO4	PDZD8	3
SVIL	TAF3	3
CANT1	ETV4	3
AKAP13	NTRK3	3
RFC1	SMIM14	3
FGFR2	KLK2	3
DNAJA1	NFX1	3
RMND1	SYNE1	3
B4GALT7	NSD1	3
MAP3K13	SENP2	3
BIRC6	SLC30A6	3
NVL	WDR26	3
LRRC41	PIK3R3	3
RHOT1	ZNF207	3
TRAF3	WDR20	3
KDM2A	RAD9A	3
CELF1	FNBP4	3
ARHGAP6	CLDN18	3
PLAG1	TGFBR3	3
NFATC2	NUTM2B	3
GGT1	IGSF3	3
NPEPPS	TBC1D3	3
PDCD6	TERT	3
EML4	PKDCC	3
CC2D1A	ZSWIM4	3
EEF1A1	PLAG1	3
PLAG1	RAB2A	3
FIP1L1	RARA	3
ALK	MSN	3
ALK	RRBP1	3
ETV6	LYN	3
NACC2	NTRK2	3
GKAP1	NTRK2	3
MMP16	MYBL1	3
NTRK2	QKI	3
LRIG3	ROS1	3
BCAN	NTRK1	3
ARHGEF11	NTRK1	3
MELTF	TNK2	3
MAP4K3	SOS1	3
PREX1	STAU1	3
ACOT7	ICMT	3
EIF2B3	SCMH1	3
MPRIP	NTRK1	3
CIT	FGFR2	3
FGFR2	VCL	3
BCL6	LCP1	3
FNDC3B	PIK3CA	3
MED12	PRDM10	3
NCOA1	PRRX1	3
NTRK2	STRN	3
ETV4	EWSR1	3
FLI1	FUS	3
BCOR	CREBBP	3
BRD8	PHF1	3
ETV6	IGH	3
MAST2	NASP	3
KDM4B	UHRF1	3
RAB21	TBC1D15	3
+COL1A1	PDGFB	3
MLLT3	PAX5	3
AFF4	KDM2B	3
MYC	NDRG1	3
RET	TNIP1	3
RET	TPR	3
ERBB2	STARD3	3
DEUP1	TMEM135	3
RET	SNRNP70	3
CASP7	FGFR2	3
CPD	ERBB2	3
KMT2A	NEBL	3
LAMTOR1	PRKCD	3
GEM	PLAG1	3
AK1	ENG	3
ERP44	MRPL50	3
GLIPR2	NUDT2	3
ARHGDIG	ASTN2	3
DENND3	PTK2	3
NTRK2	TRIM24	3
EGFR	ERP44	3
MET	TRIM24	3
EIF4H	GTF2I	3
CREB5	KCNH2	3
HIBADH	SUGCT	3
LANCL2	VOPP1	3
CPT1C	JAZF1	3
RALA	ZNF610	3
EGFR	PPM1H	3
EGFR	GNS	3
CEP85L	SYTL3	3
EYS	PHF3	3
LPAR1	NAA15	3
PDGFRA	TMEM165	3
DBNDD1	NAT8L	3
RPL39L	UBXN7	3
ARIH2	CAMP	3
KASH5	NLGN1	3
ARPC2	TXNDC15	3
GIGYF2	NGEF	3
ARID1A	RNF31	3
NFIA	RNLS	3
LYST	RPS6KC1	3
NUCKS1	PM20D1	3
NFASC	SOX13	3
NFASC	PRELP	3
ATP2B4	NFASC	3
CAMTA1	PGD	3
MTF1	SF3A3	3
NEGR1	ZRANB2	3
CXCL17	ZNF550	3
AP2A1	ZNF544	3
SCAF1	TRAPPC6A	3
BCAT2	FCGRT	3
FKBP8	SLC1A6	3
GSDMA	THRA	3
CHMP1A	ZC3H18	3
PRR35	RAB40C	3
ADCY9	GLYR1	3
CLEC16A	TXNDC11	3
GET3	WDR20	3
LITAF	RBMS2	3
SLC35E3	YEATS4	3
ATP23	YEATS4	3
PPM1H	TBC1D30	3
INHBE	TSFM	3
PIP4K2C	R3HDM2	3
HOXC10	PYM1	3
CPM	PDZRN4	3
PATL1	TECTA	3
FANK1	LHPP	3
HDAC8	PHKA1	3
CCDC178	MTERF3	3
ASZ1	WNT2	3
PACRG	QKI	3
AFAP1	NTRK2	3
ALPK1	ANK2	3
CLOCK	NMU	3
ARMC8	CLDN18	3
DHX30	MAP4	3
CENPO	UBXN2A	3
EP300	TNRC6B	3
BCAS3	RNFT1	3
GGA2	PRKCB	3
ADCK1	NRXN3	3
ARL3	WBP1L	3
AHRR	NCOA2	3
CDH11	USP6	3
ALK	MYH9	3
FOXO1	PAX7	3
ERG	GRHL2	3
ALK	KLC1	3
DLG3	UNC5D	3
ARID3A	SHROOM4	3
ODF2	SLC27A4	3
BSPRY	RGS3	3
NFX1	SPINK4	3
SLC45A4	TRAPPC9	3
PPP1R16A	SLC52A2	3
CHD7	RAB2A	3
KMT2C	RBM28	3
GTF2I	GTF2IRD1	3
NCOA7	TRMT11	3
DDX46	SEC24A	3
ANXA3	BMP2K	3
FIP1L1	POLR2B	3
MECOM	SLC7A14	3
LRRC34	MECOM	3
POC1A	TWF2	3
MAP3K13	P2RX5	3
KIF1A	MAB21L4	3
ARPC2	CNOT9	3
BAZ2B	ITGB6	3
CFAP221	PTPN4	3
CSNK1E	DMC1	3
GON4L	RIT1	3
CASZ1	MTOR	3
CELSR2	SARS1	3
AKT2	YIF1B	3
DLGAP1	LPIN2	3
OGFOD3	SLC38A10	3
TMC5	VPS35L	3
GEMIN2	MIA2	3
CS	SMARCC2	3
PPFIBP1	SMCO2	3
MMP27	TMEM123	3
C2CD3	FAM168A	3
DNAJA3	ZDHHC16	3
AP2A2	VPS26A	3
ATE1	NSMCE4A	3
CFAP70	P4HA1	3
ITCH	RALY	3
RET	TBL1XR1	3
TG	THADA	3
THADA	TRA2A	3
NFE2L2	PAX8	3
ALK	PPP1R21	3
NTRK1	SSBP2	3
NTRK1	TFG	3
GAS8	WDR59	3
CLSTN3	PEX5	3
ACBD5	RET	3
ELP1	EPB41L4B	3
FAM120A	WNK2	3
GLIS3	PLGRKT	3
NIPAL2	STK3	3
NIPAL2	RGS22	3
CHN2	TAX1BP1	3
PGC	TFEB	3
GABRP	RANBP17	3
FAM169A	HEXB	3
NIPBL	WDR70	3
KIAA0232	TBC1D14	3
RNF168	SMCO1	3
KNG1	ST6GAL1	3
GPR160	PRKCI	3
ITGB5	ZNF148	3
EPCAM	MSH2	3
ELMOD3	USP39	3
ADNP	KCNG1	3
CDH1	ZZZ3	3
DSTYK	NUCKS1	3
PBX1	UCK2	3
ARID1A	RPS6KA1	3
ACOT7	PLEKHG5	3
ANKRD29	ROCK1	3
GNA13	TOM1	3
RAB40B	WDR45B	3
ABCC3	LUC7L3	3
CDK12	GRB7	3
AATF	CPD	3
ANKRD11	FANCA	3
CHMP1A	FANCA	3
NFAT5	WWP2	3
DRC7	MMP15	3
GSPT1	TXNDC11	3
CCNB2	RNF111	3
CCDC88C	PPP4R3A	3
HS6ST3	MBNL2	3
FBXL3	MYCBP2	3
FOXO1	WDFY2	3
CDK8	GTF2F2	3
CRADD	MRPL42	3
BEST3	RAB3IP	3
CNOT2	NUP107	3
FADD	PPFIA1	3
MARK2	RTN3	3
CD44	SLC1A2	3
ARHGAP1	CKAP5	3
GDI2	IL2RA	3
ARID1A	PRKD1	3
KTN1	PRKD1	3
PRKD1	STRN3	3
CTNNAL1	EPB41L4B	3
PARP4	ZNF618	3
FAM110B	PREX2	3
ERG	NDRG1	3
KMT2C	PRKAG2	3
ORC5	RELN	3
RBM28	SEMA3D	3
ETV1	KLK2	3
FLYWCH2	SLC37A3	3
ASCC3	FAXC	3
APC	KIAA0825	3
C16ORF46	RBPJ	3
PAK2	PIGX	3
GSK3B	LSAMP	3
SMARCC1	SPINK8	3
ACP3	SAFB2	3
CDYL2	VEPH1	3
FOXP1	UGGT1	3
TMEFF2	TMPRSS2	3
ACSL3	SGPP2	3
SLC38A11	TTC21B	3
AAK1	KCMF1	3
GGCX	KCMF1	3
ITCH	PIGU	3
MACROD2	TASP1	3
KAT14	SEC23B	3
SLC25A44	ZNF395	3
OOEP	RERE	3
SERINC5	TTC39A	3
OSBPL9	SERINC5	3
ERG	SLC45A3	3
HHAT	KIF5B	3
ATF6	VCL	3
EIF4G3	METTL13	3
JAK1	PDE4B	3
ADGRL2	AK5	3
SLC44A2	SMARCA4	3
AKAP8L	BRD4	3
ETV4	TMPRSS2	3
CCDC57	RAB40B	3
KIAA0753	TP53	3
KIF1C	NDEL1	3
TCF12	TTC23	3
ARG2	TXNDC16	3
MIPOL1	TTC6	3
ALG5	PIGU	3
PRCP	RAB30	3
KDM2A	TOP6BL	3
MICAL2	TEAD1	3
DENND5A	SCUBE2	3
CTBP2	EEF1AKMT2	3
LIPJ	MINPP1	3
NRP1	PTEN	3
ADK	KCNMA1	3
APP	NRG1	3
IFNGR2	NUDCD3	3
CDYL	PRPF4B	3
ANKMY1	GPR35	3
GOLPH3L	HORMAD1	3
ARID1A	WDTC1	3
IKZF3	PNMT	3
BCAT1	C2CD5	3
ATP7A	COX7B	3
AK8	DDX31	3
SUSD3	WNK2	3
PPP2R2A	ZDHHC2	3
NUDCD1	VWA8	3
DNAJB6	UBE3C	3
KBTBD2	NT5C3A	3
ANKRD11	KLHL32	3
COL23A1	FAM193B	3
FNIP1	MEIKIN	3
CTNNA1	KDM3B	3
MAPK9	UBL7	3
DOCK2	NUBPL	3
CLGN	MAML3	3
ANKUB1	EIF2A	3
SMARCC1	UQCRC1	3
NICN1	RHOA	3
ARHGEF3	ERC2	3
BAZ2B	PLA2R1	3
SLC9A2	TMEM182	3
PLB1	PPP1CB	3
C2ORF78	TET3	3
TBC1D22A	TRMU	3
CTNNBL1	RPRD1B	3
HCK	POFUT1	3
COMMD7	NOL4L	3
CSMD2	FYB1	3
CTTNBP2NL	SUCLA2	3
PIAS3	REN	3
GATAD2B	NUP210L	3
ACAP3	UBE2J2	3
EPHA2	NECAP2	3
PUM1	YARS1	3
MFSD2A	RLF	3
NDC1	YIPF1	3
HS2ST1	SH3GLB1	3
CD101	MAN1A2	3
GRIN2D	RHPN2	3
PPP1R37	RHPN2	3
PAFAH1B3	PPP1R37	3
NUDT19	SLC7A9	3
URI1	XRCC1	3
ETHE1	ZNF791	3
CD177	ZNF709	3
DAND5	ZNF20	3
C19ORF38	CARM1	3
CABLES1	TTC39C	3
CDR2L	HID1	3
CDK12	RARA	3
RTN4RL1	VPS53	3
PITPNM3	STX8	3
NXN	SMG6	3
ANKDD1A	HACD3	3
MBNL2	PCCA	3
PSPC1	ZMYM5	3
ANAPC5	CAMKK2	3
METTL25	TMTC2	3
ADIPOR2	ERC1	3
MMP7	TMEM123	3
INTS4	TENM4	3
CAPRIN1	NAT10	3
CUL2	PARD3	3
STK10	UBTD2	3
SRD5A1	TENT4A	3
GOLGB1	IQCB1	3
IP6K1	UBA7	3
ARMC9	PSMD1	3
ABCA12	SGPP2	3
BAIAP2L2	TMEM184B	3
CTNNBL1	RALGAPB	3
RELCH	TNFRSF11A	3
IKZF3	STARD3	3
ERBB2	PSMB3	3
CPD	GOSR1	3
KARS1	WDR59	3
EIF2S1	GPHN	3
RRM2	RRM2	3
CLIC2	VPS39	3
NSMCE2	TRIB1	3
SGCZ	VPS13B	3
FGL1	MTUS1	3
FNTA	SPIDR	3
HOOK3	TM2D2	3
NRG1	VAMP2	3
EZH2	GALNT11	3
ABCB8	NOS3	3
AKR1D1	SYPL1	3
CDK6	FAM133B	3
GLI3	HIBADH	3
SUGCT	ZBED4	3
TPD52L1	TRMT11	3
C6ORF89	CDKAL1	3
DLK2	PTK7	3
CRISP1	TAF8	3
MMUT	SUPT3H	3
ADGRF5	MEP1A	3
CD74	NRG1	3
ASB4	RAI14	3
F12	LMAN2	3
SLC12A7	TMEM117	3
CD47	MET	3
HEMK1	MAPKAPK3	3
ALK	FBXO11	3
ACKR3	STAT4	3
EXOC6B	HAT1	3
ALK	PLEKHA7	3
GTPBP1	TOMM22	3
LCA5L	PDXK	3
CHD6	TSHZ2	3
ACSS2	GSS	3
DTD1	DZANK1	3
EXOC4	PTAFR	3
CD74	NTRK1	3
EYA3	GUCA1C	3
ATP2B4	ERBB4	3
ASH1L	GATAD2B	3
S100A1	SNAPIN	3
ERI3	P3H1	3
AGBL4	DTL	3
IGSF3	MAN1A2	3
SCGB2B2	ZNF260	3
LSM14A	SIPA1L3	3
AKAP8	COQ8B	3
ARHGAP45	STK11	3
DAND5	NFIX	3
AKAP8L	KDM4B	3
LPIN2	MYOM1	3
RPS6KB1	TUBD1	3
NF1	PSMD11	3
DRC7	USB1	3
ABCC11	DDX19A	3
CINP	MOK	3
PDS5B	POLR1G	3
CUL4A	TFDP1	3
FGD4	NPC1	3
LARP4	MUCL1	3
RAD52	WNK1	3
LTO1	MYH9	3
CHID1	RRBP1	3
ANKRD29	SERGEF	3
KMT5B	TESMIN	3
DPF2	FRMD8	3
DNAJC1	TAF3	3
ATP6AP2	USP9X	3
INSL4	KDM4C	3
CCDC107	SLC25A30	3
LRRCC1	WWP1	3
MRTFA	SPIDR	3
ASPH	DCLK1	3
FOXP2	ST7	3
DCDC2	ITPR2	3
PAIP2	WDR55	3
PLEKHA5	RASGEF1C	3
BLTP1	CCNA2	3
MTHFD2L	UGT2B4	3
SLC9B2	UBE2K	3
MAML3	STRN3	3
MYLK	PLXND1	3
CCDC14	PTPN23	3
PLXNB1	SLC26A6	3
ABHD6	FLNB	3
GOLGA5	SATB1	3
RFTN1	ZNF438	3
ANXA4	PKN1	3
L3MBTL2	ZC3H7B	3
CDC42EP1	GTPBP1	3
CARD10	LGALS2	3
RAC2	RBFOX2	3
MPST	TMPRSS6	3
MTMR3	TSHZ2	3
C20ORF144	ZNF341	3
RBCK1	TRIB3	3
CALD1	CGN	3
RAI14	SCP2	3
ARFGAP3	CLIC4	3
ARID1A	THSD7B	3
MAN1A2	RAI1	3
CIB2	KIAA0319L	3
CCDC28B	PPP2R5C	3
ASTN1	PAPPA2	3
ZBTB7B	ZMPSTE24	3
RHD	SYF2	3
NFYC	ZBTB7B	3
IGSF23	PVR	3
RYR1	URI1	3
ERN1	TEX2	3
AATF	LIG3	3
GNAO1	PHAF1	3
KIF23	PIAS1	3
HERC1	PCLAF	3
PSMA3	STRADA	3
DNAJC3	MCF2L	3
PCCA	ZIC2	3
CAMKK2	HPD	3
METAP2	VEZT	3
CPSF6	YEATS4	3
COQ10A	NABP2	3
CHD4	VAMP1	3
ATN1	ENO2	3
CPM	GOLT1B	3
HNF4A	SLCO2B1	3
ANPEP	CPT1A	3
APOA5	OAF	3
ARHGAP19	CYB5A	3
AHNAK	WDR37	3
ACTR1A	CPN1	3
CNNM2	SUFU	3
CTNNA3	FGFR2	3
MAP7D2	SH3KBP1	3
CARD19	ECPAS	3
RUNX1	ZMAT4	3
COPS4	NFXL1	3
BICDL1	KCNK1	3
C19ORF18	ZNF460	3
PRR12	PRRG2	3
BTBD2	DOT1L	3
FLT3	PAN3	3
EEA1	TMCC3	3
DCX	PASD1	3
EWSR1	TFE3	3
HUNK	MAMLD1	3
CMC4	CXADR	3
DSCAM	PLAC1	3
DIP2A	THOC2	3
RHOT1	TNKS	3
DYNC2I1	VIPR2	3
ADAM22	ZC3HC1	3
AKAP9	ZNF3	3
COL21A1	TFEB	3
CCL28	LRP12	3
GPBP1	LNPEP	3
MCC	PSMD6	3
ARB2A	FHIT	3
CMC1	WDR72	3
ACADL	KANSL1L	3
CRIM1	TACR1	3
EFCAB6	OSBP2	3
PFKL	ZBTB21	3
LRRC41	MTCL1	3
ANKRD24	SNRPA	3
ABCA7	COL5A3	3
RNFT1	VMP1	3
CLDN6	PKMYT1	3
DLGAP4	SMAD3	3
GXYLT1	YAF2	3
FGFR2	TACC3	3
SHANK2	UVRAG	3
KDM2A	RBM14	3
CCDC186	FGFR2	3
HCFC1	PNCK	3
ARHGAP36	CD99L2	3
HS6ST2	KIAA1755	3
KDM6A	PDHX	3
PRRC2B	SET	3
COQ4	DNM1	3
GLDC	RFX3	3
RALGPS1	TYRP1	3
MPDZ	NFIB	3
APTX	GNE	3
CHMP5	VMP1	3
COL27A1	SCNN1G	3
CCNY	DENND1A	3
COL22A1	TRAPPC9	3
BOP1	ZFTRAF1	3
LRP12	TRAPPC9	3
NDUFAF6	PLEKHF2	3
PDE7A	TRIM55	3
C8ORF76	NKAIN3	3
CHRNB3	RB1CC1	3
ADAM32	NSD3	3
ADAM9	TM2D2	3
FGFR1	RHOT1	3
CPB2	WWP1	3
LIMA1	TRAPPC9	3
NRG1	TENM4	3
FADD	IKBKB	3
IMMP2L	SMC5	3
TRPS1	ZNRF2	3
ACTR3B	PTPRN2	3
ADCK2	DPP6	3
CNTNAP2	SEMA3C	3
EXOC4	SLC25A13	3
HECW1	TRA2A	3
PHKG1	PSPH	3
AHCY	TAX1BP1	3
ST14	ST7	3
SYNJ2	ZDHHC14	3
ATG5	QRSL1	3
BEND3	MTRES1	3
FIG4	WASF1	3
FIG4	ZNF292	3
GMDS	METTL24	3
PAK1IP1	TMEM14C	3
CDK19	ZFAND3	3
ILRUN	SPDEF	3
DDX39B	PRPH2	3
SENP6	ZNF544	3
L2HGDH	LMBRD1	3
ABLIM1	GOPC	3
TBC1D9B	TRPS1	3
ADAMTS12	HSF1	3
SNX2	STK10	3
RASA1	VDAC1	3
HEXB	NSA2	3
IPO11	TNFAIP8	3
C9	LIFR	3
DOCK2	MBD2	3
METTL15	SLC1A3	3
SCARB2	STAU2	3
MAEA	TMEM71	3
IKZF1	LRBA	3
AIF1	SORBS2	3
ADGRA3	BLTP1	3
KLF3	SCFD2	3
CRACD	ITSN1	3
RARA	ZNF595	3
MGST2	TCF12	3
LEMD3	RASSF6	3
MOB1B	PLPP4	3
MCCC1	MED10	3
DGKG	TPRG1	3
CCDC50	DCUN1D1	3
IGF2BP2	NCEH1	3
NAALADL2	PEX5L	3
GFM1	MLF1	3
PCCB	PIK3CB	3
NCK1	RAB6B	3
ITGB5	PARP14	3
ALCAM	EIF2A	3
FSTL1	GSK3B	3
PBRM1	TKT	3
MANF	SETD2	3
KLHL18	TEX264	3
ARIH2	DHX30	3
ERC2	RAD54L2	3
RYBP	TADA3	3
CACNG4	IQCB1	3
EAF2	RGS9	3
SCAMP2	SLC12A8	3
TMEM254	ZNF717	3
ILKAP	PER2	3
CHRND	GIGYF2	3
EFHD1	EIF4E2	3
HECW2	STK17B	3
DIS3L2	UBE2E3	3
SSB	TLK1	3
SESTD1	ZNF385B	3
DNAH6	USP39	3
LTBP4	MYO1B	3
SCG5	ZNF385B	3
SEMA4C	WNT5B	3
CDH23	LTBP1	3
CELSR1	CERK	3
ASCC2	ZNRF3	3
RNF185	SMTN	3
KCNJ4	MAPK1	3
IGSF5	VPS26C	3
BRWD1	TRAPPC10	3
ARFGEF2	TAFA5	3
DYRK1A	ZBTB46	3
RAE1	STX16	3
PARD6B	RTF2	3
PMEPA1	PTGIS	3
ARFGEF2	SULF2	3
ADNP	DPM1	3
CEP250	ZMYND8	3
RALGAPB	RPRD1B	3
NXT1	VPS16	3
ANKRD46	TMEM222	3
VAV3	ZHX2	3
NUP153	RNF2	3
CLSPN	NIPBL	3
DAB1	ZNF732	3
ACP6	ARHGEF3	3
ALPL	CD302	3
ALG14	SGPP2	3
FCMR	MYO1D	3
ATF6	ATP6V0A1	3
PUM1	RPH3AL	3
MAN1A2	TAF15	3
RANBP10	RRP15	3
EFNA3	PIK3C2G	3
CERS5	SAMD11	3
ETV6	YTHDF2	3
ESRRG	RNF121	3
NARS2	PRDM16	3
EHF	NFIA	3
HSD3B2	PPFIA1	3
ACTN2	CHRM3	3
RBM34	TARBP1	3
ADCY10	ESRRG	3
DISC1	PBX1	3
MROH9	NOS1AP	3
ATF6	SH2D1B	3
SNX27	UCK2	3
ADAR	SNX27	3
KCNT2	SKI	3
PADI4	RCC2	3
EXOSC10	MTOR	3
ARID1A	DHDDS	3
ACOT7	KLHL21	3
GPR37L1	TESK2	3
ST3GAL3	TAL1	3
RNF11	TMEM61	3
CACHD1	CLIC4	3
FAF1	NFIA	3
PATJ	ST6GALNAC5	3
EDARADD	TGFBR3	3
KAZN	PTBP2	3
ATP1A1	VANGL1	3
IGSF3	TBX15	3
PACSIN2	ZNF823	3
MYO9B	RAB22A	3
SAMD4B	SIPA1L3	3
PPP1R37	PRR19	3
AP2A1	MED25	3
IFNL1	URI1	3
LONP1	ZNF780B	3
AP3D1	TCF3	3
ICAM1	SMARCA4	3
SBNO2	TPGS1	3
FCHO1	MYO9B	3
MAP2K7	SH3GL1	3
LONP1	MAP2K7	3
SMAD2	ZBTB7C	3
HSPA12B	YPEL2	3
IKZF3	VAPB	3
MRPL45	TRPC4AP	3
CENPV	FERMT1	3
MED1	TMPRSS9	3
FBXL20	SIRT6	3
C19ORF25	MED1	3
NHERF1	TBCD	3
NARF	SEPTIN9	3
BIRC5	PGS1	3
CYTH1	PRPSAP1	3
EVPL	MAP2K6	3
BPTF	CCDC40	3
BPTF	PITPNC1	3
BRIP1	DDX42	3
DCAF7	VMP1	3
MYO18A	TUBD1	3
LPO	SRP68	3
CDR2L	COIL	3
AKAP1	GGA3	3
TBX4	TRIM25	3
PPM1D	STXBP4	3
MSI2	TRIM25	3
MSI2	STXBP4	3
MSI2	PCTP	3
CA10	MSI2	3
AKAP1	C17ORF67	3
AKAP1	ANKFN1	3
USP32	WIPF2	3
RPS6KB1	SNF8	3
EFCAB3	MBTD1	3
CHCT1	LUC7L3	3
CDC6	RNFT1	3
PRR11	RARA	3
PCTP	RARA	3
MSI2	WIPF2	3
AKAP1	WIPF2	3
EZH1	WIPF2	3
SPOP	XYLT2	3
ACSF2	SPAG9	3
CDK12	TMEM104	3
CANT1	FBXL20	3
PIP4K2B	RAD51C	3
GDPD1	MED1	3
SOCS7	SRCIN1	3
CACNB1	MLLT6	3
ARHGAP23	ASIC2	3
FBXL20	MYO1D	3
POLDIP2	RARA	3
MYO1D	RARA	3
CDK5RAP3	NF1	3
C17ORF75	TOP2A	3
FLOT2	SOCS7	3
PIPOX	PPP1R1B	3
NF1	NLE1	3
FLOT2	PEX12	3
BLMH	SPAG5	3
MYO1D	SSH2	3
FAM222B	PHF12	3
ENDOV	USP43	3
ASPA	RABEP1	3
CCDC144A	ZZEF1	3
SPECC1	TMEM11	3
TSEN54	WWP2	3
ESRP2	SLC7A6	3
SLC6A2	VPS35	3
CDH1	DEXI	3
TMEM204	TSC2	3
PARN	RRN3	3
MRTFB	SNX29	3
ANKRD11	LINGO1	3
CLUAP1	NPTN	3
GRAMD2A	MYO9A	3
DIS3L	SMAD3	3
TCF12	TEX9	3
DMXL2	TP53BP1	3
SMG6	WDR20	3
CHD9	RAD51B	3
FERMT2	GPR137C	3
ARF6	MAPK1IP1L	3
HNRNPC	ZNF219	3
EP300	IPO5	3
CDK8	IKZF3	3
TCF12	TMEM255B	3
FARP1	TUBGCP3	3
MTIF3	UBL3	3
DIP2A	PRR4	3
CDH13	IPO8	3
DHX37	SCARB1	3
GCN1	MSI1	3
PPM1H	USP15	3
PPM1H	SRGAP1	3
BCL2L14	ETV6	3
APOLD1	CDKN1B	3
ADIPOR2	FOXJ2	3
C2CD5	TEAD4	3
RASSF8	RERGL	3
ABCC9	FGD4	3
BCR	IRAG1	3
ARFGEF2	CNIH2	3
CLNS1A	EPS15L1	3
FRMD8	MAST1	3
CA10	RAB38	3
NARS2	RARA	3
BCAS3	SHANK2	3
BCAS3	RNF169	3
CBX1	RNF169	3
AATF	NUMA1	3
FBXL20	GDPD5	3
ACER3	TAOK1	3
SHANK2	TENT4B	3
ANO3	SMG1	3
NAP1L4	RPAP1	3
NADSYN1	TRIM9	3
GAB2	INTS4	3
PAK1	UVRAG	3
GAB2	MYO7A	3
ARRB1	GAB2	3
ACER3	THRSP	3
ACER3	NARS2	3
FGF19	SPTBN2	3
NUMA1	PITPNM1	3
C2CD3	P2RY6	3
FCHSD2	UQCC3	3
DDB1	TMEM258	3
RRM1	STIM1	3
CAT	ELF5	3
UBAC2	WAC	3
CPNE8	LCOR	3
GPR19	SCD	3
ADAM12	CTBP2	3
NSMCE4A	ZMIZ1	3
CACNB2	PRPF18	3
ASB4	DYNC1I1	3
LDLR	ZGLP1	3
MAP3K9	MED6	3
PRKAR1A	RARA	3
GAS6	TMEM255B	3
HNRNPC	RARG	3
KMT2A	SEPTIN2	3
GAS7	KMT2A	3
FNBP1	KMT2A	3
KSR1	TENM1	3
ATP1B4	CHST11	3
FGFR1	RBPMS	3
ETV6	NOM1	3
FIG4	SEC63	3
NUP214	SQSTM1	3
HOXB9	NIPBL	3
FRYL	KMT2A	3
FGFR1	LRRFIP1	3
TNRC18	XPO1	3
AFF3	RUNX1	3
ARB2A	CDC73	3
DNMT3B	MDM4	3
NBR1	WSB1	3
LRRC37B	NF1	3
GOSR1	ZNF207	3
KMT2A	MYO1F	3
EDC4	KMT2A	3
CEP170B	KMT2A	3
BTBD18	KMT2A	3
KMT2A	NRIP3	3
EDF1	NOTCH1	3
NUP98	RAP1GDS1	3
LNP1	NUP98	3
ARNT	ETV6	3
HMBOX1	JAK2	3
CCDC28A	NUP98	3
JAK2	SNX29	3
DACH1	PAX5	3
CEBPD	IGH	3
LYL1	TRB	3
KMT2A	TNRC18	3
TLX1	TRB	3
MYB	PLAGL1	3
EBF1	JAK2	3
JAK2	SSBP2	3
BCL11B	NKX2-5	3
IGH	IL3	3
ATF7IP	PDGFRB	3
SPI1	TCF7	3
MBNL1	PAX5	3
ABL1	RANBP2	3
DAZAP1	MEF2D	3
MEF2D	SS18	3
FOXJ2	MEF2D	3
STIL	TAL1	3
NUTM1	SLC12A6	3
ACIN1	NUTM1	3
LMO2	TRD	3
TLX1	TRA	3
MLLT10	NAP1L1	3
+NUP214	ABL1	3
FGFR1	HSPG2	2
FOXR1	YAP1	2
FOS	LMNA	2
EWSR1	NFATC1	2
CITED1	SRF	2
COL4A1	VEGFD	2
NFKBIE	SRF	2
ICA1L	SRF	2
BCOR	KMT2D	2
MTAP	RAF1	2
KMT2A	UBE4A	2
KMT2A	VIM	2
ETV1	HFM1	2
CRTC1	SS18	2
EWSR1	VEZF1	2
LEUTX	YAP1	2
PICALM	SYTL2	2
BRAF	EML4	2
JAK2	RIC1	2
DOCK8	KANK1	2
PKHD1L1	PTK2	2
NUDCD1	SYBU	2
SAMD5	SASH1	2
STAG1	STXBP5L	2
CCKBR	NGLY1	2
DLEC1	TENM4	2
BCL2L1	RLF	2
RERE	SLC2A5	2
MYCL	RLF	2
CAP1	MACF1	2
FOXK2	HEXD	2
ATP5MG	TEAD1	2
FGFR2	NPM1	2
FGFR2	OGDH	2
IRAK1	MECP2	2
IL9R	VAMP7	2
ATP6AP1	OPN1LW	2
RTL9	STAG2	2
AMMECR1	STAG2	2
CUL4B	SEPTIN6	2
ATRX	MAGT1	2
OPHN1	TNMD	2
GPR143	TBL1X	2
REPS2	SHROOM2	2
FRMPD4	SHROOM2	2
CXORF58	POLA1	2
CLTRN	PIR	2
ANOS1	KDM6A	2
ALCAM	SH3KBP1	2
BICD1	HUWE1	2
ARHGAP29	MID2	2
EDA	SSBP3	2
KCNT1	TRUB2	2
CCDC183	TRAF2	2
CACNA1B	TRAF2	2
MYMK	NUP188	2
GLE1	SPTAN1	2
COL5A1	PTGES2	2
CAMSAP1	RABL6	2
LAMC3	NAA35	2
DIRAS2	GNA14	2
ACER2	DENND4C	2
FREM1	UNC13B	2
TEK	ZCCHC7	2
LINGO2	UBAP2	2
DCTN3	LINGO2	2
PAX5	RNF38	2
NUDT2	UBAP1	2
CNTFR	MELK	2
CACNA1I	FBXW5	2
EHMT1	PPP1R37	2
SMARCA2	USP7	2
CDKN2A	EXD2	2
MLXIP	PTGES2	2
DEAF1	NR6A1	2
CENPP	TMEM123	2
KANK1	PPME1	2
GBF1	UBE2R2	2
AGO2	TRAPPC9	2
SNTB1	ZNF250	2
ANXA13	FAM91A1	2
EXT1	NTAQ1	2
CYRIB	MRPL13	2
PTK2	VPS13B	2
ODF1	UBR5	2
NCALD	RNF19A	2
PABPC1	VPS13B	2
INTS8	NDUFAF6	2
DPYS	FZD6	2
ANKRD46	ODF1	2
ANKRD46	NCALD	2
ANGPT1	ZC2HC1A	2
PAG1	VIRMA	2
NBN	RIPK2	2
CSPP1	PPP1R42	2
ALKAL1	NCOA2	2
BAALC	HOOK3	2
IKBKB	UNC5D	2
FUT10	HGSNAT	2
BAG4	WRN	2
ADGRA2	GSR	2
GOT1L1	TM2D2	2
MANBAL	UBR5	2
IDO2	SYS1	2
SAE1	TRIB1	2
DLGAP1	ZNF704	2
GRN	ZC3H3	2
DNAAF11	PGAP3	2
ERBB2	MTSS1	2
RB1CC1	TAOK1	2
PCMTD1	RHOT1	2
ACACA	HTRA4	2
ACACA	ADAM9	2
KIFC2	NPRL3	2
CCNB1IP1	TRIM35	2
EXT1	NALF1	2
ARHGEF7	KLF10	2
CDADC1	VPS13B	2
GAL	YWHAZ	2
MRPL48	STK3	2
KIF13B	PPP2R5B	2
ADAM9	TESMIN	2
PPIF	SNX31	2
BAALC	RSU1	2
HIPK2	TMEM130	2
CDK6	HEPACAM2	2
TMEM248	TYW1	2
EIF2AK1	FSCN1	2
ADAP1	MAD1L1	2
HGF	ICA1	2
BZW2	TSPAN13	2
GLCCI1	SNX13	2
CBX3	CDK14	2
NPSR1	VPS41	2
CAMK2B	RALA	2
CDK13	DDX56	2
GRB10	STEAP1B	2
EGFR	GRB10	2
DYNC2I1	ZNHIT3	2
ALG5	GALNT17	2
AGMO	FAR2	2
POT1	RTKN2	2
RCL1	SHPRH	2
PXT1	SNX30	2
ARID1B	SMOC2	2
TAB2	UST	2
PTPRK	SAMD3	2
POPDC3	PTPRK	2
ECHDC1	SLC22A23	2
EXOC2	OOEP	2
DEK	KIF25	2
DTNBP1	NUP153	2
KDM1B	KIF13A	2
CDKAL1	DNAH8	2
GMDS	MRPS18B	2
JARID2	PPP1R10	2
DNAH8	ZFAND3	2
PPP2R5D	UBR2	2
FLOT1	PPP1R10	2
ETV7	KCTD20	2
BYSL	FKBP5	2
CDC5L	TMEM63B	2
C6ORF132	GUCA1B	2
CDKAL1	RCAN2	2
ADGRF1	MCM3	2
ADGRF1	MEP1A	2
IFNGR2	MAN1A1	2
SLC35F1	URI1	2
CDKAL1	LIG1	2
PCMT1	SPAG9	2
ATAD5	PTP4A1	2
E2F3	MYL4	2
SLC44A4	STXBP6	2
CRYL1	KCNQ5	2
E2F3	USP12	2
ARID2	SPATS1	2
NHSL1	SLCO2B1	2
CARMIL1	CTSW	2
L3MBTL3	WDR37	2
CDKAL1	HERC4	2
ADCY2	ASAP1	2
RANBP17	TLX3	2
FAM193B	PDLIM7	2
FAT2	NSD1	2
HMGXB3	PPARGC1B	2
CTNNA1	LARP1	2
FSTL4	SLC22A4	2
FNIP1	IL5	2
ANKRD31	FAM169A	2
MAST4	ST8SIA4	2
NUP155	TRIO	2
MRPS30	NIPBL	2
HCN1	RICTOR	2
HMGCS1	UNC13A	2
CPD	PDE4D	2
MAP3K1	OR4N2	2
CACNA2D4	WDR70	2
CDH18	ZMYND11	2
PTK2	UGT2A3	2
FRYL	NKAIN3	2
BAIAP2L1	FGFR3	2
IL17F	USP38	2
CDKAL1	LCORL	2
CDKAL1	TBC1D1	2
PCGF3	SPATA24	2
AGA	NEIL3	2
GUCY1A1	HPGD	2
CLCN3	TDO2	2
ARHGAP10	FBXW7	2
ABHD18	LARP1B	2
BMP2K	CCSER1	2
SLC4A4	TMPRSS11E	2
CLOCK	UGT2A3	2
MYL5	PCGF3	2
GAK	SPON2	2
FGFR3	TNIP2	2
ABLIM2	PPP2R2C	2
LDB2	TAPT1	2
CWH43	LIMCH1	2
OCIAD2	RAPGEF2	2
PRDM5	RBM39	2
FABP2	ROCK1	2
SCFD2	YES1	2
GAK	LUC7L3	2
CORIN	LUC7L	2
FGF2	KPNA3	2
MBNL2	PLAC8	2
PCGF3	STN1	2
CTDSPL	WRN	2
MATN2	SFMBT1	2
BDH1	BMT2	2
NXPH1	RAF1	2
COG5	FOXP1	2
FSTL4	TWF2	2
ADGRL3	ROBO1	2
FGF12	TSC22D2	2
RARRES1	RSRC1	2
ARMC8	CACNA2D2	2
CHCHD6	PLXNA1	2
IGSF11	MELTF	2
KCNAB1	PHLDB2	2
ARL13B	EPHA6	2
ANKRD28	GRM7	2
SYN2	TSEN2	2
RAD18	SETD5	2
MKRN2	PPARG	2
IQSEC1	WNT7A	2
RFTN1	TMEM40	2
KRBOX1	POMGNT2	2
ACKR2	POMGNT2	2
FBXL2	KIF9	2
LIMD1	VGLL4	2
CCDC13	USP4	2
PRKAR2A	UQCRC1	2
SHISA5	SMARCC1	2
CACNA2D2	RHOA	2
PRKAR2A	QRICH1	2
NEK4	SETD2	2
MAP4	NME6	2
HEMK1	KLHL18	2
ARIH2	RHOA	2
DLG1	MYO9B	2
EMP3	FNDC3B	2
CMSS1	ZNF844	2
ABR	SENP2	2
CADM2	TEFM	2
FLNB	RHBDF1	2
MIPOL1	NLGN1	2
ACTR8	PSPC1	2
CPNE8	WDR6	2
CD47	TEAD1	2
FGD5	TMEM135	2
GOLGA4	RRM1	2
ATP11B	NET1	2
UPF2	VGLL4	2
ACOXL	UNC5D	2
CYRIA	GRHL2	2
NCOA2	SH2D6	2
EYS	KIDINS220	2
ARHGAP15	DMXL1	2
CDS1	UGT1A6	2
CDS1	UGT1A10	2
DDX1	LAP3	2
LRRN1	STARD7	2
ARHGAP15	TTC28	2
GIGYF2	MROH2A	2
BOLL	GULP1	2
GLS	MYO1B	2
GPD2	WDSUB1	2
CERS6	PSMD14	2
NOSTRIN	STAM2	2
ECRG4	UXS1	2
INPP4A	MGAT4A	2
DNAJC27	HADHA	2
LTBP1	PLB1	2
C2ORF74	XPO1	2
FAM161A	USP34	2
C2ORF78	ZNF638	2
ACTG2	DGUOK	2
ANXA4	GKN1	2
ABHD8	ILKAP	2
FBXO17	OSBPL6	2
LRP1B	TXNL1	2
SRP68	XIRP2	2
ATF2	SOS2	2
FRMD6	RTN4	2
TBC1D4	TRAPPC12	2
STAM	TMEM127	2
PLXDC2	VAMP5	2
FAM83F	TNRC6B	2
FBLN1	SMC1B	2
EP300	MCHR1	2
CACNA1I	SYNGR1	2
TNRC6B	TPST2	2
KCNJ4	LARGE1	2
EIF4ENIF1	LARGE1	2
EMID1	KREMEN1	2
GAS2L1	SMTN	2
AP1B1	NIPSNAP1	2
IL17RA	TFIP11	2
CDC45	LIMK2	2
UBE2L3	YPEL1	2
MED15	TANGO2	2
COMT	DGCR8	2
BCR	PPIL2	2
MX2	RWDD2B	2
PDXP	SLC17A9	2
CDH4	OSBPL2	2
BMP7	MACROD2	2
DUSP15	NCOA3	2
ARFGAP1	ITCH	2
MAPRE1	UQCC1	2
DNMT3B	DUSP15	2
GPCPD1	RBL1	2
C20ORF96	TBC1D20	2
CBLN4	OVOL2	2
DNAAF9	RALGAPA2	2
CAPZB	CDKN2A	2
EPB41	HGSNAT	2
ST3GAL3	ZMAT4	2
MRPL15	YIPF1	2
AK5	CYRIB	2
CREB5	SRSF4	2
FAF1	UBE3C	2
PTP4A1	SMYD2	2
AHI1	NOS1AP	2
CDH6	NUP133	2
MYO10	PFDN2	2
RBM27	SLC35E2B	2
PALLD	TMEM53	2
RPRD2	ZNF148	2
PFKFB4	SLC35E2B	2
IFT52	MXRA8	2
ARFGEF2	PTP4A2	2
UBE4B	ZNF536	2
HDAC1	PEPD	2
LUZP1	NEDD4L	2
HYI	NEDD4L	2
NFYC	SETBP1	2
GUCA2B	ROCK1	2
ADSS2	SLC39A11	2
BCAS3	DCAF6	2
DHX8	FMO5	2
IL22RA1	RNF213	2
NUP85	ZDHHC18	2
KIF1B	NF1	2
NUFIP2	ZFP69B	2
CDC42BPA	WWOX	2
RHD	USP31	2
AGBL4	ZNF267	2
CYB5RL	UQCRC2	2
GTF2F2	S100A4	2
GTF2F2	S100A3	2
CERS5	OSBPL9	2
NSL1	STIP1	2
PACS1	STPG1	2
DPP3	SPATA6	2
CEP170	UBE2Q1	2
CAPN9	GNPAT	2
ARID4B	NTPCR	2
ENAH	UCHL5	2
C1ORF116	LIN9	2
TRAF3IP3	UTP25	2
COLGALT2	SMG7	2
ANKRD45	RASAL2	2
DEDD	XPR1	2
DCAF8	SWT1	2
DARS2	UCK2	2
MPZL1	RCSD1	2
MRPL9	UCK2	2
LRRC52	NOS1AP	2
NDUFS2	PCP4L1	2
DCAF8	FCRLA	2
LGALS8	RHBG	2
DAP3	TIPRL	2
ASH1L	UBQLN4	2
ASH1L	GON4L	2
ASH1L	SPRR2G	2
ARHGEF2	S100A7	2
GABPB2	VPS72	2
LCE4A	PRUNE1	2
LCE2A	PRUNE1	2
SPSB1	TMEM201	2
EFHD2	SPEN	2
MAN1C1	TMEM50A	2
LDLRAP1	MACO1	2
CA6	H6PD	2
ERRFI1	LUZP1	2
PFDN2	SERINC2	2
LAPTM5	PUM1	2
ERI3	GATAD2B	2
HIVEP3	ZMYND12	2
CAP1	NFYC	2
AGBL4	OSBPL9	2
ATPAF1	OSBPL9	2
FAF1	ITGB3BP	2
CCDC18	EPS15	2
CHIA	FAF1	2
CCDC18	ZNF326	2
CCDC18	RPL5	2
ALG14	JAK1	2
AP4B1	CIMAP3	2
BCL2L13	ZNF383	2
EP300	HAUS8	2
CRYBB3	NFIX	2
CDK5RAP1	MIER2	2
CC2D1A	RRBP1	2
SIGLEC7	ZNF613	2
RDH13	ZNF606	2
CCDC61	ZNF544	2
CEACAM7	ZFP30	2
FXYD5	TGFB1	2
CDC42EP5	SNRNP70	2
KCNN4	SMG9	2
GPI	SIPA1L3	2
FBXO27	SAMD4B	2
PEPD	RHPN2	2
CLPTM1	KLC3	2
FXYD3	TARM1	2
ERCC2	NOVA2	2
CEBPG	TDRD12	2
CCDC9	NUP62	2
ACTN4	EIF3K	2
NUP62	VSTM2B	2
IL4I1	VSTM2B	2
MISP	ZNF808	2
CNN1	HNRNPUL1	2
POLR2E	ZNF420	2
ICAM3	TECR	2
CACNA1A	SMIM7	2
DAZAP1	SCAMP4	2
R3HDM4	TMEM259	2
ADGRE1	DNMT1	2
DNM2	RFX2	2
CPNE1	ESCO1	2
RAB27B	WDR7	2
DCC	MYO5B	2
CABYR	MIB1	2
NDC80	PPP4R1	2
GRK3	RHBDL3	2
GUCD1	MPDU1	2
ADORA2B	SYN3	2
SLC9A8	TOM1L2	2
CASC3	SIPA1L3	2
SHC2	SYNRG	2
DPRX	PSMD11	2
ATAD5	SIPA1L3	2
RBBP8	TP53	2
DNAH17	TK1	2
CDK3	SRP68	2
KCTD2	NUP85	2
EXOC7	LLGL2	2
FOXK2	OGFOD3	2
ATP5PD	JPT1	2
BRIP1	ST6GALNAC2	2
BPTF	TTYH2	2
CEP112	HELZ	2
ABCA10	HELZ	2
NF1	PRKCA	2
BCAS3	MSI2	2
MSI2	YPEL2	2
MRPS23	TRIM37	2
MSL1	WIPF2	2
KAT2A	STAT5B	2
ACLY	JUP	2
IKZF3	MED24	2
ATP6V0A1	STAT5A	2
MBTD1	SRCIN1	2
IKZF3	SRCIN1	2
GPATCH8	STAC2	2
CD300E	GRB7	2
MAPT	SOCS7	2
CCL14	SLFN11	2
PGAP3	STARD3	2
GRB7	PLXDC1	2
ERBB2	GRB7	2
CDK12	TAF15	2
CDK12	PLXDC1	2
ABR	STARD3	2
MYOCD	PGAP3	2
NF1	SPACA3	2
FAM222B	FLOT2	2
PELP1	UBE2G1	2
METTL16	VPS53	2
KRBA2	YBX2	2
EPN2	SGSM2	2
SREBF1	TOM1L2	2
MED9	SREBF1	2
MPRIP	TOM1L2	2
EPN2	MAP2K3	2
CABIN1	GRIN2A	2
C16ORF46	DIP2A	2
LUC7L	SLC27A5	2
NCAN	SNX29	2
DRC3	XPO6	2
FBXO31	ZNRF1	2
PIEZO1	PMFBP1	2
CHST5	WDR59	2
CFDP1	WWOX	2
CHST4	NFAT5	2
CDH5	MMP15	2
MMP25	ZNF500	2
MAPK8IP3	TRAF7	2
CREBBP	NLRC3	2
CASKIN1	CREBBP	2
ADCY9	TFAP4	2
EEF2K	MARF1	2
FBXO31	XPO6	2
VPS35L	ZNF598	2
IQCK	MARF1	2
PRKCB	USP31	2
NCOA3	TCF12	2
CYP11A1	MGAT5B	2
ABHD2	FANCI	2
OCA2	SIN3A	2
CELF6	MYO9A	2
C15ORF61	MAP2K5	2
AAGAB	SMAD3	2
ARPP19	MYO5A	2
ADAM10	TERB2	2
GANC	RORA	2
MAPKBP1	VPS39	2
ENTREP2	GABRG3	2
GABRA5	NEDD4	2
SMARCB1	SNW1	2
MTCL2	RPS6KA5	2
AMN	TRMT61A	2
RCOR1	TECPR2	2
CATSPERB	NRDE2	2
CLMN	WDR20	2
CCDC88C	SUSD6	2
MYH6	PPP4R4	2
CEP128	TSHR	2
RBM25	ZFYVE26	2
NUMB	TTLL5	2
PALS1	PLEKHH1	2
ATG2B	SYNE2	2
GPHN	PLEKHH1	2
MTHFD1	PAPLN	2
ARID4A	L3HYPDH	2
ADCK1	MAP4K5	2
KCNK13	TOGARAM1	2
STYX	TOGARAM1	2
HNRNPC	PAPOLA	2
ATG2B	SLC22A17	2
C14ORF93	TIMM9	2
DHRS4	SCFD1	2
DHRS2	IL25	2
PIBF1	THOC5	2
MCF2L	STK24	2
SLC15A1	STK24	2
CPB2	MYCBP2	2
CAB39L	SETDB2	2
RB1	WDFY2	2
LRCH1	PHF11	2
ELF1	VWA8	2
ELF1	UBL3	2
CKAP2	UBL3	2
ALG5	ATP8A2	2
CDK8	UBL3	2
CDX2	SLC7A1	2
MPHOSPH8	PSPC1	2
B3GLCT	TEX26	2
ALOX5AP	B3GLCT	2
BCAS1	RARG	2
GOLGA3	RTN2	2
KCNK6	LMBR1L	2
PDZRN4	TOMM40	2
SLC2A13	ZNF329	2
TAOK3	VSIG10	2
GCN1	RAB35	2
MPHOSPH9	VPS37B	2
MED13L	WSCD2	2
EP400	TMPRSS12	2
GAS2L3	MED13L	2
GLT8D2	UQCC6	2
MRPL42	POLR3B	2
CRADD	EEA1	2
CPSF6	TBC1D15	2
LGR5	PTPRR	2
CHPT1	PTPRR	2
DRAM1	FRS2	2
DRAM1	NUP107	2
CNOT2	ZDHHC17	2
NUP107	RAB3IP	2
CPM	NUP107	2
FRS2	MDM1	2
FRS2	PTPRR	2
BEST3	FRS2	2
OS9	RAB3IP	2
CD63	RAB3IP	2
FRS2	LACRT	2
KCNC2	MARCHF9	2
KCNC2	SCN8A	2
MSRB3	RNF41	2
RPL41	SMARCC2	2
HDAC7	RPAP3	2
R3HDM2	ZNF385A	2
ITGB7	PCBP2	2
LARP4	LETMD1	2
DIP2B	SPATS2	2
CD63	OS9	2
ADCY6	CCNT1	2
MARS1	NOP2	2
P3H3	PTPN6	2
LRRC23	PTPN6	2
CREBL2	PLBD1	2
PEX5	PRB2	2
ADIPOR2	DCP1B	2
CMAS	RASSF8	2
EPS8	PIK3C2G	2
CACNA1C	PPFIBP1	2
KLHL42	MRPS35	2
BCAS1	IGF2	2
GALNT18	IER3IP1	2
GUCY1A2	SHPK	2
KMT5B	MYO1D	2
BECN1	GALNT18	2
CEP295	WDR90	2
FGF3	TANGO6	2
RPS6KB2	ST3GAL2	2
CDH3	CHKA	2
LRP5	RBFOX1	2
NUTF2	PHF21A	2
COPS2	CTTN	2
MRPS35	P2RY6	2
KBTBD3	NCAPD3	2
UPK2	ZW10	2
ARHGEF12	GRIK4	2
CFAP300	DYNC2H1	2
DPP3	TENM4	2
DPP3	RAB30	2
PPP6R3	YAP1	2
DYNC2H1	PPFIA1	2
ANO1	CWF19L2	2
AMOTL1	SLCO2B1	2
LRTOMT	SHANK2	2
ANO1	SHANK2	2
FCHSD2	RBM4B	2
PPME1	YIF1A	2
CPT1A	MRPL21	2
MACROD1	NRXN2	2
CHKA	KMT5B	2
FCHSD2	PPFIA1	2
CDC42BPG	EHD1	2
ARAP1	SLC22A8	2
ELP4	GSTP1	2
KMT2A	SLC22A10	2
LDHC	SCUBE2	2
PLEKHA7	TRIM21	2
MICAL2	PDE3B	2
DNHD1	NUP98	2
CD151	EPS8L2	2
AP2A2	TSPAN4	2
HSD17B12	PSMD13	2
LDLRAD3	PAMR1	2
AMBRA1	ARHGAP1	2
GDI2	ZNF526	2
LIPG	UCMA	2
LCOR	MAP2K6	2
LIPA	TMEM132A	2
CFAP46	INPP5A	2
PRDX3	SHTN1	2
GLUD1	GRID1	2
ADK	SAMD8	2
LRMDA	P4HA1	2
PSAP	RBM17	2
CAMK2G	PFKP	2
TUBAL3	WDR37	2
AKR1E2	TASOR2	2
CAMK1D	NEBL	2
ANKRD26	MCM10	2
PLXDC2	SPAG6	2
ANK3	CCNY	2
FAM107B	ZNF248	2
PRDM16	SKI	2
SS18L1	SSX1	2
SS18	SSX4	2
NEDD4	SS18	2
BRWD3	LRCH2	2
ITGB1BP2	TAF1	2
GNL3L	XAGE3	2
CADPS2	RPGR	2
EHMT1	GFI1B	2
ABCA1	PTGR1	2
ANKS6	STX17	2
BICD2	IPPK	2
JAK2	PLGRKT	2
DMRT3	KDM4C	2
JAK2	RCL1	2
LURAP1L	TTC39B	2
MCRIP1	SEC16A	2
BCAS3	RXRA	2
MELK	MS4A12	2
BAALC	FZD6	2
LRRC69	STK3	2
PLXNB2	ST3GAL1	2
KCNC3	PRKDC	2
CNTNAP2	GALNT11	2
DNAH11	KMT2C	2
ADAM22	CRCP	2
MICALL2	PSMG3	2
DNAAF5	GET4	2
AQP1	TRA2A	2
GJC3	YAE1	2
DOCK4	TPH2	2
DDAH2	RFX3	2
NHSL1	REPS1	2
REV3L	TRAF3IP2	2
GMDS	KIF6	2
EYS	RIOK1	2
DSP	RCAN2	2
ANO2	MED23	2
FBXW11	KCNIP1	2
RAD50	SLC22A5	2
GZMA	NDUFS4	2
ITGA2	PARP8	2
ARHGAP26	NCOA3	2
ADCY2	CASC3	2
DPEP2	NSD1	2
SFXN1	TRAF3	2
FCHSD1	NCKAP1L	2
CXCL9	SDAD1	2
C4ORF36	PTPN13	2
AFF1	PTPN13	2
PCGF3	PDE6B	2
BRD4	CSN2	2
NAA15	TANGO6	2
FAT1	NTRK3	2
PDHX	STK32B	2
ARFIP1	MAPK8	2
PFN2	RIC1	2
SPSB4	TULP4	2
CHRNA9	KPNA1	2
EPHB3	P2RY12	2
ATP11B	MAP3K13	2
IL20RB	SLC35G2	2
EEFSEC	PPP2R3A	2
ITPR1	SRGAP3	2
IP6K2	SHISA5	2
NME6	SPINK8	2
FOXP1	UBA3	2
ABLIM3	TRPM8	2
EHBP1	RFC1	2
MST1R	SH3BP4	2
EXOC6B	PCCB	2
CASP8	STRADB	2
EIF5B	LYG1	2
SERTAD2	WDPCP	2
MPHOSPH10	ZNF638	2
C2CD6	HCN2	2
CCDC178	CYP20A1	2
CCDC57	MSH2	2
HNRNPLL	NFATC3	2
GCAT	PICK1	2
KIAA0930	SMC1B	2
CHAF1B	DOP1B	2
CHD6	CTNNBL1	2
ID1	TPX2	2
COX4I2	TPX2	2
PXMP4	SNTA1	2
MTCL2	RBL1	2
JAG1	SLX4IP	2
GNA12	TESK2	2
NME7	SLC16A10	2
WARS2	ZAR1	2
PGD	ZBTB20	2
COL6A5	SNRNP40	2
TMEM87B	WARS2	2
GON4L	SERPINB7	2
CD276	KHDC4	2
AGRN	BAD	2
FDX1	KNCN	2
DYNC2H1	PATJ	2
AHCTF1	SMYD3	2
ARL8A	UBE2T	2
KCNJ10	SRGAP2	2
FMO2	MROH9	2
F11R	USF1	2
CCT3	IQGAP3	2
DNAH14	FBLIM1	2
ACOT7	WASF2	2
ASAP3	TCEA3	2
ACOT7	MIB2	2
CCDC24	ST3GAL3	2
CIMAP2	TTC4	2
WDR88	ZNF677	2
HNRNPUL1	ZNF227	2
PPP6R1	VRK3	2
PRR12	TBC1D17	2
AP2A1	SLC1A5	2
CDC42EP5	PRR12	2
BICRA	PPP1R37	2
EMP3	PPP1R15A	2
IZUMO1	PPFIA3	2
PLAUR	SMG9	2
LMTK3	NOSIP	2
IL4I1	TBC1D17	2
CADM4	ZSCAN18	2
ARHGAP35	SAE1	2
ANKRD27	TDRD12	2
CHST8	FAM174C	2
NFIC	TLE6	2
LSM7	NFIC	2
AP1M2	ILF3	2
DOK6	ZNF532	2
DSG2	TTR	2
RIOK3	RMC1	2
BCAM	TEX2	2
CPAMD8	SKAP1	2
ANKRD40	NFIX	2
SAMD4B	SLFN5	2
NPLOC4	OXLD1	2
HEXD	NARF	2
HID1	SRP68	2
CYBC1	HEXD	2
PITPNC1	SKAP1	2
ABCA5	MBTD1	2
CHCT1	PPM1D	2
BCAS3	RPS6KB1	2
MED13	TRIM37	2
APPBP2	MMD	2
C17ORF67	CUEDC1	2
RGS9	RUNDC1	2
ERBB2	NEUROD2	2
RUNDC3A	SSH2	2
BLTP2	CRHR1	2
MYO1D	PLXDC1	2
C17ORF75	ZNF207	2
SGSM2	SRR	2
ALKBH5	GID4	2
CDH8	RFX1	2
CDH13	TXNDC11	2
IL34	ZFHX3	2
PSKH1	TSNAXIP1	2
CCDC113	CPNE2	2
CCNF	TEDC2	2
PDPK1	UBALD1	2
EMP2	SNN	2
FBXL19	RNF40	2
LONP1	RAD51	2
MCTP2	PARP6	2
REC114	THSD4	2
KNL1	LIPC	2
DTWD1	UBE3A	2
EGLN3	LONP2	2
NPAS3	PAPOLA	2
FAM177A1	PSMA6	2
FN3K	MYO16	2
CUL4A	TMCO3	2
BACE2	SRGAP1	2
PAWR	PPP4R1	2
GIT2	TRPV4	2
SUDS3	TAOK3	2
GPN3	PPTC7	2
OAS1	RPH3A	2
IQCD	MED13L	2
BCL7A	CFAP251	2
ATP2B1	CEP290	2
AMHR2	PCBP2	2
CD27	VAMP1	2
ETNK1	RASSF8	2
DHCR7	TASP1	2
SS18	YAP1	2
AMBRA1	FOXK2	2
PPP6R3	RAB11A	2
CHRNA3	WEE1	2
BBOX1	BTBD1	2
POU2AF2	SIK2	2
CEP126	DYNC2H1	2
CEP295	SMCO4	2
AQP11	RAB30	2
CDC42EP2	MRPL49	2
MEN1	PTPRJ	2
SDHAF2	SYT7	2
MTA2	UBXN1	2
CTNND1	SLC22A10	2
EPS8L2	TALDO1	2
APIP	SLC1A2	2
PHF21A	TMEM123	2
KNDC1	LSM14A	2
GGNBP2	NEBL	2
BTAF1	MARCHF5	2
ASCC1	SPOCK2	2
C10ORF67	HSPA14	2
HUWE1	KDM5C	2
DLL1	KDM6A	2
CHM	KCNIP4	2
BLVRB	USP9X	2
HTR2C	RB1	2
BRWD3	NALF1	2
PRRC2B	RXRA	2
CAMSAP1	ENTR1	2
PRRC2B	UHRF2	2
DENND1A	ENG	2
NDUFA8	TTLL11	2
DENND1A	NDUFA8	2
NR4A3	STX17	2
AK3	IL33	2
HAUS6	PMPCA	2
UBE2R2	UNC13B	2
AOPEP	CUEDC1	2
AGPAT2	EPS8L2	2
CPSF1	VPS28	2
ANXA13	ZFPM2	2
GRHL2	SPAG1	2
TRAF3	UBR5	2
KIF13B	SLC25A21	2
CDK14	ORC5	2
SAMD9	VPS50	2
GTF2IRD1	SEM1	2
NT5DC1	SEC63	2
PREP	PTPRK	2
KHDC1	SMAP1	2
HFE	JARID2	2
ANKS1A	ZNF76	2
ANKS1A	PTK7	2
COL9A1	PARP4	2
BTBD9	PLEKHB1	2
PLPP1	SPEF2	2
PLEKHG4B	ZFR	2
GLIPR2	OCIAD1	2
CRMP1	GRHL2	2
NSD2	PHTF2	2
CCDC110	WWC2	2
ING2	TRAPPC11	2
NR3C2	TENM3	2
FHIP1A	HPF1	2
RAB28	STAP1	2
CPLX1	NDRG3	2
GPM6A	SH2D3A	2
EIF3A	TBC1D1	2
DLG1	TMEM44	2
KCNMB3	SENP5	2
P3H2	TP63	2
SPSB4	STAG1	2
GLT8D1	PBRM1	2
BCL2L13	VPS8	2
MACROD2	PLSCR1	2
LENG1	NIT2	2
HRH4	TRA2B	2
MAP4	ULK2	2
EPHA4	UFSP2	2
COL4A3	DAPP1	2
PDE6D	SP140L	2
ICA1L	MAP2	2
AGPS	MOB4	2
NCKAP5	STK39	2
REV1	TMEM131	2
CHST10	MAP4K4	2
EML4	MAP4K3	2
TMEM241	UXS1	2
CCDC47	USP37	2
PARVA	STK39	2
DKK3	PDIA6	2
EPC1	QPCT	2
HSF2BP	TMPRSS2	2
GET1	PRMT2	2
DYRK1A	IFNGR2	2
CHODL	ITSN1	2
DIP2A	NRIP1	2
STX16	TAF4	2
MTCL2	TRPC4AP	2
PXMP4	RALY	2
CBFA2T2	REM1	2
MAST2	SLC39A6	2
POGZ	SLC6A13	2
PRKACB	RBM17	2
AGO3	AKR1A1	2
FAM187B	ZNF529	2
MOB3A	STK11	2
CA10	TOP1	2
MSI2	UTP18	2
CDK5RAP3	SLFN5	2
BCAS3	UTP6	2
DNAH17	SPAG7	2
DHX8	METTL16	2
ABR	VPS53	2
RABEP1	RNF167	2
ALOX12	MINK1	2
MAP2K4	PSMD12	2
PLLP	PRPSAP2	2
CA5A	KLHDC4	2
EMC8	GSE1	2
CYB5B	NLRC5	2
AKAP13	RFX7	2
SCAPER	TMEM266	2
CDIN1	RYR3	2
FOXA3	RGS6	2
PCNX1	TTLL5	2
MYO16	OSBPL1A	2
PSPC1	RMC1	2
GPR180	ZNF267	2
ATP11A	NAXD	2
EPSTI1	RCBTB2	2
RB1	USPL1	2
BCL2L13	CUX2	2
KIF16B	TMEM117	2
MAP2K2	PSMD9	2
KDM4B	WNK1	2
FGD6	VEZT	2
LEMD3	TSPAN8	2
ERC1	HEBP1	2
AEBP2	GYS2	2
PACS1	TMEM241	2
STIP1	UBE2G1	2
AMOTL1	CEP295	2
LGALS12	PRSS23	2
MRPL21	SHANK2	2
CPT1A	P4HA3	2
PLAAT2	SF1	2
MACROD1	TCN1	2
DDB1	STX3	2
PDLIM1	WDR11	2
ACSL5	VTI1A	2
MICU1	MMS19	2
SFXN2	VCL	2
ATP1B3	GRK7	2
GAB3	IKBKG	2
NEDD9	TMLHE	2
KLHL5	SLC16A2	2
MRPS31	USP9X	2
DNM1	LCN2	2
ABL1	EXOSC2	2
DMRT1	SMARCA2	2
PLGRKT	RCL1	2
GLDC	JAK2	2
AK3	RCL1	2
CNTLN	SNX30	2
ELAVL2	ZDHHC21	2
B4GALT1	SMU1	2
APTX	NOL6	2
ARHGEF39	NFX1	2
NFIX	RALGPS1	2
CYGB	PTPRD	2
TMEM11	UBAP1	2
NTRK2	PAN3	2
CHRDL2	ERP44	2
IDO1	PTPRD	2
NRG1	PDE7A	2
SAMD12	SAMHD1	2
TPX2	UNC5D	2
LYN	NTRK3	2
NRG1	THBS1	2
GRHL2	TRIM13	2
GRHL2	KCNRG	2
GRHL2	RITA1	2
AKR1B15	CALD1	2
PTPRZ1	TSPAN33	2
LAMB1	PUS7	2
ATXN7L1	LAMB1	2
ATXN7L1	SRPK2	2
AZGP1	SMURF1	2
GTF2IRD1	KMT2C	2
MTERF1	PHTF2	2
OSBPL3	PALS2	2
DPY19L1	SDK1	2
TLE5	VPS41	2
DYM	EGFR	2
LUC7L2	TTC12	2
MAD1L1	SERGEF	2
NSMCE2	PACRG	2
DST	FBLN5	2
PHF3	SACS	2
CDH12	NUDT3	2
LCP2	SGCD	2
P4HA2	PITX1	2
NREP	WDR36	2
ATG10	CREBBP	2
PPP2R5E	TRIO	2
CAPN1	HMGXB3	2
ARFIP1	MAP3K5	2
CFAP97	FAT1	2
CXXC4	INTS12	2
GSTCD	RAP1GDS1	2
ATP10D	GABRB1	2
LETM1	TSC22D1	2
ADD1	ADK	2
FOXP1	PXDNL	2
CACNA2D1	NAALADL2	2
COG5	TFDP2	2
ARIH2	TRIO	2
ATP13A4	OPA1	2
ACAP2	IQCG	2
LPP	P3H2	2
ATP11B	TFRC	2
ACTL6A	ALG3	2
CLSTN2	LPP	2
CHL1	VGLL4	2
ATP2B2	SRGAP3	2
IRAK2	SRGAP3	2
NT5DC2	WDR82	2
DPH3	MAGI1	2
PCNT	POC1A	2
ATP13A3	CBFB	2
ADK	DNAJC19	2
ATAD2	ERBB4	2
CNOT4	DTNB	2
ATP2C1	PSMD1	2
GOLIM4	SLC40A1	2
AGAP1	UBE2F	2
COL4A3	MFF	2
MYO1B	STAT4	2
NFE2L2	RFTN2	2
METTL8	RFTN2	2
FKBP7	ZNF385B	2
ACVR2A	MBD5	2
FOXN2	PLB1	2
MYO1B	ZNF536	2
INPP5D	TUBD1	2
FSIP2	PCCA	2
TMBIM4	TMEM131	2
NCKAP1	PARD3	2
GCAT	TBC1D22A	2
CACNA1I	SH3BP1	2
CELSR1	PACSIN2	2
BAIAP2L2	PLA2G6	2
POLR3H	TBC1D10A	2
PRR14L	SOX10	2
ATXN10	LIMK2	2
BCR	TOM1	2
KIAA1671	PPIL2	2
DGCR8	SGSM1	2
PCBP3	TIAM1	2
DYRK1A	RUNX1	2
PCNT	USP25	2
CNBD2	USP16	2
RALY	TPX2	2
DUSP15	TPX2	2
CBFA2T2	HM13	2
EPB41L1	TGM3	2
CDS2	FKBP1A	2
CDS2	SLX4IP	2
KIF3B	NINL	2
SLC24A3	SLX4IP	2
DTD1	RALGAPA2	2
SNX7	SPIDR	2
ACADM	EGFR	2
SLC12A7	TAF1A	2
CRACD	PUM1	2
SCMH1	SHISA5	2
DDR2	TRABD	2
LAMB3	NAB1	2
KIAA1549L	WARS2	2
CDC42BPA	PRKG1	2
FBXO28	LYZL2	2
CEP170	SDCCAG8	2
DISC1	LYST	2
MAPKAPK2	SRGAP2	2
TOR3A	XPR1	2
C1ORF21	LAMC1	2
ARHGEF2	SMG5	2
CASZ1	OBSCN	2
KAZN	TMEM51	2
ESPN	FBLIM1	2
TMEM39B	WDTC1	2
KPNA6	RHCE	2
DNAJC8	KDF1	2
EPB41	SNRNP40	2
RCC1	SERINC2	2
PIK3R3	ZSWIM5	2
DHCR24	PCNX2	2
IFT25	TUT4	2
DIPK1A	LRRC8D	2
SAMHD1	YIF1B	2
FLT3LG	SCAF1	2
PPP1R37	ZNF225	2
EML2	OPA3	2
GRAMD1A	TNFSF14	2
NDUFA7	PRKCG	2
MATK	PIP5K1C	2
HSD11B1L	SAFB	2
ZNF236	ZNF627	2
HSBP1L1	SLC66A2	2
CDH19	NEDD4L	2
DCC	ROCK1	2
B4GALT6	ROCK1	2
RIOK3	TAF4B	2
RBBP8	TAF4B	2
ABR	EWSR1	2
BAIAP2	TBCD	2
NLK	RAD51D	2
NXN	WRAP53	2
PRSS33	SRRM2	2
MGRN1	SNX29	2
FAM234A	LUC7L	2
MVP	ZNF267	2
FUS	PRSS36	2
THAP10	TLE3	2
MAP2K5	RAB27A	2
BPIFB1	FRMD6	2
PPP2R5C	TTC7B	2
CDC42BPB	PPP4R3A	2
ITPK1	SYNE2	2
SAMD4A	VRK1	2
CDADC1	EFL1	2
TFDP1	TUBGCP3	2
P2RX4	PTPN1	2
NAA25	SLC25A21	2
COQ5	DYNLL1	2
ABCB9	MPHOSPH9	2
CHST11	HCFC2	2
CS	MUCL1	2
KIF21A	TSPAN8	2
ALG10B	IGFBP6	2
DCP1B	SCNN1A	2
ANO1	DGCR2	2
BPIFA2	MARK2	2
LRP5	ZNF317	2
FHOD3	MS4A15	2
CHST1	PARD6G	2
CLDN10	TTC12	2
HEPHL1	PANX1	2
FCHSD2	GUCY1A2	2
ALG8	FGF19	2
PCNX3	RPS6KB2	2
CLPB	LRP5	2
CPT1A	FGF3	2
AAMDC	SCGB1D1	2
AP2A2	TRIM22	2
HSD17B12	TP53I11	2
BMI1	GNA13	2
LHPP	TANGO6	2
DIP2C	TECTA	2
GRK5	PDZD8	2
SEC24C	VCL	2
CTNNA3	HERC4	2
GRID1	SGMS1	2
ODAD2	PARD3	2
TBL1X	WWC3	2
ENTR1	NOTCH1	2
IARS1	IPPK	2
MATN2	MTDH	2
CCAR2	PPP3CC	2
AKAP9	ANKIB1	2
FBXL18	FSCN1	2
ACTB	COL17A1	2
NFYA	TSPO2	2
DNAJC18	SIL1	2
PAIP1	TMEM267	2
CENPC	STAP1	2
IFT80	KPNA4	2
GK5	XRN1	2
CMC1	ZCWPW2	2
PPIG	SSB	2
NF2	OSBP2	2
ASXL1	RALY	2
C1ORF174	RAD18	2
LAMC2	WASHC3	2
CELSR2	SORT1	2
EHD2	SELENOW	2
HSH2D	LDLR	2
CDC42EP4	SDK2	2
BCAS3	TLK2	2
TRIM25	TRIM37	2
FBXL20	UNC45B	2
LRRC37B	SUZ12	2
HACD3	RAB11A	2
PPARA	SLC16A7	2
FRS2	LEMD3	2
OS9	TSFM	2
EED	HIKESHI	2
CPT1A	KMT5B	2
CCDC73	CSTF3	2
ARMH3	LDB1	2
DNAJB12	MICU1	2
CMC4	FLNA	2
ATRX	LPAR4	2
ERAS	PQBP1	2
DENND1A	RRAGB	2
MTMR1	NRF1	2
UBR2	ZNF75D	2
CLCN4	TFAP2A	2
CDKAL1	CLCN4	2
EPHA5	HCFC1	2
HTR3D	MSN	2
DIDO1	RPS4X	2
CYP4F2	MAGED1	2
ABL1	KYAT1	2
AOPEP	URM1	2
ADAMTSL2	MAPKAP1	2
LMX1B	RALGPS1	2
RABGAP1	TTLL11	2
HSDL2	KIAA1958	2
ABCA1	ZBTB6	2
CORO2A	XPA	2
SECISBP2	WNK2	2
SLC1A1	SMARCA2	2
FREM1	NFIB	2
IFT74	WNK2	2
LRRC19	SNAPC3	2
ELAVL2	FOCAD	2
LINGO2	TLN1	2
LRRC19	ZCCHC7	2
B4GALT1	PHF24	2
PRSS3	UBE2R2	2
UBAP1	UNC13B	2
PAX5	SHB	2
NFX1	TMEM8B	2
NFX1	NOL6	2
DCAF10	PAX5	2
EEF1A2	MTAP	2
ZBTB7C	ZCCHC7	2
RNF38	ROCK1	2
GNE	ROCK1	2
CCDC171	GNA13	2
EPYC	RIC1	2
MCU	RAPGEF1	2
APTX	ARL5B	2
PRSS3	RNF19A	2
SLC26A7	UBAP2	2
PURG	UBAP1	2
EXT1	TMEM65	2
DNAAF11	KCNQ3	2
ANXA13	FBXO32	2
OXR1	RSPO2	2
CYRIB	VIRMA	2
NCALD	NSMCE2	2
RBM12B	RSPO2	2
RNF19A	TRIQK	2
RRM2B	ZNF704	2
RALYL	TPD52	2
CTSB	DEFB136	2
INTS10	PSD3	2
BNIP3L	DPYSL2	2
CSMD1	KAT6A	2
FGFR1	RAB11FIP1	2
FGFR1	KAT6A	2
GPAT4	HGSNAT	2
DDHD2	PLPP5	2
ADAM9	HTRA4	2
NRG1	THAP7	2
EIF3K	PPP2R2A	2
ADAM18	MED29	2
ERCC2	LETM2	2
NRG1	SMAD4	2
NEDD4	RDH10	2
CDIN1	CSMD1	2
BUB1B	PCM1	2
RTN1	SAMD12	2
VRK1	ZFHX4	2
ADAMDEC1	EML1	2
ADAM32	RPAP3	2
ADAMTSL1	ERV3-1	2
PTK2	UBE2H	2
KCNU1	SEMA3D	2
C8ORF34	HDAC9	2
AGAP3	TMUB1	2
NCAPG2	PAXIP1	2
ABCB8	NUB1	2
SMO	TSPAN33	2
ATP6V1F	CPED1	2
GRM8	HIPK2	2
CHRM2	RELN	2
AHCYL2	CUX1	2
SYPL1	TMEM168	2
ANKRD7	DUS4L	2
AP4M1	LAMTOR4	2
IMMP2L	LMTK2	2
ANKIB1	BAIAP2L1	2
MAGI2	SLC25A13	2
AKAP9	PEX1	2
ANKIB1	LMTK2	2
AUTS2	EZH2	2
KDELR2	SNX8	2
ICA1	SUN1	2
HNRNPA2B1	SKAP2	2
JAZF1	SFRP4	2
CROT	GLI3	2
ELMO1	SCIN	2
SCRN1	WIPF3	2
UPP1	URGCP	2
SUGCT	ZPBP	2
NIPSNAP2	PSPH	2
CHODL	LANCL2	2
PLCB1	SHH	2
EPHA1	USP32	2
GLI3	MBNL2	2
COA1	SINHCAF	2
MGAM	PPP6R3	2
LRP5	SRPK2	2
CUX1	EHBP1L1	2
UBQLN1	ZFAND3	2
AMPH	KCNQ5	2
DTNBP1	GPR146	2
CDKAL1	DPY19L1	2
FRMD1	MAP3K4	2
ESR1	TULP4	2
IGF2R	SYTL3	2
ESR1	TFB1M	2
MED23	RNF217	2
EPB41L2	LAMA2	2
ATG5	SYNJ2	2
QRSL1	RTN4IP1	2
ATG5	EPHA7	2
BYSL	METTL24	2
ASCC3	SIM1	2
PPIL6	SENP6	2
GABRR2	ME1	2
ME1	UBE3D	2
ME1	SNAP91	2
EYS	SESN1	2
FAM50B	PPP1R3G	2
F13A1	KIF13A	2
CCHCR1	KIF13A	2
ARID1B	ENPP4	2
SLC22A16	TAF8	2
CEP57L1	SRPK1	2
HSPA1L	VARS1	2
ABCC10	TJAP1	2
MDFI	TFEB	2
BICRAL	PPP2R5D	2
DNAH8	NUDT3	2
ABHD16A	LY6G6F	2
DST	KCNQ5	2
DST	TRIM38	2
COL21A1	FAM83B	2
COL21A1	DST	2
CENPQ	MMUT	2
PI4KA	RREB1	2
EYS	TPX2	2
BLTP3A	OSBPL1A	2
PHACTR1	TNRC6C	2
LRRC1	TRAF7	2
SLC22A23	TRAF3	2
MLIP	TMEM260	2
AKAP6	DST	2
MS4A12	NKAIN2	2
ATG5	NTM	2
MAPKAP1	SLC1A3	2
KHDRBS3	PDE4D	2
EXTL3	NDUFS4	2
KIAA1191	NOP16	2
ARHGAP26	UBE2D2	2
HARS1	TMCO6	2
ADGRV1	PJA2	2
SERINC5	THBS4	2
MCTP1	PDE4D	2
GPX8	RNF180	2
ARL15	MOCS2	2
ROPN1L	SEMA5A	2
AHRR	PLEKHG4B	2
BRD9	CEP72	2
FGF10	RICTOR	2
FGF10	NIPBL	2
SIL1	SMC1B	2
MAPRE1	NIPBL	2
CEACAM21	ITGA2	2
RAD51D	SLCO6A1	2
BRD9	CBFB	2
CREBBP	HCN1	2
G3BP1	PCDH9	2
CRYL1	PARP8	2
NIPBL	STK24	2
TMEM117	TTC33	2
C11ORF58	NSD1	2
LDLRAD3	SNCB	2
CISD1	GABRA1	2
ADAMTS3	SNX30	2
AFAP1	SMU1	2
FBXW7	SLC20A2	2
CXCL11	DYNC1I1	2
ART3	SLC25A13	2
ADGRL3	BBS9	2
EEPD1	FAM114A1	2
FAT1	IRF2	2
MGST2	NAA15	2
DAPP1	SLC4A4	2
MARCHF1	PTPN13	2
CCNI	MRPL1	2
KIT	SLC4A4	2
EXOC1	SPATA18	2
SGCB	SPATA18	2
CLOCK	SRD5A3	2
ADD1	FAM193A	2
RAB28	TBC1D1	2
ARAP2	PDS5A	2
LIMCH1	MANBA	2
LIMCH1	OCIAD2	2
ATP10D	GABRA2	2
GATAD2A	STIM2	2
GABRB1	ZNF430	2
MSI2	SYNPO2	2
FANCI	PCGF3	2
BMP3	TRAF3	2
ALDH2	LRBA	2
LAMTOR3	TXNRD1	2
EXT2	PRMT9	2
COX7B2	PIP4K2A	2
AOPEP	WDR53	2
NAALADL2	SMC5	2
QSOX2	TMCC1	2
DYNLT2B	MROH1	2
FYTTD1	WRN	2
PHLDB2	RIMS2	2
ERLIN2	ROBO2	2
SCRN1	WDR53	2
MSL2	OPRM1	2
EYS	SETMAR	2
ATG7	RSPH3	2
SREK1	ST6GAL1	2
MTRR	NMD3	2
FGF10	FXR1	2
GOLPH3	LRTM1	2
GOLIM4	RNF175	2
ATP11B	ZNF595	2
IFT122	LNX1	2
FGF12	LRRC15	2
TPRG1	XXYLT1	2
IL1RAP	TP63	2
IL1RAP	TMEM207	2
COL6A5	IL1RAP	2
ST6GAL1	TBCCD1	2
KLHL24	MCF2L2	2
ECE2	HTR3C	2
ALG3	B3GNT5	2
ATP11B	YEATS2	2
NLGN1	VPS8	2
SOX2	TPRG1	2
GOLIM4	LPP	2
ATP11B	TPRG1	2
MCCC1	NAALADL2	2
SPATA16	TNIK	2
FNDC3B	SKIL	2
MYNN	NLGN1	2
FNDC3B	SPATA16	2
FNDC3B	SLC7A14	2
ATP11B	FXR1	2
ARMC8	MECOM	2
B3GNT5	PPM1L	2
DCUN1D1	MBNL1	2
GOLIM4	MED12L	2
CPA3	TFRC	2
KCNAB1	SLC9A9	2
PEX5L	SLC25A36	2
RASA2	SPSB4	2
PXYLP1	RASA2	2
PLS1	TFDP2	2
ATP1B3	RNF7	2
KALRN	RASA2	2
ATP2C1	MBNL1	2
PPP2R3A	SPSB4	2
RYK	SLCO2A1	2
ECT2	KALRN	2
ADCY5	TSC22D2	2
ESYT3	RPN1	2
SEC22A	TXNRD3	2
CASR	CSTA	2
CFAP44	ZBTB20	2
C3ORF52	CD86	2
DCBLD2	KALRN	2
ABI3BP	DCBLD2	2
CRYBG3	IL20RB	2
ITPR1	SUMF1	2
MYD88	OXSR1	2
RBM6	SEMA3F	2
INKA1	RBM6	2
GNL3	MANF	2
EXOSC7	ZDHHC3	2
FRMD4B	PPP2R3A	2
MED12L	ROBO1	2
GBE1	ZNF385D	2
RTN4R	SLC35G2	2
MCM3AP	PTPRG	2
TMEM40	XRN2	2
FRMD4B	RBM38	2
ANKRD27	SENP2	2
CEP89	KLHL24	2
METTL4	STXBP5L	2
DYNLT2B	GRB2	2
MAP2K3	SSR3	2
AGTR1	NF1	2
AXIN1	TMEM207	2
GAN	GRM7	2
ADAMTSL3	MCCC1	2
IDH2	RBM6	2
LPP	TC2N	2
TPRG1	ZBTB25	2
LSAMP	RCOR1	2
TOGARAM1	UBE2E2	2
KITLG	TNNC1	2
LNP1	PAK1	2
STIM1	VHL	2
KIAA1217	LPP	2
ACSL5	B4GALT4	2
ARMC3	ATG7	2
EHBP1	VAV2	2
DNPEP	TNKS	2
EML4	MET	2
AFTPH	GLYATL3	2
OXCT1	TMEM17	2
ELF2	ICA1L	2
NAALADL2	NCKAP5	2
AAK1	WFDC13	2
ATG16L1	DGKD	2
KIF1A	TRIP12	2
NDUFA10	SGPP2	2
COL4A3	EPHA4	2
AAMP	MARCHF4	2
PARD3B	VWC2L	2
KIAA2012	NOP58	2
BMPR2	NOP58	2
FARP2	ITGAV	2
FAM171B	ZC3H15	2
NCKAP1	NUP35	2
GULP1	NAB1	2
FAM117B	PPIG	2
ADAM23	CERKL	2
NFE2L2	PDE11A	2
HAT1	METAP1D	2
SP3	STK39	2
BAZ2B	CYBRD1	2
PKP4	TANC1	2
LYPD6B	MBD5	2
HECW2	LRP1B	2
CYTIP	MGAT5	2
CCNT2	RAB3GAP1	2
CREG2	TLK1	2
FAM178B	SEMA4C	2
FER1L5	LMAN2L	2
IFT172	PPM1G	2
ALK	CLIP4	2
SPAST	TTC27	2
EML4	THADA	2
ACYP2	PPP1CB	2
FOXN2	SPTBN1	2
PLEKHM3	UGP2	2
USP34	ZNF2	2
GFPT1	NFU1	2
CHMP3	PEX13	2
KDM3A	PUS10	2
CTNNA2	MRPL35	2
GGCX	USP39	2
EFR3B	NCAN	2
ANXA4	RBBP8	2
AANAT	AGAP1	2
ARL4D	MREG	2
KANSL1	PARD3B	2
CDC42EP4	SEPTIN10	2
CTF1	RTKN	2
SLC38A6	TANK	2
MNAT1	TANK	2
DRAM1	PPP1CB	2
GRID1	PTPN4	2
CCNY	VWA3B	2
FBLN1	TBC1D22A	2
MRTFA	SLC25A17	2
GTSE1	TTC38	2
ARFGAP3	PACSIN2	2
CELSR1	SEZ6L	2
MTMR3	NF2	2
MTMR3	RNF215	2
DRG1	MYO18B	2
C22ORF31	CHEK2	2
HIRA	ZMAT5	2
PITPNB	TANGO2	2
MED15	ZNRF3	2
PI4KA	PRODH	2
IL17RA	SCARF2	2
CRKL	DGCR8	2
FAM3B	MORC3	2
GART	PCP4	2
PISD	RBL1	2
NCOA5	ZNF335	2
MYT1	TCEA2	2
ADNP	PCIF1	2
ACSS2	SLC2A10	2
GGT7	NCOA3	2
BMP7	PIGU	2
SLC2A10	TOP1	2
CTCFL	RALGAPB	2
ADNP	DLGAP4	2
GDF5	UQCC1	2
MYL9	RPN2	2
ACSS2	PIGU	2
CCM2L	HCK	2
ADRA1D	EIF2S2	2
PLCB1	RBL1	2
MKKS	MMP24	2
MACROD2	UBOX5	2
MCM8	PLCB1	2
ACSS1	DBNDD2	2
MACROD2	SLC24A3	2
GINS1	NINL	2
CDKN2A	SRGAP2	2
LELP1	ZHX2	2
PIP5K1A	SLC20A2	2
KCNAB2	POLB	2
ASH1L	CDKAL1	2
RIPOR2	WASF2	2
CMBL	DARS2	2
DARS2	ZFR	2
ARID1A	NIPBL	2
CTNND2	MTF2	2
AFAP1	SLC45A1	2
ALG6	BMPR1B	2
CWH43	NOTCH2	2
EEFSEC	UBAP2L	2
FGF12	KAZN	2
TAF12	TPRG1	2
PATJ	PRSS50	2
IGSF3	PARL	2
MAPK1	SSU72	2
AMPD1	TFIP11	2
NTSR1	PGD	2
BTBD3	MACF1	2
PIKFYVE	ZNF124	2
COBLL1	SMYD3	2
MAN1A2	REL	2
NFIX	WDR26	2
NME7	PEPD	2
CBARP	FBXO42	2
ELL	LDLRAD1	2
ATF3	CDH20	2
CHST9	DLGAP3	2
NR5A2	NUP85	2
ALDOC	MAN1A2	2
BAZ1A	RNF115	2
PANK4	RGS6	2
MNAT1	SPSB1	2
CNIH3	RB1	2
FAAH	NUFIP1	2
AEBP2	ENAH	2
ARID4B	SOX5	2
KCTD3	PITPNM2	2
GRIP1	XCL1	2
CTNNBIP1	PUS1	2
CAMSAP2	CARS1	2
ETS1	NEGR1	2
HS2ST1	MICAL2	2
EGLN1	PTPRF	2
PGBD2	SMYD2	2
DESI2	HHAT	2
PPP1R12B	SUSD4	2
IRF6	SRGAP2	2
ATP2B4	NEK7	2
STX6	TNR	2
HMCN1	RNF2	2
SFT2D2	SUCO	2
FMO1	PRRC2C	2
CASQ1	CHRM3	2
CR2	DUSP12	2
DCAF8	NME7	2
NOS1AP	UAP1	2
ARHGEF11	SMCP	2
GON4L	MEX3A	2
EFNA3	FLAD1	2
TARS2	VPS45	2
PRPF3	RPRD2	2
PIP5K1A	TNFAIP8L2	2
PEX14	PRG4	2
SELENON	USP48	2
MAN1C1	USP48	2
PLEKHG5	UBE4B	2
PDPN	UBE4B	2
CDK11A	MXRA8	2
E2F2	HNRNPR	2
CALML6	GNB1	2
CTNNBIP1	UBE4B	2
CAMTA1	DHRS3	2
ARHGEF10L	PADI4	2
STX12	TMEM222	2
EIF4G3	PUM1	2
KPNA6	ZCCHC17	2
BSDC1	HDAC1	2
MACF1	RHBDL2	2
INPP5B	MACF1	2
MFSD2A	SLC5A9	2
FAF1	OSBPL9	2
FOXJ3	RABGGTB	2
AK5	ST6GALNAC3	2
PIGK	TGFBR3	2
LRRC8D	TMEM9	2
CSMD2	TRIM33	2
CFAP276	SLC35A3	2
CD2	PTGFRN	2
PHGDH	WARS2	2
HMGCS2	PHGDH	2
ITSN1	ZNF490	2
SCN1B	ZNF599	2
NLRP9	U2AF2	2
COQ8B	RAB4B	2
FLT3LG	PRR12	2
GARRE1	PDCD2L	2
BLVRB	FAM98C	2
EGLN2	PLD3	2
CLPTM1	OPA3	2
CEACAM16	CLPTM1	2
CCDC97	SIPA1L3	2
ANKRD27	ZFP14	2
ANKRD27	DPY19L3	2
ACTN4	CATSPERG	2
ANKRD27	ZNF536	2
SSBP4	ZNF8	2
SIGLECL1	ZNF557	2
MZF1	TEKTL1	2
EPS15L1	ZNF473	2
CRTC1	LYPD4	2
SLC1A6	ZSWIM4	2
NFIC	ZNF653	2
CNN1	ZNF653	2
RFX2	ZNF562	2
FARSA	ZNF490	2
SBNO2	TMEM259	2
KDM4B	SMARCA4	2
C19ORF38	SMARCA4	2
BEST2	RNASEH2A	2
ASF1B	PRKACA	2
HNRNPM	ICAM1	2
HOOK2	RTBDN	2
GZMM	HNRNPM	2
CNN1	FZR1	2
BRME1	DCAF15	2
ARHGEF18	TECR	2
B4GALT6	SETD4	2
FTL	PTPN2	2
MALT1	ZNF532	2
EPG5	ST8SIA5	2
CTIF	PSTPIP2	2
CDH2	ROCK1	2
TYMS	YES1	2
NAPG	PIEZO2	2
AFG3L2	CEP192	2
ANKRD12	EPB41L3	2
DNAH2	RTN4R	2
APOL2	ULK2	2
ALDH3A1	MYH9	2
L3MBTL4	P4HB	2
B3GNTL1	WDR45B	2
PRPSAP1	UBE2O	2
TIMP2	UBALD2	2
SRP68	TRIM65	2
PCYT2	TMEM104	2
NPLOC4	P4HB	2
ITGB4	OTOP2	2
ABCA5	C17ORF67	2
PTRH2	TUBD1	2
PTRH2	RNFT1	2
MRC2	VMP1	2
BCAS3	MARCHF10	2
MSI2	SYNGR2	2
RPTOR	STXBP4	2
CSNK1D	SCPEP1	2
DDX42	VEZF1	2
ICAM2	MSI2	2
AKAP1	MSI2	2
SEC14L1	SPOP	2
C1QL1	SLC16A5	2
DGKE	EPN3	2
PHB1	ZNF652	2
LUC7L3	SPATA20	2
JUP	P3H4	2
KANSL1	UNC45B	2
ATP6V0A1	DUSP14	2
CDR2L	KSR1	2
GPATCH8	TMEM98	2
PSMD11	RHOT1	2
BLTP2	SEZ6	2
NCBP3	TAX1BP3	2
PLD2	RNF167	2
MYO1C	SMG6	2
CRK	STX8	2
ABR	GAS7	2
IFT20	RAI1	2
ALDH3A1	ULK2	2
BCR	MYH11	2
EMC10	POLR3K	2
JPT2	WDR18	2
NSMCE1	PEX11G	2
COLEC12	ZNF200	2
GNAO1	HGS	2
FANCA	SPATA2L	2
CYBA	MEAK7	2
WWP2	ZFHX3	2
CDH3	NFAT5	2
CTCF	E2F4	2
DDX19B	N4BP1	2
HEATR3	TENT4B	2
MAPK8IP3	TSC2	2
MYH11	RAB40C	2
RAB11FIP3	RGS11	2
CREBBP	PRSS33	2
ALG1	SEC14L5	2
ABCC1	IQCK	2
ADCY9	PRKCB	2
IL21R	RNF40	2
CAPN3	USP25	2
ADAMTS17	CERS3	2
AKAP13	IGF1R	2
AKAP13	CHD2	2
BTBD1	MRPL46	2
HMG20A	RCN2	2
LYSMD2	SCG3	2
TTBK2	UBR1	2
ATP6V1D	PARVB	2
RUNX1	TTC7B	2
THSD4	WARS1	2
MARK3	TDRD9	2
FBLN5	MARK3	2
EIF5	MARK3	2
EML1	TTLL5	2
CDC42BPB	ZFYVE1	2
MARK3	RAD51B	2
ENTPD5	MARK3	2
RGS6	TTLL5	2
FLVCR2	JDP2	2
PLEKHH1	PPP2R5E	2
DCAF5	GPHN	2
AP5M1	MNAT1	2
PYGL	TRIM9	2
GPR137C	PSMC6	2
DMAC2L	MAP4K5	2
NIN	STXBP6	2
PRPF39	TOGARAM1	2
NKX2-1	SLC25A21	2
ARHGAP5	NUBPL	2
AKAP6	ARHGAP5	2
DHRS1	METTL3	2
GADD45GIP1	RB1	2
SPACA7	TMCO3	2
ATP4B	PCID2	2
FGF14	NALF1	2
FARP1	GPC6	2
PHF11	SETDB2	2
MIPEP	SACS	2
TSPAN9	TTC38	2
AVIL	UNK	2
GGNBP2	TULP3	2
FBXW8	ULK1	2
HECTD4	OAS2	2
HECTD4	PEBP1	2
FAM222A	MSI1	2
CIT	FAM222A	2
BRAP	FAM216A	2
ATP2A2	EP400	2
MTRFR	SLC11A2	2
NOC4L	STAB2	2
CKAP4	FBRSL1	2
APPL2	CIT	2
HCFC2	TXNRD1	2
GLT8D2	TXNRD1	2
DEPDC4	SCYL2	2
PPP1R12A	TBC1D30	2
ATP23	PPP1R12A	2
KICS2	PPM1H	2
EEF1AKMT3	RASSF3	2
GTSF1	ITGA5	2
DCTN2	DDX23	2
ARID2	SPSB2	2
CCND2	GCN1	2
BORCS5	PTPRR	2
NINJ2	WNT5B	2
PRR4	TIGAR	2
ATN1	RAD51AP1	2
ITFG2	TULP3	2
ERC1	MRPL51	2
RAD51AP1	SLCO1C1	2
GOLT1B	IAPP	2
CMAS	ETNK1	2
CCDC91	PDZRN4	2
ITPR2	RESF1	2
RNF214	SREBF2	2
PPFIA1	RBFOX2	2
DENND5A	KLHL22	2
ABHD12	NUMA1	2
CELF1	CHMP4B	2
PIK3C3	TRPC6	2
CTTN	DSG1	2
FCHSD2	MAP3K3	2
MSL1	SHANK2	2
FADS2	SLC47A2	2
BUB1B	SPINDOC	2
BUB1B	MARK2	2
ANO1	SLC7A8	2
GTF2F2	RSF1	2
PCDH9	RNF121	2
CD3G	TMEM25	2
BTG4	POU2AF1	2
ATP5MG	UBE4A	2
CWF19L2	JAML	2
ARHGAP42	SBF2	2
DEUP1	PANX1	2
CCDC90B	RAB30	2
NADSYN1	PLET1	2
PC	STIP1	2
EHD1	SF1	2
PAAF1	RELT	2
LRP5	PPP6R3	2
KDM2A	PC	2
CHKA	PACS1	2
KRTAP5-10	NADSYN1	2
FRMD8	POLA2	2
EHBP1L1	FRMD8	2
CDC42EP2	DPF2	2
CLPB	FCHSD2	2
CATSPERZ	CCDC88B	2
ANO1	FGF3	2
ALDH3B2	PLAAT3	2
TMEM179B	TPCN2	2
CPT1A	LPXN	2
CCS	INCENP	2
AHNAK	DPF2	2
NXF1	WDR74	2
INTS5	LBHD1	2
AHNAK	NXF1	2
AHNAK	EEF1G	2
CTNND1	LARGE2	2
PRMT3	SBF2	2
DEAF1	RASSF7	2
DENND2B	GALNT18	2
BTBD10	PTH	2
AP2A2	PSMD13	2
AP2A2	EPS8L2	2
FNBP4	NECTIN1	2
CSTPP1	SHANK2	2
ARHGAP1	PPP6R3	2
HIPK3	LARGE2	2
CKAP5	PHF21A	2
AMBRA1	ATG13	2
BID	PAPSS2	2
ATRN	TNKS2	2
EEF2K	FAM241B	2
ACIN1	SHTN1	2
DNMBP	TPTE2	2
CCDC6	KITLG	2
NDUFA9	SLC25A16	2
LARP4B	SMCO3	2
CTNNA3	IGF2	2
BTBD16	PLEKHA1	2
ATE1	FGFR2	2
ATE1	DNAJB12	2
CCDC186	GFRA1	2
EXOSC1	RRP12	2
NEURL1	PDCD11	2
PDLIM1	SH3PXD2A	2
EXOC6	TBC1D12	2
KIF20B	PTEN	2
ADK	LRMDA	2
DNAJC12	SIRT1	2
MARCHF8	MSMB	2
AKR1C4	SFMBT2	2
DNAJC1	SKIDA1	2
NSUN6	PARD3	2
EP300	VGLL3	2
TCF12	VGLL3	2
BCOR	RTL9	2
FOXO3	OGT	2
MAMLD1	VGLL3	2
CLTC	SYK	2
PDGFD	TNC	2
PCMTD1	PLAG1	2
ADGRF5	THBS1	2
PDGFRA	USP35	2
RAF1	SLMAP	2
CHD9	VGLL3	2
FN1	TEK	2
FN1	PRG4	2
JAK1	PML	2
ERG	TCF4	2
CRTC1	MRTFB	2
FUS	NACC1	2
NTRK3	TPM4	2
CREBBP	KDM2B	2
KDM2B	NUTM2B	2
CYP2E1	MTG1	2
PAK2	RNF13	2
CTCF	NCOA2	2
A2M	ALK	2
TFE3	U2AF2	2
NCOA2	ZFTA	2
CNOT2	DPY19L2	2
YAP1	YAP1	2
SS18	VGLL3	2
DHRS1	RABGGTA	2
ANK1	FGFR1	2
EWSR1	NF2	2
EFCAB2	SMYD3	2
KMT2A	TCF12	2
KMT2A	MYH11	2
RUNX1	ZFPM2	2
CXXC5	MN1	2
IRS2	MYO16	2
IRF4	TRA	2
ERBB4	IKZF2	2
THAP4	VAV1	2
MYO1F	VAV1	2
NECTIN2	TRA	2
FLT3	TRIP11	2
EWSR1	SSX3	2
EWSR1	SSX2	2
LRP1	SNRNP25	2
CACNA1C	ETV6	2
BCAS3	PPM1D	2
ANKH	FOS	2
BRAF	FNBP1	2
FOXR2	PHF1	2
EP400	PHF1	2
CLSTN2	RORA	2
GLOD4	VPS53	2
TRB	TRG	2
SNTB2	VPS4A	2
ANKDD1A	PLEKHO2	2
CTSD	IFITM10	2
COL1A2	USP6	2
TPM4	USP6	2
PPP6R3	USP6	2
DDX6	IGH	2
BRAF	EPS15	2
BEND2	TCF3	2
ESR1	MYB	2
ATXN1	DUX4	2
BEND5	NTRK2	2
NTRK2	PRUNE2	2
FOXP2	MET	2
KANSL1	KAT6A	2
FUS	POU5F1	2
MYO18A	PDGFRB	2
GIT2	PDGFRB	2
GOLGA4	PDGFRB	2
CAPRIN1	PDGFRB	2
PDGFRB	TSC1	2
MPRIP	PDGFRB	2
ELOA	RPL11	2
KMT2A	MAPRE1	2
DSCAML1	KMT2A	2
MEF2D	NCOA2	2
IGH	P2RY8	2
PDSS2	SOBP	2
HSPA5	MARCHF1	2
RNF150	TBC1D9	2
FGFR3	KLF2	2
PCOLCE2	RPL8	2
HLA-A	IGK	2
BCL2L11	CXCR4	2
IGK	ITM2C	2
FOSB	IGK	2
ARID5A	B2M	2
CXCR4	IGH	2
IGH	YPEL5	2
CCND1	IGK	2
PLXNB2	SCO2	2
BRD1	PIM3	2
IGK	MEF2D	2
IGK	MCL1	2
IGK	JUN	2
IGH	JUN	2
ATP2B4	ZC3H11A	2
BBC3	KLF2	2
PTBP1	TMEM259	2
PIAS4	ZBTB7A	2
KLF2	OAZ1	2
DOT1L	OAZ1	2
CATSPERD	LONP1	2
CTDP1	NFATC1	2
IGH	MAFB	2
FOSB	IGH	2
IGH	UBALD2	2
DDX5	IGH	2
GOLGA3	RPS11	2
DDX5	UBC	2
DENND5B	SINHCAF	2
FAM168A	FCHSD2	2
BMI1	ZEB1	2
CYB5R4	RIPPLY2	2
CACNA2D3	PRKAR2A	2
FHIT	FOXP1	2
CTDSPL	TNRC6B	2
DOCK3	TMIGD2	2
ABCA9	EPHA3	2
CARD10	LRRFIP1	2
BAIAP2L2	FAM83F	2
LIMK2	MED15	2
ITSN1	MAP3K7CL	2
POU2F1	ZFYVE28	2
ATXN10	COL16A1	2
CHD6	SPEN	2
C1ORF87	VASP	2
CDK2AP1	NFIA	2
MACO1	ZBTB40	2
LRRC38	PRDM2	2
NANOS3	SBNO2	2
DAZAP1	SBNO2	2
AMZ2	BTBD2	2
NBR1	RPL27	2
CWC25	RETREG3	2
BCAS3	MYO18A	2
HDAC5	SLC13A2	2
ATP5MC1	RAI1	2
ALDH3A1	NF1	2
ELL	RABGGTA	2
GDF1	PARP4	2
ARHGEF9	ATRX	2
CDCA7L	PASD1	2
PBX3	SH3GL2	2
SLC1A1	VLDLR	2
CDKN2A	SHB	2
MAPKAP1	RNF111	2
HECTD4	IFT74	2
MLLT3	SYT10	2
EXOSC4	NEIL2	2
ATP11A	COL14A1	2
PRKAG2	WASL	2
CDK14	SAV1	2
PTPN12	ZCCHC8	2
ADGB	ARHGEF10	2
GJA1	PLEKHG1	2
FKBP5	ZDHHC14	2
CARMIL1	DCDC2	2
MED20	UBR2	2
DDR1	TNXB	2
FKBPL	PRRC2A	2
PRKN	SMOX	2
CRYL1	MYO6	2
RALGPS1	TENM2	2
CDKN2A	FASTKD3	2
MTSS1	SLC35A4	2
MTRR	TENT4A	2
LIFR	RAB5IF	2
GABRA5	VCAN	2
ALPK1	GALNTL6	2
HNRNPD	PRKG2	2
KPNA1	NCK1	2
ARPP21	CLDND1	2
CTNNB1	DOCK3	2
LRRFIP2	ZNF589	2
SFMBT1	ZDHHC3	2
NISCH	SETD2	2
NBEAL2	SETD2	2
ITIH3	PLXNB1	2
FBXW12	PBRM1	2
GLT8D1	PLXNB1	2
SETD2	SPATA12	2
EOGT	SYNPR	2
MACROD2	SETD2	2
CATSPERG	RASSF1	2
BAP1	RILP	2
CACNA2D3	SCAF11	2
SGCZ	TAF1B	2
ACOX3	STAT1	2
AGPS	CEP63	2
ANKAR	ANKRD44	2
SCN7A	STK39	2
AFF3	CRIM1	2
DCTN1	WDR54	2
NCK2	NUP93	2
CTNNA2	GLT1D1	2
EVA1C	TCP10L	2
ELMO2	MYBL2	2
BAP1	TCEA3	2
IGSF8	NRIP1	2
CHN1	PGM1	2
DAB1	HNRNPUL1	2
NF1	OSCP1	2
AKT3	HEATR1	2
SIPA1L2	TBCE	2
NTPCR	SIPA1L2	2
LRRC40	MICOS10	2
SMG9	ZHX3	2
SAMD4B	ZNF780A	2
NOSIP	STK11	2
C19ORF25	PEPD	2
NF2	RHOT1	2
CDK5RAP3	PRR15L	2
RSPRY1	TUBB3	2
NFAT5	NUP93	2
NF2	PIAS1	2
AKAP13	GOLM2	2
FBN1	TEX9	2
MGA	PLA2G4D	2
APBA2	OCA2	2
CIDEA	ETV6	2
CFAP251	MGA	2
PITPNM2	UBE3B	2
CCDC60	CFAP54	2
PTBP1	SCGB1C1	2
ALG9	PDGFD	2
DPAGT1	HIPK3	2
ADAP2	UNC5B	2
LRIT1	NT5C2	2
CDC123	HK1	2
FAM107B	FRMD4A	2
MAP3K3	TNS3	2
ALK	NBEA	2
FXYD3	FXYD5	2
NFATC3	PRMT7	2
SUFU	WBP1L	2
MAP3K8	SVIL	2
BCORL1	JAZF1	2
GTF2A1	NCOA2	2
ESR1	NCOA3	2
GREB1	NR4A3	2
GREB1	NCOA1	2
GLI2	PTCH1	2
ALK	PRRC2B	2
AGAP1	FGFR1	2
CTCF	NCOA3	2
KDM6A	RPS6KA3	2
CDKN2A	MYH10	2
ASAP1	TRAPPC9	2
GALNT11	PTPRN2	2
NOM1	UVRAG	2
ARID1B	ZDHHC14	2
EPB41L2	PTPRK	2
EXOC2	GMDS	2
MGAT4B	RNF130	2
PAIP2	SIL1	2
DAP	SEMA5A	2
FGD5	SLC6A6	2
ARHGEF2	YY1AP1	2
CASC3	HNF1B	2
ASIC2	NF1	2
MPRIP	TNFRSF13B	2
IQGAP1	RASGRF1	2
CSRP2	ZDHHC17	2
OSBPL8	TSPAN8	2
TBC1D15	TRHDE	2
MGAT4C	PPFIA2	2
MDM2	MYRFL	2
AVIL	CPM	2
GNS	NUP107	2
SRGAP1	USP15	2
NF2	TCF20	2
FOSB	LMNA	2
FAM118B	YAP1	2
BAIAP2L1	BRAF	2
BRAF	CLIP2	2
ARID1B	SNX9	2
HLA-A	ROS1	2
MYH9	ROS1	2
MYO5A	ROS1	2
PPFIBP1	ROS1	2
CAPRIN1	ROS1	2
PWWP2A	ROS1	2
CTDSPL	RAF1	2
MYH9	RET	2
NTRK3	VIM	2
OPTN	RET	2
CIITA	PIERCE2	2
LCN15	NOTCH1	2
DCAF12	UBAP2	2
PCMTD1	PXDNL	2
ACTB	FBXL18	2
BCL6	POU2AF1	2
BCL6	IGK	2
DEFB124	SERTAD2	2
CHN1	WIPF1	2
USP34	XPO1	2
POLR1A	REEP1	2
CRELD2	PIM3	2
ARF1	GUK1	2
DCAF6	TIPRL	2
PALM	PTBP1	2
NDC80	SMCHD1	2
HOXB3	PITPNC1	2
CPD	EFCAB5	2
ANKRD11	VPS9D1	2
LITAF	SNX29	2
CLDN10	DNAJC3	2
CCND2	IGK	2
CCND2	IGL	2
EWSR1	RORB	2
ALK	ERC1	2
ROS1	TJP1	2
BRAF	ZKSCAN5	2
BCAP31	HMGB3	2
SH3KBP1	VSIG1	2
RBBP7	USP9X	2
AHR	CUL4B	2
GABRA3	HMGA2	2
GABRA3	SARNP	2
SLCO1A2	ZDHHC9	2
NAV3	PDK3	2
F8	ODF2L	2
GLE1	SLC27A4	2
EEIG1	PHF19	2
GTF3C5	PHF2	2
PBX3	RABGAP1	2
AKNA	SMC2	2
ABCA1	ZNF483	2
AOPEP	CORO2A	2
NTRK2	TRAF2	2
C9ORF85	FXN	2
FOCAD	IFT74	2
AIF1L	NRSN2	2
ANKRD27	RNF38	2
NIBAN2	SNRNP25	2
ADAMTSL1	WNT5B	2
BRD10	CLPB	2
BICC1	GNE	2
MED27	TG	2
MVB12B	TG	2
ASAP1	CDKN2B	2
LONRF1	PSMB7	2
ANXA13	KHDRBS3	2
ADCK5	HSF1	2
ESRP1	INTS8	2
BAALC	UBR5	2
AZIN1	RNF19A	2
ATP6V1C1	AZIN1	2
LRRCC1	NDUFAF6	2
ESRP1	WWP1	2
IMPA1	ZNF704	2
WWP1	ZNF704	2
CYP7B1	LACTB2	2
CYP7B1	SULF1	2
NKAIN3	TOX	2
RB1CC1	SNX16	2
PCMTD1	SLCO5A1	2
NCOA2	ST18	2
MCPH1	RGS20	2
CSGALNACT1	MSRA	2
MTSS1	NSD3	2
SFRP1	THAP1	2
SPECC1L	SQLE	2
RIMS4	UBR5	2
PKIA	VAPB	2
OSBPL2	STAU2	2
CORO6	SLC20A2	2
ERICH1	PTPRR	2
KICS2	PLAT	2
PXDNL	RNF121	2
ATP6V1H	FCHSD2	2
HDAC9	LINGO2	2
KMT2C	XRCC2	2
GALNT11	LMBR1	2
IRF5	KMT2C	2
KMT2C	LHFPL3	2
ARPC1A	HIPK2	2
EXOC4	PTPRN2	2
CHCHD3	MKLN1	2
UBE2H	ZC3HC1	2
GRM8	MKLN1	2
CDK14	MKLN1	2
WASL	XRCC2	2
PTPRZ1	SRRM3	2
BRAF	TRIM4	2
CEP41	SEMA3E	2
NRCAM	SEM1	2
CDK14	TFEC	2
HGF	RSBN1L	2
TNRC18	TSGA13	2
BRAT1	DNAAF5	2
PHF14	ZFAND2A	2
HDAC9	TNRC18	2
DGKB	TNRC18	2
HDAC9	MICALL2	2
FOXK1	THSD7A	2
DGKB	GLCCI1	2
GPNMB	MALSU1	2
HYCC1	TRA2A	2
GARS1	HOXA13	2
C7ORF57	SUGCT	2
DENND6B	ZNF786	2
KMT2E	ZNF791	2
PPP1R12C	SEMA3C	2
OPA3	YWHAG	2
EIF3B	ZNF814	2
IMMP2L	NEDD4L	2
OCA2	PDGFA	2
IGSF22	LUC7L2	2
AHCYL2	ATP5MG	2
CYTH3	GRID1	2
ABHD16A	SUN1	2
MAS1	WTAP	2
ARID1B	SAMD5	2
LAMA2	RGS17	2
KLHL32	PNLDC1	2
ADGB	AKAP7	2
DCBLD1	NUS1	2
FIG4	PPP1R14C	2
SDHAF4	SH3BGRL2	2
SERPINB6	WRNIP1	2
CDYL	EEF1E1	2
EXOC2	MDGA1	2
FARS2	SYCP2L	2
DTNBP1	NEDD9	2
MEP1A	PAK1IP1	2
F13A1	MBOAT1	2
JARID2	NEDD9	2
KDM1B	RNF144B	2
H2AC6	TNFRSF21	2
TJAP1	TRIM26	2
GTPBP2	USP49	2
CDC5L	MLIP	2
CD2AP	FKBP5	2
ELOVL5	HMGCLL1	2
PBX2	RANGAP1	2
CCDC167	RRP7A	2
DCAKD	SMAP1	2
RPTOR	ZFAND3	2
LRRC49	SLC22A23	2
CORO2B	SLC22A23	2
MESP1	NUP153	2
BTBD9	CHSY1	2
MAPK14	SIN3A	2
ABCC4	CEP43	2
AHI1	C12ORF50	2
ATL3	ZDHHC14	2
MUS81	PPP1R10	2
DPF2	PPP1R10	2
DIP2C	TBX18	2
FAM83B	PARD3	2
C8ORF34	DCP2	2
KIAA0825	LMBR1	2
HOXA3	PARP8	2
ELMO1	SUB1	2
CLPTM1L	VARS1	2
C5ORF58	UBTD2	2
HRH2	RNF130	2
LCP2	SLC34A1	2
ETF1	MGAT4B	2
ADGRV1	ERGIC1	2
FAM114A2	NDST1	2
FAM114A2	FBN2	2
GRIA1	RAD17	2
PDE4D	RNF145	2
G3BP1	PDE4D	2
DPYSL3	IL17B	2
HMGXB3	PAM	2
DNAJC21	SPINK5	2
CDKL3	SIL1	2
APC	SLC27A6	2
APC	NREP	2
FBXL17	TMEM232	2
FBXL17	FER	2
FLT4	LNPEP	2
ABLIM3	TMEM167A	2
PAM	TMEM167A	2
AP3B1	IPO11	2
CTNND2	TMEM161B	2
MYO10	SERINC5	2
HSD17B4	POLK	2
MCCC2	NNT	2
CCDC112	SREK1IP1	2
ERBIN	TMEM232	2
NDUFAF2	ZSWIM6	2
HMGCR	NDUFS4	2
ADCY2	PARP8	2
SLC9A3	TRIO	2
ANKH	RETREG1	2
MYO10	SLC12A7	2
ADAMTS16	IRX1	2
ADCY2	CLPTM1L	2
ADAMTS12	TRIO	2
MAPK9	RAI14	2
BASP1	NIPBL	2
CTNND2	LMBRD2	2
DROSHA	TERT	2
CPLANE1	SEMA5A	2
AGXT2	WDR70	2
RAD1	SPEF2	2
GHR	OXCT1	2
ADAMTS12	RAI14	2
HCN1	SPEF2	2
HNRNPAB	SAMM50	2
ACO2	RASGEF1C	2
PPIP5K2	PRODH	2
ARSB	XRCC6	2
LGALS2	SSBP2	2
FCHO2	SLC25A17	2
CTNND2	POLR3H	2
ACO2	AHRR	2
RBFOX2	SEMA5A	2
AHRR	MED15	2
DGCR2	IRX4	2
COMT	ZDHHC11	2
CDH18	TSPO	2
GRAMD4	WDR70	2
PHETA2	RAI14	2
MAP1B	ROCK1	2
RAI1	SIMC1	2
GFOD2	TRIO	2
FBXO33	SERINC5	2
CLINT1	UCHL3	2
RICTOR	VWA8	2
LHFPL6	RICTOR	2
FAM186A	MYO10	2
ANKH	ANO6	2
CNOT2	FBXO4	2
GOLPH3	SLC16A7	2
AEBP2	PRLR	2
ENC1	POLD3	2
ADAMTS16	TRIM48	2
PDE3B	PLCXD3	2
AOPEP	TBC1D9	2
DCLK2	UST	2
CLNK	TRIO	2
CLNK	WDR70	2
CBR4	GALNTL6	2
NPY5R	SETD7	2
LRBA	TRIM2	2
LRBA	TBC1D9	2
KIT	UGT2B7	2
DCUN1D4	USP46	2
LIMCH1	TBC1D1	2
ENTHD1	RNF212	2
EPHA5	HOXB6	2
FGFR1OP2	TEC	2
PPFIA1	SRD5A3	2
FNDC3B	PGM5	2
AIF1L	SYN2	2
RAB14	UBE2E1	2
FOCAD	UQCC5	2
NCK1	SGK3	2
DEPTOR	LRRFIP2	2
MRPS28	SEC22C	2
TP63	ZMAT3	2
KCNMB2	USP13	2
FNDC3B	SUCNR1	2
STXBP5L	TNIK	2
CLSTN2	SLC25A36	2
RUVBL1	XRN1	2
NMNAT3	PLA1A	2
KALRN	PIK3R4	2
FOXL2NB	PROS1	2
CHCHD6	UBA5	2
BBX	KPNA4	2
BBX	TBC1D23	2
CMSS1	LNP1	2
IRAK2	TATDN2	2
OSBPL10	RARB	2
CLDN11	CMTM7	2
CMTM8	RPN1	2
LRRFIP2	RAF1	2
SNRK	SUCLG2	2
ATXN7	OXSR1	2
NEK4	PBRM1	2
CDC25A	RBM6	2
PTPRG	SFMBT1	2
TAFA4	UBA3	2
ABHD6	RPP14	2
ADAMTS9	PRICKLE2	2
CADPS	TAFA1	2
PDE12	ROBO2	2
GXYLT2	PRICKLE2	2
ROBO1	SEMA5B	2
EEFSEC	PACSIN2	2
ANKRD28	TM9SF4	2
POFUT1	PRICKLE2	2
MPRIP	TRAT1	2
MPRIP	RAF1	2
ABCA5	FRMD4B	2
ARHGAP5	LSAMP	2
CHCHD6	MYO1A	2
LDLRAD3	VWA5B2	2
CACNA2D2	THRSP	2
BTD	ZMIZ1	2
PID1	PSMB7	2
ICA1L	PTK2B	2
HEATR5B	NCALD	2
GPC1	GRIK2	2
ALK	KCNQ5	2
ADGRG6	PRKCE	2
FLT4	LBH	2
ITSN2	MYO10	2
FBXL7	FOSL2	2
ROBO1	THAP4	2
EPHA3	LCLAT1	2
MAFF	TRIP12	2
ASB1	SH3BP4	2
KLF7	PARD3B	2
GULP1	ZC3H15	2
MERTK	METTL5	2
ORC4	RBMS1	2
NAB1	STEAP3	2
IL1R1	MAP4K4	2
RBKS	SNTG2	2
MSH2	RNF144A	2
DYSF	RNASEH1	2
ALK	STK39	2
ALK	ZEB2	2
ITSN2	KIDINS220	2
CLIP4	TMEM18	2
DNMT3A	DTNB	2
LDAH	RTN4	2
EIF2AK3	NBAS	2
REEP1	USP39	2
MAPK4	ORC4	2
DBF4B	LRRFIP1	2
SPTBN1	STX8	2
SLC20A1	TJP1	2
TECPR2	UBE2E3	2
ABCC4	PTPN4	2
GIT2	SMYD5	2
MICALL1	ZC3H7B	2
RANGAP1	ZBED4	2
MPPED1	TOB2	2
ATXN10	TNRC6B	2
SREBF2	TBC1D22A	2
ARFGAP3	TBC1D22A	2
PHF21B	TAB1	2
MIOX	SHANK3	2
PPP6R2	TRABD	2
CSNK1E	MRTFA	2
MEI1	MRTFA	2
GTSE1	MCAT	2
EFCAB6	L3MBTL2	2
EP300	FBLN1	2
CPT1B	DDX17	2
CSNK1E	PHF5A	2
CELSR1	SHISAL1	2
ARFGAP3	FBLN1	2
SULT4A1	TFIP11	2
BCL2L13	PPARA	2
FAM83F	RTCB	2
EP300	GRK3	2
MB	MTMR3	2
EMID1	MTMR3	2
HPS4	UBE2L3	2
ACO2	PRAME	2
CABIN1	POLR2F	2
ACO2	TANGO2	2
BPIFC	ZNF280B	2
USP18	YWHAH	2
PEX26	RTCB	2
MED15	SPECC1L	2
BCL2L13	MED15	2
SON	UBE2G2	2
CBR3	DOP1B	2
APP	CCT8	2
DEFB126	SGSM3	2
PTPRT	ZSWIM3	2
IFT52	PTGIS	2
MYT1	PCMTD2	2
NFATC2	PHACTR3	2
DOK5	NFATC2	2
ADNP	BMP7	2
DHX35	TOX2	2
RBM39	UQCC1	2
DSN1	RALGAPB	2
EFCAB8	NOL4L	2
MTCL2	RALY	2
CNBD2	KIAA1755	2
PAK5	RALY	2
MACROD2	SPTLC3	2
ARID4B	RFX3	2
GON4L	MED27	2
RPRD2	TJP2	2
LCE5A	RNF38	2
CDKN2A	NPHP4	2
FZD6	SDCCAG8	2
MICU3	TGFBR3	2
BRAF	DSTYK	2
CALN1	NTNG1	2
CLPTM1L	SCYL3	2
CNST	LNX1	2
HMCN1	ROBO1	2
LMNA	RAF1	2
ABCC5	SPRR4	2
EPB41	ITPR1	2
SMYD3	TBC1D22A	2
ITCH	JMJD4	2
AKT3	ZEB2	2
PLA2R1	PLD5	2
RAP1GAP	SBNO2	2
GNG7	PLA2G2A	2
DOT1L	HIVEP3	2
EEIG2	TRAPPC8	2
SUZ12	VANGL1	2
DENND2C	NFAT5	2
CCNDBP1	NFASC	2
MPC2	STK24	2
AKT3	PTPRR	2
ETV6	ITLN1	2
ANAPC5	SHC1	2
ADAM15	ANAPC5	2
USP33	WASHC3	2
GAB2	NUDC	2
GALNT18	PRDM2	2
NLRX1	SMAP2	2
MLLT10	SLC16A1	2
DESI2	PGBD5	2
ADSS2	BPNT1	2
SDCCAG8	TFB2M	2
ENAH	SCCPDH	2
ARID4B	SCCPDH	2
GALNT2	RGS7	2
DISC1	OBSCN	2
ARF1	DNAH14	2
ARV1	CAPN9	2
KCNK2	OBSCN	2
ARID4B	IGFN1	2
MARK1	RHOU	2
EPRS1	USH2A	2
CD55	PLD5	2
LPGAT1	SMYD2	2
CDK18	CNTN2	2
KDM5B	RASAL2	2
IPO9	S100A13	2
KIF14	RASAL2	2
NCF2	XPR1	2
HMCN1	RGL1	2
DHX9	ZBTB37	2
COPA	KIFAP3	2
ARHGEF11	PLEKHA6	2
FAM78B	RXRG	2
DDR2	FMO4	2
CD48	KIRREL1	2
DCAF8	ETV3	2
CTSS	TDRD10	2
NTRK1	TRIM63	2
SLC9A1	WASF2	2
CA6	SKI	2
AHDC1	DNAJC8	2
AHDC1	CACHD1	2
HS2ST1	PUM1	2
CFAP74	PTPRF	2
CCDC30	PPIH	2
KNCN	TESK2	2
FYB2	HIVEP3	2
C1ORF159	EPS15	2
PRKAA2	USP24	2
C1ORF87	FGGY	2
SCP2	STXBP3	2
IL12RB2	SDC3	2
CRYZ	SPATA6	2
CYP2J2	NEGR1	2
LEPR	MIER1	2
NRDC	TGFBR3	2
PRKACB	RPF1	2
LRRC8D	PALMD	2
ABCD3	PRPF38A	2
CACHD1	CNN3	2
NTNG1	WARS2	2
AP4B1	TBX15	2
BCL2L13	ZNF507	2
CALM3	CHRNA4	2
DKKL1	ZSCAN5A	2
ZNF667	ZNF837	2
GRIN2D	ZNF544	2
SPINT2	ZNF420	2
DPRX	ZNF283	2
RYR1	ZNF134	2
CEP89	SIPA1L3	2
PPP1R12C	RPL28	2
GRAMD1A	PEPD	2
FBL	RASGRP4	2
CIC	MEGF8	2
FDX2	PRR12	2
URI1	ZNF383	2
KMT5C	SLC27A1	2
AP2A1	SAFB2	2
CARD8	LONP1	2
GTPBP3	RBM42	2
EPS15L1	ZNF568	2
SLC1A6	ZNF253	2
TINCR	ZNF20	2
NFIX	TNPO2	2
CHERP	TMEM38A	2
DDX39A	SLC39A3	2
RNF126	SHC2	2
ATP13A1	PNPLA6	2
DOCK6	MYO9B	2
KDM4B	SLC25A42	2
FZR1	MAN2B1	2
DNM2	ZGLP1	2
DNM2	SHFL	2
CHERP	HSH2D	2
NRSN2	OSBPL1A	2
GAREM1	PTPRM	2
PEMT	SCUBE1	2
KCTD15	MSI2	2
NLRP1	R3HDM4	2
GRB2	VMP1	2
ACLY	VCF1	2
NFE2L1	SLC39A11	2
CALCOCO2	SKAP1	2
NFE2L1	NSF	2
ATP6V0A1	STAT5B	2
CRHR1	CRLF3	2
TXNDC17	YBX2	2
CHD3	TP53	2
CTDNEP1	PAFAH1B1	2
ABR	PAFAH1B1	2
NOS2	RAI1	2
BIRC7	ZNF200	2
PGAP6	PTPRS	2
DYM	TMC7	2
AARS1	KANSL1	2
GSE1	SPG7	2
BANP	JPH3	2
KIFC3	WDR59	2
CDH11	WDR59	2
CMTM1	TERF2IP	2
CKLF	TERF2IP	2
CFDP1	TANGO6	2
CDH1	TANGO6	2
DUS2	HSD11B2	2
CES2	CTCF	2
ATP6V0D1	DUS2	2
CDH8	VAC14	2
CDH11	KIFC3	2
GOT2	MMP2	2
RIPOR1	SIAH1	2
CREBBP	TEDC2	2
AXIN1	NPRL3	2
HS3ST4	SNX29	2
HS3ST4	XYLT1	2
WWP2	ZNF629	2
ADAMTS17	NCF4	2
CDIN1	RAC2	2
BLM	CSTF1	2
RALGAPB	UNC45A	2
CHD2	ZNF880	2
PLAUR	SCAMP2	2
B2M	PPP4R1	2
LRRC28	MEF2A	2
ACSBG1	CHD2	2
CPEB1	CRTC3	2
BNC1	PDE8A	2
PEAK1	PSTPIP1	2
HMG20A	NPTN	2
ISL2	PEAK1	2
ETFA	IMP3	2
CSK	TMEM266	2
HEXA	MYO9A	2
ADAM10	MYO1E	2
CCDC9B	GABPB1	2
JMJD7	RTF1	2
EHD4	GPR176	2
AVEN	FMN1	2
SYNE3	TAFA5	2
DPY19L3	GPR68	2
BMP4	RPS6KA5	2
CLMN	SOS2	2
CDC42BPB	RGS6	2
NUMB	TSHR	2
GPHN	PRKCH	2
GPHN	PELI2	2
TMX1	TRIM9	2
MIPOL1	SCFD1	2
AKAP6	PRKD1	2
FREM2	SNAP29	2
ITM2B	TTC3	2
SMURF2	UBAC2	2
SARM1	UBAC2	2
KCNRG	ZFAND6	2
GPC6	GPR180	2
CUL4A	TDRD3	2
ITM2B	RB1	2
N4BP2L2	ZMYM5	2
CUL4A	KATNAL1	2
SUCLA2	UBL3	2
KL	NUP58	2
IFT88	IL17D	2
ERC1	METTL4	2
MED13L	METTL9	2
RAP1B	SNUPN	2
HERC2	IGFBP6	2
APBA2	SOAT2	2
DAAM1	MYG1	2
RNF34	WDFY2	2
NOS1	UBC	2
GTF2H3	NCOR2	2
GCN1	PLA2G1B	2
C12ORF76	IFT81	2
PTPRQ	RBM19	2
GLIPR1L2	IFT81	2
ANKS1B	UTP20	2
ANKS1B	SCYL2	2
ACSS3	NUP37	2
GLIPR1L1	ZDHHC17	2
CPSF6	NUP107	2
C12ORF54	PTPRR	2
AVIL	TRHDE	2
HMGA2	TSFM	2
GRIP1	TBK1	2
ITGA7	RASSF3	2
EEF1AKMT3	PIP4K2C	2
DIP2B	TBC1D15	2
PPM1H	R3HDM2	2
LRP1	NEMP1	2
BCAT1	DIP2B	2
KCNC2	TMEM117	2
ARID2	C12ORF56	2
LIMA1	ZCRB1	2
MCRS1	TMEM117	2
FAM186A	SLC2A13	2
KLRG1	TSPAN9	2
A2ML1	ING4	2
PARP11	PIK3C2G	2
CACNA1C	DERA	2
A2ML1	RESF1	2
ARAP1	MRTFA	2
CLTCL1	STARD10	2
GAB2	PTPRT	2
CAPN5	RBM38	2
GRK2	LSM4	2
CTSF	RANBP3	2
C2CD3	ZNF429	2
RDX	SPAG9	2
FOXK2	MS4A12	2
ATAD5	PSMA1	2
KMT2A	ZDHHC7	2
CRISPLD2	MPZL2	2
ANKRD11	BRMS1	2
ADAMTS7	TMEM135	2
SPPL2A	TENM4	2
API5	GANC	2
CKAP5	DAAM1	2
ALOX5AP	GATD1	2
ANO1	KIF21A	2
ERC1	NAV2	2
GRIK4	UBASH3B	2
MRPL48	YAP1	2
PIWIL4	SLC35F2	2
ENDOD1	RAB30	2
RSF1	TRPC6	2
PAK1	PDGFD	2
NARS2	RSF1	2
INTS4	RSF1	2
ALG8	INTS4	2
CHRDL2	USP35	2
ARRB1	RSF1	2
NUMA1	YAP1	2
ARAP1	DYNC2H1	2
DLG2	OTUB1	2
MRPL48	NARS2	2
DGAT2	TMEM126A	2
ARRB1	PRCP	2
ARRB1	PAK1	2
ARRB1	CCDC90B	2
EMSY	XRRA1	2
CATSPERZ	RPS6KA4	2
MRPL21	RNF121	2
CLPB	RAD9A	2
ACER3	PPP6R3	2
PPME1	UVRAG	2
NADSYN1	PPFIA1	2
C2CD3	NUMA1	2
NADSYN1	PPP6R3	2
BATF2	MARK2	2
LRP5	UVRAG	2
GDPD5	SERPINH1	2
FCHSD2	TPCN2	2
FAM168A	RNF121	2
CATSPERZ	ESRRA	2
CHKA	NADSYN1	2
C2CD3	PC	2
FEN1	GDPD4	2
CTNND1	PACS1	2
CNIH2	MS4A4A	2
EEF1G	NXF1	2
CNTN5	SBF2	2
NELL1	SMCO4	2
RRAS2	USP47	2
PNPLA2	STIM1	2
SERGEF	SPTY2D1	2
KCNC1	SERGEF	2
MRGPRX3	SBF2	2
CTR9	IPO7	2
DENND2B	DENND5A	2
AP2A2	TOLLIP	2
ARL14EP	NAV2	2
CD59	COMMD9	2
C11ORF91	COMMD9	2
CAT	TRIM44	2
ALKBH3	EXT2	2
AMBRA1	HARBI1	2
CELSR1	CFAP46	2
HMGXB4	MGMT	2
MRPL43	OSBP2	2
PFKFB3	ZNF831	2
PTEN	SHC2	2
MED25	ST8SIA6	2
MPRIP	P4HA1	2
PCBP2	R3HCC1L	2
MALRD1	PRMT3	2
KIAA1549L	RAB18	2
C10ORF88	PLPP4	2
HSPA12A	SHTN1	2
CPN1	DNMBP	2
PCGF5	RNLS	2
GRID1	HECTD2	2
DRGX	SLC25A16	2
APBB1IP	FRMD4A	2
ABI1	CUBN	2
PLXDC2	THNSL1	2
GPR158	KIAA1217	2
APBB1IP	DNAJC1	2
DIP2C	EPC1	2
LYZL2	MAP3K8	2
FUT10	KIF13B	2
SFT2D1	TENT5A	2
SLC18B1	TRMT11	2
FYN	TMEM200A	2
MAP3K5	OSTM1	2
GRIK2	SAMD3	2
LMBRD1	STX7	2
CDK19	FYN	2
PHF3	QKI	2
FAM193A	NMU	2
KIT	OCIAD1	2
PARD3B	SLC40A1	2
GUCD1	MB	2
MACROD1	PARP1	2
MATK	ZNF266	2
RPTOR	TNRC6C	2
RPL39	SEPTIN6	2
CLCN4	SHROOM2	2
C2CD2	SH3BGRL	2
ELK1	PCBP3	2
PAK4	RPGR	2
NUP188	TBC1D13	2
GARNL3	RALGPS1	2
C9ORF43	COL27A1	2
IARS1	SPTLC1	2
GRHPR	RNF38	2
KIF24	ZCCHC7	2
SGTA	SPTAN1	2
MIGA2	P4HB	2
CTDNEP1	TPRN	2
KARS1	PLGRKT	2
ABL1	FCHSD2	2
ADCK5	CPSF1	2
NKAIN3	WRN	2
HOOK3	TUSC3	2
LETM2	WRN	2
NRG1	PMEPA1	2
EPHX2	SPOP	2
ADAM18	PPP1R13B	2
CLIP2	GTF2IRD1	2
AP1S1	PTOV1	2
RNF216	SMARCA4	2
RIPOR1	ZP3	2
FAM50B	ROR2	2
AMD1	FIG4	2
NUDT3	TCP11	2
CCND3	MED20	2
FKBP5	ILRUN	2
SFTA2	UBASH3A	2
FBXL3	ZNF76	2
PARP8	SHISAL2B	2
LPCAT1	TERT	2
CTNND2	DAP	2
NRXN2	NSD1	2
CNOT8	OPRPN	2
TMEM154	USP38	2
NAA15	RAB33B	2
CCSER1	PDLIM5	2
ART3	FRAS1	2
MPPED1	SCFD2	2
NKX1-1	RNF185	2
HNRNPD	ZNF546	2
HTRA3	TTC7B	2
POLN	SOS2	2
NFKBIL1	PHC3	2
P3H2	TRA2B	2
MECOM	NCEH1	2
CTNNB1	IGF2BP2	2
GLT8D1	WDR82	2
STAB1	UQCC5	2
ALAS1	TWF2	2
ABHD14B	POC1A	2
MAST1	NUP210	2
MAPKAPK3	S1PR5	2
OSBPL10	STX8	2
LPP	ZNRF1	2
NCEH1	ZNF423	2
ACAD11	ZDHHC7	2
CYP11A1	SLMAP	2
FBXO21	TRA2B	2
IFITM2	IGF2BP2	2
NUP160	RBM6	2
MSH2	SPTLC1	2
PPM1B	ZHX2	2
TRIM55	ZNF638	2
ATP6V0A4	TM4SF20	2
INPP5D	MRTFA	2
DGKD	SLC25A17	2
PLA2G6	TMEM131	2
ASB1	RBM44	2
NHEJ1	USP37	2
NBAS	SLC66A3	2
NBAS	SPIRE1	2
THADA	THOC1	2
NUP93	THADA	2
HERPUD1	THADA	2
FANCI	HADHB	2
MYO7A	ZNF512	2
ALG12	DENND6B	2
PES1	TRIOBP	2
CCDC157	EWSR1	2
BCR	HIC2	2
BCL2L13	ESS2	2
DNAJC28	GART	2
TOX2	TSHZ2	2
NCOA5	SERINC3	2
EYA2	MYLK2	2
RPN2	ZBTB46	2
DLGAP4	TP53TG5	2
DEFB123	TM9SF4	2
NOL4L	PDRG1	2
COMMD7	DNMT3B	2
ASXL1	CCM2L	2
RCL1	SMCP	2
C1ORF105	HDAC9	2
CCND3	LUZP1	2
NSD2	NUP210L	2
PALMD	SETD2	2
ARFGAP3	LSM10	2
SHISA4	UQCC1	2
EPHA2	LSM14B	2
KIF3C	SRM	2
MRC2	RNF2	2
HAGH	KIF1B	2
DVL1	OPTN	2
HDAC1	VTI1A	2
NUCKS1	SDCCAG8	2
CSRP1	DSTYK	2
MEF2D	SMG5	2
EIF4G3	LAMC1	2
MAD2L2	MTOR	2
EYA3	YTHDF2	2
KHDRBS1	NDC1	2
HPCAL4	SF3A3	2
RHBDL2	RRAGC	2
AP3D1	TBC1D22A	2
BTBD2	GTSE1	2
HCST	ZNF567	2
ETHE1	ZNF114	2
PVR	SIRT2	2
CLEC11A	PPP1R12C	2
NOSIP	RCN3	2
FUT2	RASIP1	2
DPF1	DYRK1B	2
AKAP8L	SLC1A6	2
CRTC1	OLFM2	2
MAP1S	MAU2	2
CRTC1	MAP1S	2
HNRNPM	MCOLN1	2
DNM2	MRPL4	2
SLC27A1	ZNF675	2
PPIL2	UBE2G1	2
DRC3	GRAMD4	2
CEP250	LUC7L3	2
CA11	SLC39A11	2
ARL4D	ELL	2
MGAT5B	SEPTIN9	2
PPP1R27	RNF213	2
ACOX1	GRB2	2
GNA13	MXRA7	2
PRR11	VMP1	2
CISD3	MSI2	2
NHERF1	RARA	2
WIPF2	XYLT2	2
SNF8	SNX11	2
GIP	SCRN2	2
LUC7L3	MYCBPAP	2
STARD3	WIPF2	2
GCGR	YWHAE	2
ARRB2	ZFP3	2
NCOR1	PRR11	2
HOXB13	MPRIP	2
DPEP1	RHOT2	2
NPRL3	PRR35	2
ABCA3	IFT140	2
GNPTG	RAB40C	2
CRTC3	MESP2	2
NDUFAF1	STRA6	2
SPG11	TMOD3	2
DNM2	NUMB	2
PRORP	SLC27A1	2
CCNK	EML1	2
SP1	WNT9B	2
CUX2	PTPN11	2
MPHOSPH9	PITPNM2	2
CUX2	IFT81	2
SOCS2	TMTC2	2
IGFBP6	SP1	2
MMP19	SARNP	2
DGKA	RAB5B	2
LRP1	SLC39A5	2
NCKAP5L	PDE6H	2
DUSP16	LRP6	2
RASSF8	ST8SIA1	2
KDM4B	UVRAG	2
SPON1	THAP2	2
CFAP68	DIXDC1	2
PACS1	PPP2R5B	2
CDC42EP2	FCHSD2	2
GPR137	PLAAT4	2
DNAJC4	PLAAT4	2
IFT46	TMX2	2
MED19	TMX2	2
ASRGL1	SLC3A2	2
KCNQ1	LSP1	2
B4GALNT4	KCNQ1	2
CAPRIN1	CD44	2
PPP6R2	ZDHHC6	2
ACTR1A	EFCAB13	2
HTR7	VAC14	2
CCAR1	ZNF423	2
ARMC3	CD81	2
CUEDC2	POLR3A	2
ADK	ZMIZ1	2
ANK3	MCU	2
DIP2C	RTKN2	2
ALK	CTNNA1	2
CPE	GNAS	2
TIAM2	VTA1	2
NUTM1	ZNF592	2
ATP1B1	PRKACA	2
BCORL1	UTP14A	2
PSIP1	TBL1X	2
FOCAD	SNAPC3	2
MEGF9	TTLL5	2
EFR3A	SLFN12L	2
SH2D3C	SLC25A13	2
BRAF	GLCCI1	2
DPP6	GGNBP2	2
EZH2	NF1	2
MAP3K5	NDUFB9	2
BPHL	UQCC2	2
ABRACL	FBXL20	2
EZH1	PDSS2	2
B3GALT4	SPPL3	2
GFRA3	TTC8	2
AMPD3	ANKH	2
PDLIM3	SORBS2	2
METTL14	SYNPO2	2
HAND2	SLC30A9	2
MAML3	TCF4	2
MAML3	UBTF	2
MAML3	MED24	2
GPATCH8	MAML3	2
FAM171A2	MAML3	2
GSK3B	WNK2	2
FOCAD	ZBTB20	2
ARL8B	CLASP2	2
KCNAB1	LRTM1	2
MSH2	SLCO6A1	2
ADCY2	SOCS5	2
MIPOL1	PUM2	2
DPYSL5	EP400	2
CTNNBL1	VSTM2L	2
CSGALNACT1	PIGK	2
GLCCI1	ST3GAL3	2
C2ORF72	NVL	2
ARMC9	SSR2	2
IRF2BP2	SP2	2
RGS4	SERPINF2	2
CDK12	USP33	2
LIX1L	TNRC6A	2
COLGALT2	NBEA	2
MRPS35	ST6GALNAC5	2
APIP	S100A13	2
ITPKB	KDM5B	2
KDM5B	SYT2	2
KIAA1614	XPR1	2
MAST2	OMA1	2
FGGY	TTC39A	2
FNBP1L	WDTC1	2
SHC1	TRIM33	2
CC2D1A	ZMYND8	2
ASF1B	ZNF91	2
SLC39A11	SLC6A4	2
DPH1	RPA1	2
SMURF2	TEKT3	2
PAM16	PITPNM3	2
CX3CL1	USB1	2
ARHGAP35	PGPEP1L	2
ADAMTS7	DCAKD	2
CIPC	NGFR	2
ITPK1	TRAF3	2
DAAM1	HS6ST3	2
DGLUCY	FNDC3A	2
CACNA1C	PIAS4	2
GRIP1	NR2E3	2
DNM1L	TSPAN9	2
BCAS4	MAML2	2
BSCL2	RALGAPA2	2
BCAS3	PHF21A	2
CNP	PHF21A	2
FOXN3	TECTA	2
ARHGEF12	OAF	2
KDM4B	PHYHIPL	2
ACTR1A	HS6ST3	2
CREB3L1	FUS	2
CDH17	CSF1	2
CSF1	FN1	2
GSN	HMGA2	2
ACKR3	HMGA2	2
HMGA2	SETBP1	2
PLAG1	RUNX1T1	2
PLAG1	RAD51B	2
COL1A2	PLAG1	2
PLAG1	SRSF3	2
NOS1AP	NTRK1	2
PLAG1	RBPMS	2
COX6C	HMGA2	2
PRKCE	WWTR1	2
CCDC88C	FLT3	2
ALK	TNC	2
ALK	TNS1	2
ALK	TPR	2
ROS1	SLC12A2	2
CEP43	RET	2
IGL	REL	2
FOXO1	GATA6	2
BRAF	IGH	2
CTTNBP2	MET	2
ALK	LTBP1	2
ALK	CCDC88A	2
AFAP1	NTRK1	2
MEF2D	NTRK1	2
RET	ZMIZ1	2
NCS1	PDCL	2
FXN	NOL8	2
DMTN	NPM2	2
PTK2B	SLC5A1	2
PCLO	PHTF2	2
DTNBP1	PITPNC1	2
CCL18	SRPK1	2
KCNIP4	URI1	2
CRELD1	FANCD2OS	2
CNOT10	TRIM71	2
CMSS1	ZNF90	2
ITGA9	ZNF48	2
EDC3	SLC6A11	2
EMC3	RCOR1	2
MAP4	TENM4	2
DYSF	GMCL1	2
PPP2R5A	SPATA17	2
CD52	LIN28A	2
YARS1	ZBTB8OS	2
EIF2B3	ZNF684	2
PIK3R3	SPATA6	2
DOCK6	TMEM205	2
FXR2	TP53	2
ABR	PITPNA	2
ESF1	RBM19	2
KDM2B	ORAI1	2
GIT2	SLC2A13	2
ATP2B1	YAF2	2
CPM	KIF21A	2
LRP6	MANSC1	2
LRP6	LRRC23	2
BICD1	BORCS5	2
PPFIBP1	SLCO1B1	2
AEBP2	CCDC91	2
FGD4	RESF1	2
FCHSD2	GLYAT	2
DEAF1	LRRC56	2
ADAM12	SF3B3	2
NET1	RIMKLB	2
BCL6	SRSF3	2
BCL6	MBNL1	2
BCL3	IGL	2
BRAF	PHIP	2
ASPN	USP6	2
CITED2	PRDM10	2
CD63	PRKCD	2
EGF	FN1	2
NCOA2	PRRX1	2
ROS1	TPR	2
EWSR1	SMAD3	2
KHDRBS1	NTRK3	2
BCL10	IGH	2
BCL10	IGK	2
IGH	TENM2	2
IGH	KDM4C	2
MAML2	WWTR1	2
CFAP276	UQCR10	2
YAP1	ZFTA	2
EP300	PLAGL1	2
RAF1	SPECC1L	2
LASP1	WIPF2	2
LETM1	NELFA	2
FNBP1	VAV2	2
CSMD3	SPIDR	2
FAM221A	KLHL7	2
GINM1	PPIL4	2
GMDS	PPP1R11	2
PDS5A	RFC1	2
FHIT	KHDRBS3	2
BCL6	IKZF1	2
BCL6	PIM1	2
BCL6	TFRC	2
BCL6	LPP	2
LARS2	TBL1XR1	2
C3ORF62	QRICH1	2
ANO10	LARS2	2
BCL6	HSP90AA1	2
BCL6	GAPDH	2
AGPS	CIR1	2
CFLAR	CXCR4	2
TBL1XR1	TP73	2
GATAD2A	GIPC1	2
HOXB6	PITPNC1	2
IGH	IGL	2
IGH	IRF8	2
MORN3	NCOR2	2
FAM53B	PROSER2	2
DOCK1	ERLIN1	2
ACBD3	ESRRG	2
COL1A2	PDGFB	2
COL6A3	PDGFD	2
EMILIN2	PDGFD	2
NUP214	XKR3	2
HOXA9	MSI2	2
CCDC28A	NPM1	2
ETS2	RUNX1	2
IGH	LHX4	2
+BCR	ABL1	2
IGH	TERT	2
PPP1CB	YPEL5	2
BCL11A	IGH	2
ITFG2	RHNO1	2
CEP85L	PDGFRB	2
DTD1	PDGFRB	2
PDGFRB	SART3	2
ETV6	PDGFRA	2
KIF5B	PDGFRA	2
CDK5RAP2	PDGFRA	2
NR4A3	TCF12	2
BCOR	KMT2A	2
BCLAF1	GRM1	2
MRTFB	ZFTA	2
CBARP	SBNO2	2
CCDC88C	RET	2
MYC	RNF213	2
GRIPAP1	NTRK1	2
FGFR4	NSD1	2
FGFR3	NSD2	2
EML4	RET	2
FGFR2	TXLNA	2
ERBB2	MIEN1	2
LSM14A	RET	2
PIBF1	RET	2
FGFR2	POC1B	2
ERC1	FGFR2	2
EEA1	RET	2
CCDC186	RET	2
ANK3	RET	2
BMS1	RET	2
RET	WAC	2
FGFR2	GOPC	2
EGFR	EGFR	2
MLLT1	NUP98	2
FGFR1	PCM1	2
CT45A2	KMT2A	2
BRAF	STRN3	2
BRAF	QKI	2
BRAF	SEC31A	2
BRAF	GOLGA4	2
ALK	PRKAR2A	2
PDPN	PRKCB	2
GLIS3	PAX8	2
NDRG1	PLAG1	2
C8ORF34	MYBL1	2
BRAF	SLC44A1	2
BRAF	GNAI1	2
BRAF	RNF130	2
FYCO1	RAF1	2
NAV1	NTRK2	2
USP2	YAP1	2
RAF1	SRGAP3	2
RPS4Y1	SRCAP	2
BRCC3	VBP1	2
DMD	SSR1	2
CASK	EML4	2
ASB9	WDR59	2
RMI1	STX17	2
IZUMO3	MLLT3	2
FOCAD	MOB3B	2
LINGO2	SHB	2
NFX1	SPMIP6	2
CLTA	UBE2R2	2
NCF4	UBAP2	2
PPP6C	SPINDOC	2
KDM4B	SNTG1	2
CLU	FTL	2
AGAP2	TMEM67	2
PRKAG2	RHEB	2
CAV1	ST7	2
SRRT	ZAN	2
DYNC1I1	IMMP2L	2
CYP3A43	PPP1R9A	2
GALNT17	PPP1R9A	2
GSAP	STYXL1	2
CASTOR2	GTF2IRD1	2
KLHL7	TMEM106B	2
GPNMB	SP4	2
PPP1R17	SRRT	2
COL26A1	GGCT	2
CASD1	VWC2	2
EEPD1	GRB10	2
LANCL2	SEPTIN14	2
LANCL2	PSPH	2
AVL9	ZNF544	2
RAB20	VWC2	2
EGFR	MDM2	2
NOX3	ZDHHC14	2
SLC22A3	ZDHHC14	2
ARID1B	TIAM2	2
CRYBG1	SOBP	2
ATG5	PDSS2	2
EEF1E1	RREB1	2
GPLD1	TDP2	2
MDGA1	PTK7	2
DNAH8	TMEM217	2
DST	EYS	2
SLC22A23	TNFRSF21	2
ASCC3	OTUD7A	2
SMIM13	TTLL5	2
C6ORF52	RHOJ	2
C6ORF89	MPHOSPH9	2
BLTP3A	EPYC	2
TJAP1	TSFM	2
LRP1	XPO5	2
DIP2B	TAF8	2
PCDHGC3	QKI	2
FLT4	MGAT1	2
HMHB1	NR3C1	2
CCDC127	TERT	2
CCDC127	DSTN	2
NAA30	TERT	2
NPAS3	TERT	2
NDST3	TXN	2
FAM219A	POLN	2
TMEM184C	TMEM192	2
ANK2	ARHGAP10	2
ADGRL3	CHIC2	2
PDGFRA	SCFD2	2
LNX1	USP46	2
HOPX	PDCL2	2
CRACD	NMU	2
AASDH	LRRC66	2
PIGG	SPINK2	2
R3HDM2	SORBS2	2
CTDSP2	DCUN1D4	2
DCTD	ECE2	2
DLG1	EHHADH	2
BRK1	IRAK2	2
DYNC1LI1	GADL1	2
PRKAR2A	SPINK8	2
SDC4	SPCS1	2
CD37	MAP3K13	2
TTLL3	ZC3H4	2
C3ORF70	KIDINS220	2
IMMT	SLC25A26	2
ECEL1	GIGYF2	2
DGKD	SPP2	2
DNER	PSMD1	2
DNER	PID1	2
CALCRL	MFSD6	2
NBAS	SNORC	2
LDAH	PUM2	2
GPN1	SLC4A1AP	2
G2E3	SPRED2	2
CSNK1E	DDX17	2
LGALS2	RBFOX2	2
PPP6R2	SPECC1L	2
EBF4	TMC2	2
PDE10A	ZNF695	2
CCT3	PPP2R2B	2
CMYA5	MIIP	2
UBQLN4	ZSWIM4	2
ADGRB2	HS3ST4	2
PPP4R3A	SRM	2
DTX3	PLEKHA6	2
MEF2D	ZDHHC5	2
CLP1	PEX14	2
CEP170	SPMIP3	2
LRRN2	NFASC	2
GATAD2B	TNFSF18	2
PBXIP1	PMVK	2
SKI	SSU72	2
PLEKHM2	TMEM51	2
EPHB2	NBPF3	2
CAMTA1	MTOR	2
ERRFI1	VAMP3	2
CLIC4	PLOD1	2
MED18	UBE4B	2
RNF19B	YARS1	2
HDAC1	SERINC2	2
ARID1A	BEND5	2
CIC	EIF3K	2
CARD8	SULT2B1	2
AKT2	C19ORF47	2
SGTA	SLC39A3	2
DOCK6	RAVER1	2
GNG7	SGTA	2
CRTC1	KLHL26	2
MAPK4	RTTN	2
RAX	SMAD4	2
ATP6V0A1	MB	2
AP1M2	SRP68	2
MRC2	RND2	2
RARA	TAOK1	2
MED1	WSB1	2
EIF4A1	PHOSPHO1	2
MXRA7	RAI1	2
RBFOX1	VASN	2
FAHD1	NUDT16L1	2
IL32	NAA60	2
CREBBP	SRRM2	2
CREBBP	GOLGA6L2	2
ALDH1A2	ICE2	2
BCL2L13	SLC39A9	2
ATG14	FUT8	2
AKAP6	EGLN3	2
ESD	TDRD3	2
HTR2A	MED4	2
AKAP11	MRPS31	2
FREM2	MTRF1	2
CRYL1	PSPC1	2
MYL6B	VWA3A	2
GLI1	TDRD3	2
SPRING1	SRRM4	2
KDM2B	SETD1B	2
NOC4L	SDS	2
DHX37	NCOR2	2
KDM2B	KSR2	2
ATXN2	RPL6	2
LGR5	WASHC4	2
TMEM19	TSPAN8	2
LGR5	TBC1D15	2
EP400	YEATS4	2
MDM2	SPRING1	2
CPM	RAP1B	2
AVIL	TMEM120B	2
DPY19L2	PPFIA2	2
NUP107	TSFM	2
IFNG	TSFM	2
CTDSP2	RAP1B	2
PPM1H	RAP1B	2
HMGA2	NUP107	2
CTDSP2	MDM2	2
CTDSP2	TSPAN31	2
MARS1	YEATS4	2
OS9	SLC35E3	2
FRS2	KIF5A	2
DTX3	FRS2	2
PCBP2	USP15	2
ATP23	R3HDM2	2
OS9	SRGAP1	2
KICS2	OS9	2
EEF1AKMT3	INHBE	2
CTDSP2	MYG1	2
CTDSP2	GLI1	2
PFKM	SLC11A2	2
NACA	RPL41	2
HOXC6	PYM1	2
DIP2B	TMBIM6	2
COX14	SPATS2	2
NELL2	OS9	2
GNB3	METAP2	2
COQ10A	USP5	2
TIGAR	TSPAN9	2
C12ORF4	CRACR2A	2
C12ORF42	TM7SF3	2
FGD4	LRRK2	2
CHID1	CORO7	2
MEIS2	ZNF143	2
ATG16L2	LRP5	2
CSKMT	DPF2	2
DOCK1	DPCD	2
SFRP5	SLIT1	2
CRTAC1	MMS19	2
ENTPD7	IDE	2
BMPR1A	LIPA	2
FAM13C	FAM149B1	2
CCAR1	TET1	2
JMJD1C	NRBF2	2
ARHGAP21	ENKUR	2
DIAPH2	F8	2
ATP2B3	TRAPPC2	2
CLCN4	PRKX	2
KDM5C	MAGT1	2
ATRX	ZNF304	2
ATRX	BCL2	2
SPANXN4	USP32	2
PCYT1B	SIAH1	2
NSDHL	RAP1GAP	2
EPHB2	PDZD4	2
EXD3	NELFB	2
GPSM1	NUP214	2
CDK5RAP2	GRIN1	2
ASTN2	DENND1A	2
LPAR1	SNX30	2
CTNNAL1	ELP1	2
ERCC6L2	GTF3C4	2
ABCA2	TRIM14	2
CKS2	PCSK5	2
GLIS3	PUM3	2
KDM4C	PHF24	2
MOB3B	PTPRD	2
MLLT3	TYRP1	2
ADAMTSL1	TOPORS	2
MOB3B	SLC24A2	2
ADAMTSL1	UBAP1	2
SPATA31G1	VCP	2
EYA2	LHX2	2
ADAMTS13	PHLPP1	2
PTRH1	RAB40C	2
GRIN2A	SHB	2
ABAT	RUSC2	2
NR1H3	PRRC2B	2
NRBP2	SCRIB	2
ADGRB1	EXT1	2
DEPTOR	TRPS1	2
BOP1	NIPAL2	2
SYBU	VIRMA	2
LAPTM4B	NCALD	2
KCNB1	ZFPM2	2
AGO2	DNAH10	2
DCTN2	DENND3	2
GATA4	NCOR2	2
ABI1	PTP4A3	2
FASTK	GNGT1	2
CHCHD3	NUP205	2
CTTNBP2	STRIP2	2
SMURF1	TRIM4	2
CUX1	ORAI2	2
DMTF1	SEMA3D	2
DYNC1I1	PTPN12	2
EIF2AK1	GLCCI1	2
DNAH11	PMS2	2
JAZF1	SNX13	2
GLI3	TMEM243	2
HOXA3	MATCAP2	2
ADCYAP1R1	GSDME	2
ADCYAP1R1	AQP1	2
MAGI2	VWC2	2
SEPTIN14	UPP1	2
ELMO1	NLK	2
AUTS2	TBC1D30	2
RASSF3	SNX10	2
JAZF1	MSRB3	2
BMPER	TBC1D15	2
PTPRR	VWC2	2
ANKMY2	MAML2	2
HARBI1	TNS3	2
ATP6V1B2	KHDRBS2	2
MAP3K4	METTL24	2
ARID1B	PREP	2
BEND3	CRYBG1	2
MCHR2	RPS6KA2	2
ASCC3	SERINC1	2
ANKRD6	ZDHHC14	2
BACH2	MAP3K7	2
AKIRIN2	CUL7	2
GRM4	ZNF292	2
FARS2	GCNT2	2
RANBP9	TXNDC5	2
BLOC1S5	RANBP9	2
AGPAT1	HECA	2
STK38	VEGFA	2
PACSIN1	SAYSD1	2
MOB3A	PRDM13	2
LMBRD1	ZBTB45	2
VPS52	ZNF358	2
COL5A3	TAF8	2
ABCF1	SHC2	2
LRRC1	SH3GL1	2
EPS15L1	ZNF451	2
CHERP	RHAG	2
PRKN	STRADA	2
FN3KRP	REV3L	2
ARHGEF7	PKIB	2
MLIP	RESF1	2
LAMA4	TSPAN18	2
COL5A1	SMAD5	2
LIFR	PNPLA8	2
NSD1	RNF130	2
AP3S1	COMMD10	2
CCDC112	RGMB	2
MSH3	RASGEF1C	2
CSNK1A1	LHFPL2	2
HMGCS1	OXCT1	2
LARP1	MAFF	2
NIPBL	VPS26C	2
GNA13	NR3C1	2
KCNK7	SEC24A	2
CNTN5	RAD17	2
PCDH12	WDR37	2
DNAJA1	GALNTL6	2
NSD2	QKI	2
PDLIM3	ZFYVE28	2
GSTCD	NPNT	2
EMCN	TSPAN5	2
SCD5	TMEM150C	2
PDGFRA	USP46	2
SCFD2	SPINK2	2
FIP1L1	SCFD2	2
PAICS	PDGFRA	2
HOPX	KIT	2
DCUN1D4	SGCB	2
CTBP1	PPP2R2C	2
CPLX1	NSD2	2
FAM193A	PPP2R2C	2
CPLX1	GAK	2
CCDC149	ZFYVE28	2
NPTXR	PCGF3	2
ELAVL3	FGFR3	2
MAP9	TAT	2
VPS9D1	ZNF827	2
CHD8	CRACD	2
ADGRL3	DBX2	2
FBXW7	TMEM126B	2
SORBS2	ZMYND11	2
LYAR	PARD3	2
BRD10	CMTM7	2
AZIN1	ITPR1	2
SEMA3A	UBE2E2	2
CADPS	RAD50	2
KCTD8	TOMM70	2
CEP19	MB21D2	2
FGF12	LAMP3	2
MAP3K13	UTS2B	2
BDH1	ZBBX	2
KCNMB2	TNIK	2
NAALADL2	TIGIT	2
VEPH1	WDR49	2
IFT80	RARRES1	2
BDH1	NEK11	2
BFSP2	EPHB1	2
ISY1	MASP1	2
ALDH1L1	CNBP	2
ERC2	UMPS	2
BBX	DGKG	2
B4GALT4	CBLB	2
BHLHE40	ITPR1	2
ATG7	PPARG	2
NECTIN3	THRB	2
CMC1	ERC2	2
MAP4	UBP1	2
ARL8B	BSN	2
DOCK3	INKA1	2
FHIT	PTPRG	2
DGCR8	TNIK	2
ALDH1A3	FYTTD1	2
GPD1L	TMEM135	2
GLB1	INSC	2
BBOX1	USP4	2
STK39	TMEM245	2
BRAT1	HDAC4	2
CTNND2	NRBP1	2
DROSHA	NRBP1	2
IRF2	ZNF804A	2
ITGA4	UBE2E2	2
KYNU	PBRM1	2
ATG16L1	NGEF	2
DOCK10	THAP4	2
CUL3	D2HGDH	2
DOCK10	IL1RN	2
SPTBN1	TNS1	2
HNRNPLL	SERTAD2	2
AFTPH	SANBR	2
MRPL33	TIA1	2
M1AP	RTKN	2
RBFA	XRCC5	2
NAPG	SPRED2	2
ABI2	HEXIM2	2
DYNC2H1	NCKAP5	2
TMEM184B	TNRC6B	2
NPTXR	PDXP	2
DGCR2	PDGFB	2
MPPED1	RBFOX2	2
CRYBB2	ZNRF3	2
BRWD1	TTC3	2
PDE9A	SYNJ1	2
KCNJ6	SIM2	2
AIRE	PFKL	2
EIF3D	SMOX	2
KCNB1	TRPC4AP	2
IGFN1	KANK1	2
FBXO28	FGFR3	2
CISD2	KCNJ10	2
AGAP1	IGSF21	2
GPBP1L1	PVR	2
PRDM16	SPOP	2
NRDC	VPS53	2
CHRM3	LONP2	2
MNAT1	TMCC2	2
LYST	NARS2	2
RHBG	SORL1	2
MEF2D	SORL1	2
LUZP1	SORL1	2
FMN2	KIF26B	2
CNST	RAP1GAP	2
CNST	RGS7	2
CYB5R1	NUAK2	2
NFASC	PPP1R12B	2
F13B	KIF21B	2
CRB1	IGFN1	2
CCDC190	SDE2	2
KDM5B	UAP1	2
ATF6	NMNAT2	2
CR1L	MTOR	2
PRCC	ZBTB40	2
EPHB2	NTRK1	2
TMEM222	WASF2	2
SPEN	TTC34	2
RERE	VAMP3	2
CELA2A	PER3	2
KCNAB2	KIF1B	2
HP1BP3	TMCO4	2
ECE1	EIF4G3	2
LAPTM5	MFSD2A	2
HDAC1	LRRC42	2
RYR2	WLS	2
GNAI3	GPR61	2
BLVRB	ZNF875	2
RHPN2	ZNF790	2
CCDC106	ZNF583	2
GRIK5	ZNF577	2
PTPRH	ZNF345	2
LGALS13	ZNF345	2
TRAPPC6A	WDR62	2
TGFB1	TMEM91	2
ELSPBP1	SYMPK	2
LEUTX	NOVA2	2
MAP3K10	SUPT5H	2
LGALS13	PTPRH	2
AKT2	SRRM5	2
LSM4	SYMPK	2
CEACAM7	TSHZ3	2
HSD17B14	ZNF253	2
POU2F2	PTPRS	2
FAM187B	MYDGF	2
LRP3	VAV1	2
FZR1	TBC1D17	2
AKT2	UPF1	2
CACNA1A	ZNF564	2
RFX1	ZNF433	2
SHC2	TJP3	2
R3HDM4	SHC2	2
PIAS4	ZFR2	2
MED16	PALM	2
CHAF1A	KDM4B	2
BSG	HCN2	2
GNG7	LSM7	2
FAM174C	PALM	2
COLGALT1	COPE	2
C2CD4C	CNN2	2
CELF5	RDH8	2
BTBD2	LINGO3	2
KANK3	ZNF676	2
ATP9B	ZSCAN18	2
ARK2C	LAIR2	2
SYT4	ZNF460	2
ADNP2	PARD6G	2
FBXO15	ZBTB7C	2
GALNT1	TAF4B	2
CLUL1	COLEC12	2
ABR	MAN2B1	2
TANC2	TMEM104	2
NUP85	PPM1D	2
MAP3K3	TANC2	2
PSMD3	UNC45B	2
ARHGAP23	CCL18	2
FASN	TRAF4	2
CFAP97D1	TAOK1	2
CHD3	NDEL1	2
GID4	TP53	2
CCNF	NOL4	2
CBFB	COG4	2
GNAO1	NUP93	2
PARN	PLA2G10	2
MRTFB	ZNF200	2
CCDC154	LMF1	2
CORO7	TRAF7	2
ADCY9	VASN	2
ABAT	MARF1	2
MPV17L	XPO6	2
LDAF1	UBFD1	2
BFAR	SPNS1	2
SPNS1	ZNF668	2
HDDC3	SLCO3A1	2
ADAMTSL3	RGMA	2
C15ORF40	TMC3	2
INSYN1	TMOD2	2
MAPK6	SCAMP2	2
FBN1	THSD4	2
GLDN	IGDCC3	2
ARNT2	FRMD5	2
DAPK2	TP53BP1	2
LYSMD2	VPS39	2
ADAM10	ZNF770	2
BUB1B	RYR3	2
MYO5C	UBE3A	2
LGALS2	WDR20	2
DHRS7	PDE9A	2
COQ8B	PPM1A	2
TECPR2	WDR20	2
BRF1	UNC79	2
HIF1A	VRK1	2
FCF1	TIMM9	2
MNAT1	PRKCH	2
ARMH4	KIAA0586	2
GPHN	PRKD1	2
CGRRF1	SAMD4A	2
DPF3	LRFN5	2
NPAS3	RGS6	2
PCID2	SNRPA	2
KCNG2	RASA3	2
CLYBL	SPAG9	2
MYCBP2	PIBF1	2
SLC7A1	USPL1	2
MYT1	ST8SIA1	2
BTBD2	OAS2	2
ERCC2	REDIC1	2
ANO6	HNRNPUL1	2
KLRC3	NTHL1	2
ADCY9	TEAD4	2
FTO	ST8SIA1	2
GRIN2A	RASSF8	2
GALNT9	TMEM132D	2
MYO1H	SFSWAP	2
RIMBP2	SCARB1	2
RILPL2	SBNO1	2
NCOR2	TMEM132D	2
CORO1C	ZNF664	2
ANKLE2	NCOR2	2
CRY1	HECTD4	2
BRAP	KLRB1	2
MED13L	MYBPC1	2
KNTC1	WASHC3	2
POLR3B	TCP11L2	2
ANKS1B	HCFC2	2
CPSF6	PTPRB	2
GYS2	RAB3IP	2
CNOT2	SLCO1A2	2
CPSF6	USP15	2
CYP27B1	TSFM	2
EEF1AKMT3	GLI1	2
ATP23	HIGD1C	2
ATF1	SCN8A	2
KIF5A	R3HDM2	2
GDF11	HOXC8	2
DTX3	PLEKHA5	2
GXYLT1	LRRK2	2
ITFG2	RIMKLB	2
LRP6	NINJ2	2
MANSC1	SOX5	2
RAD51AP1	ST8SIA1	2
BHLHE41	RERGL	2
STK38L	WNK1	2
ADIPOR2	ITPR2	2
DNAI7	TMTC1	2
BICD1	SOX5	2
CCDC91	FAR2	2
FXYD6	OSBP2	2
HIRA	ZBTB16	2
FAM168A	SOX10	2
EHD1	GRK3	2
MS4A4A	ZNF133	2
CCDC61	CHST1	2
AMBRA1	CCDC61	2
CYTH1	MACROD1	2
MEGF11	SIK2	2
COQ6	FLRT1	2
EI24	FEZ1	2
DSCAML1	MPZL2	2
IGHMBP2	KMT2A	2
MRE11	YAP1	2
ATG13	MAML2	2
GRIA4	NAALAD2	2
AMOTL1	CCDC88B	2
KLC2	RSF1	2
MAJIN	SNX15	2
PCNX3	TOP6BL	2
FOLR1	NUMA1	2
BSCL2	LBHD1	2
ANO9	STIM1	2
SIRT3	SPON1	2
ABCC8	PLEKHA7	2
AMOTL1	MPPED2	2
CAPRIN1	SPINDOC	2
DDX6	TSPAN18	2
CKAP5	TMEM135	2
PTPRJ	SOX6	2
BBOX1	CELF1	2
PTEN	PYGB	2
DEFB119	MARCHF8	2
SFMBT2	TGM2	2
ARL5B	CCDC102B	2
DTD2	MALRD1	2
CNTN1	TCERG1L	2
PIP4K2A	RIMKLB	2
BICD1	ZNF438	2
AFAP1L2	INPP5A	2
CWF19L1	HSPA12A	2
CWF19L1	HPSE2	2
SCD	SEC61A2	2
IDE	VWA2	2
LIPN	MINPP1	2
ATAD1	LIPF	2
ANKRD22	ATAD1	2
SUFU	ZCCHC24	2
SEC31B	ZNF239	2
FRMD4A	OR13A1	2
CACNB2	MINDY3	2
ANKRD26	FAM171A1	2
MLLT10	WAC	2
PARD3	ZNF33A	2
CUL2	NRP1	2
ATP5MJ	PPP1R13B	2
P4HA2	TBCK	2
RUNX2	USP6	2
EIF1	USP6	2
MEF2A	USP6	2
LUM	USP6	2
ATG5	PREP	2
ALK	RNF213	2
INSL3	JAK3	2
CIAO2A	CSNK1G1	2
ARHGEF7	ATP11A	2
+PAX7	FOXO1	2
NFIB	PLAG1	2
FBXO32	PLAG1	2
CRISPLD1	PLAG1	2
PLAG1	TCEA1	2
EIF4G2	PLAG1	2
OSR1	PLAG1	2
AIG1	NFIB	2
FUS	MYB	2
BCORL1	SLC25A14	2
CDX4	CHIC1	2
DMD	NLGN4X	2
BCOR	PHEX	2
FAM120C	PHF8	2
TFE3	ZMYND8	2
CD244	USP9X	2
NUP188	SPTAN1	2
MRPL50	PGAP4	2
TDRD7	TMOD1	2
PLGRKT	RFX3	2
FAM219A	SMU1	2
UBAP1	UBE2R2	2
AGPAT2	PRRG2	2
CACNA1A	SH3GLB2	2
PRCD	PRRC2B	2
TMEM94	ZNF618	2
LUC7L	STXBP1	2
HACD3	URM1	2
ARIH1	GKAP1	2
ITPK1	MPDZ	2
LRRC8A	MEN1	2
MROH1	PPP1R16A	2
ATAD2	KHDRBS3	2
MYC	NDUFAF6	2
FGF20	RP1	2
HMBOX1	PNOC	2
CHD7	EMID1	2
ANK1	TBC1D10A	2
EYA2	KIF13B	2
COLEC10	SIPA1L3	2
COX6C	MYO5B	2
ASAP1	LMNTD1	2
KIF12	SRPK2	2
INVS	RPA3	2
CYRIB	MGAM	2
MKLN1	PTK2	2
BRAF	SVOPL	2
HIPK2	PARP12	2
ACTL6B	ZNF3	2
EFCAB10	SRPK2	2
NAPEPLD	RELN	2
ARPC1B	TRRAP	2
SEM1	SLC25A13	2
ADAM22	RUNDC3B	2
BCL7B	NSUN5	2
BAZ1B	NSUN5	2
FBXL18	RNF216	2
CYTH3	FAM220A	2
ELMO1	HDAC9	2
CLIP2	MTMR3	2
BTBD3	FAM221A	2
GPX4	TAX1BP1	2
BLVRA	GPS1	2
DEPTOR	MYO6	2
KIF13B	TMEM217	2
SNX9	SYTL3	2
SNX9	ZDHHC14	2
ARID1B	EZR	2
ESR1	PDE7B	2
PLN	SASH1	2
KATNA1	SENP6	2
ENPP3	PHF3	2
DTNBP1	FARS2	2
EXOC2	RNF144B	2
ELOVL2	SMOC2	2
C6ORF62	KIAA0319	2
GMDS	STK38	2
PXT1	SRPK1	2
DAXX	RGL2	2
PPT2	TNF	2
NUDT3	SPDEF	2
DDX39B	TSBP1	2
EFHC1	IL17A	2
CILK1	FAM83B	2
CCDC157	COL21A1	2
KCTD20	NCOA3	2
KANK2	UBR2	2
ANKS1A	PIGN	2
AMZ2	KDM1B	2
CDIP1	MRPS18A	2
MELK	PLEKHG4B	2
G3BP1	LMNB1	2
CDC25C	DDX46	2
CTNNA1	WNT8A	2
MARVELD2	PIK3R1	2
CWC27	RNF180	2
ICE1	NKD2	2
BPTF	RAD17	2
GARIN1B	TRIM2	2
HADH	HPGD	2
INTS12	PPA2	2
BMPR1B	PDLIM5	2
LETM1	MXD4	2
EP300	PAICS	2
ATP9A	TMEM175	2
KCNN4	TRAPPC11	2
AFF1	GAST	2
GTSF1	MAML3	2
CAMK2D	STAC3	2
DLG2	LRBA	2
FRAS1	MGMT	2
FHIP2A	SHROOM3	2
ABLIM1	PDE6B	2
CACNA2D2	STXBP1	2
HDAC9	ITGB5	2
CREB5	KALRN	2
GOLGB1	NEDD9	2
SMARCC1	SYCP2L	2
PDZRN3	RGS12	2
CLDN11	MECOM	2
CEP70	GYG1	2
ITGB5	SLC12A8	2
EDEM1	ITPR1	2
LHFPL4	SRGAP3	2
ATG7	SLC6A1	2
DLEC1	OXSR1	2
GYG1	KIF9	2
NISCH	UQCC5	2
QRICH1	SHISA5	2
CYB561D2	RBM6	2
CDC25A	SLC26A6	2
ALAS1	RBM6	2
KCNJ4	PDE12	2
DZIP3	USP25	2
MECOM	TPX2	2
GSK3B	RASSF2	2
CACNA2D2	SBNO2	2
COG4	MELTF	2
EFCAB12	SPG7	2
CD47	RASGRP1	2
EML1	SFMBT1	2
HMGA2	KALRN	2
PPFIBP1	WNT7A	2
GPR160	STIM1	2
FAM168A	STAG1	2
CD47	SPON1	2
C2CD3	DCAF1	2
CYP2C8	SLC26A6	2
ASXL2	DENND2A	2
AGAP1	PACRG	2
THADA	UBR2	2
AGXT	ZNF148	2
MAFF	STK16	2
CCDC117	USP34	2
FARP2	INHA	2
RNF25	TNS1	2
ANKAR	GLS	2
FIGN	STK25	2
FMNL2	GPBAR1	2
PDE11A	RIF1	2
IL36B	PAX8	2
MAP4K4	REV1	2
LDAH	MBOAT2	2
ASXL2	HADHA	2
ALK	GALNT14	2
ANXA4	ZNF512	2
BIRC6	MATN3	2
ACYP2	CFAP36	2
PAIP2B	VAX2	2
LOXL3	M1AP	2
IMMT	TGOLN2	2
KDM4B	USP34	2
DPP4	PPP4R1	2
GIGYF2	SP2	2
CASP8	VMP1	2
FAP	HOXB3	2
FAHD2B	RPTOR	2
NF1	YPEL5	2
CDC42EP4	COMMD1	2
SPECC1	TET3	2
SPECC1	STAMBP	2
PDE1A	STK24	2
ALK	SCEL	2
BRAP	CFAP65	2
CTNNA2	LDHB	2
DIS3L2	MICU1	2
CACUL1	IL1RN	2
CDC42EP1	TRIOBP	2
ACO2	TOB2	2
SUN2	TMEM184B	2
GTSE1	TBC1D22A	2
PHF21B	WNT7B	2
ACO2	PRR5	2
PES1	TNRC6B	2
PLXNB2	TMPRSS6	2
BID	DEPDC5	2
RTN4R	TXNRD2	2
MAPK1	PRODH	2
AGPAT3	PDE9A	2
ABCG1	BACE2	2
GABPA	JAM2	2
PABPC1L	PKIG	2
EYA2	SLC2A10	2
BCAS1	RBL1	2
MANBAL	SRC	2
MTCL2	SAMHD1	2
MROH8	MTCL2	2
ERGIC3	MAP1LC3A	2
MACROD2	PLCB4	2
GATAD2B	LAMC3	2
GARNL3	MTOR	2
CD2	FOCAD	2
HSPG2	MATN2	2
DLC1	ZBTB17	2
SND1	SUCO	2
ATP2B4	TFEB	2
IPP	SLC22A7	2
EFCAB14	TMEM63B	2
EIF4G3	SEC31A	2
ACAP2	UBE2J2	2
FBXO44	ULK4	2
UBE4B	WDR82	2
SMARCC1	ZBTB8OS	2
DNAH14	TMEM184B	2
MICALL1	SHC1	2
DTL	SOS1	2
KANSL3	SHE	2
PI4KB	PPP1CB	2
ARHGEF19	SUPT5H	2
EXOSC10	OLFM2	2
RPA2	SAE1	2
NLRP4	PHC2	2
NVL	RNF213	2
NDUFS5	SPOP	2
HDAC5	MACF1	2
CTDSPL2	FBXO42	2
ACVR1B	MIB2	2
ALKBH3	DPYD	2
AP2A2	ST7L	2
INA	USP48	2
LGR6	NAV1	2
DSTYK	LEMD1	2
ATP2B4	PRELP	2
MAPKAPK2	PLA2G2A	2
LAMC2	NMNAT2	2
METTL25B	PRCC	2
CTSS	METTL25B	2
ENTREP3	MUC1	2
CCT3	GON4L	2
ASH1L	IQGAP3	2
ARHGEF2	PAQR6	2
S100A10	THEM4	2
PI4KB	PRUNE1	2
PMVK	PYGO2	2
ADAR	UBE2J2	2
IGFN1	NUDC	2
KIF1B	SHISA4	2
RERE	SLC2A7	2
EPHA2	PEX14	2
ESPN	NOL9	2
KAZN	MTOR	2
CELA2B	FBLIM1	2
ECE1	WNT4	2
DDI2	EFHD2	2
CAPZB	CENPS	2
FBXO42	LAPTM5	2
VANGL1	WASF2	2
KAZN	PTPRU	2
AHDC1	TAF12	2
EIF4G3	KIAA0319L	2
MAST2	MMACHC	2
AGO3	MAP7D1	2
EIF2B3	ERI3	2
EFCAB14	MKNK1	2
NDC1	SSBP3	2
ABCA4	BCAR3	2
PSMA5	SORT1	2
HENMT1	MYBPHL	2
CEPT1	MOV10	2
MAN1A2	PTGFRN	2
MYPOP	PICK1	2
ARID3A	MORC2	2
CSTF1	GADD45GIP1	2
ATP4A	ZNF790	2
AURKC	ZNF587	2
PSG5	ZNF222	2
C19ORF33	ZFP30	2
DYRK1B	SYMPK	2
GMFG	SAMD4B	2
RYR1	ZNF383	2
FLT3LG	RCN3	2
PVR	ZNF233	2
BCL3	PPP1R37	2
CEACAM19	NECTIN2	2
KASH5	MED25	2
DMPK	RCN3	2
DHX34	SAE1	2
ANKRD27	SLC7A9	2
ANKRD27	PEPD	2
RAB8A	SIPA1L3	2
FOXA3	URI1	2
CEBPG	DCAF15	2
ELL	ZNF709	2
NIBAN3	ZNF559	2
MEX3D	SUGP1	2
RFXANK	SUGP1	2
NR2F6	PLVAP	2
NDUFS7	STK11	2
MPND	YJU2	2
C19ORF38	DNM2	2
B3GNT3	INSL3	2
LSM14A	ZNF429	2
GATA6	KCNN1	2
MBP	ZNF516	2
RBFA	TXNL4A	2
CBLN2	MBP	2
NEDD4L	ZNF532	2
ANKRD29	NPC1	2
HEXIM2	MTMR3	2
NTN1	RANGAP1	2
MLLT6	NCOA3	2
HM13	SPECC1	2
CERS4	RARA	2
ALOX15B	PPP1R37	2
RNF157	UNK	2
ITGB4	UNK	2
C1QTNF1	UNK	2
NHERF1	TMEM104	2
RPTOR	SLC38A10	2
NPLOC4	SIRT7	2
ASPSCR1	CSNK1D	2
ARHGAP23	KCTD2	2
GNA13	SMURF2	2
CACNG5	PRKCA	2
COPZ2	CUEDC1	2
HOXB6	SKAP1	2
CBX1	SCRN2	2
ACLY	P3H4	2
NFE2L1	PNPO	2
CDK12	PSMD3	2
GSDMB	MED1	2
FAM222B	RAB5C	2
CPD	TAOK1	2
PHF12	SEZ6	2
TRPV3	UBE2G1	2
NXN	SLC43A2	2
MYO1C	SMTNL2	2
CCDC42	MYH10	2
DLG4	SHBG	2
SREBF1	ZNF232	2
SNU13	WWP2	2
ADCY9	RIPOR3	2
CMIP	SUGP2	2
CREBBP	RANBP3	2
VSTM1	ZNF646	2
ANKRD11	SPIRE2	2
ANKRD11	CHMP1A	2
CDH5	MBTPS1	2
COG4	VAC14	2
CA7	CBFB	2
CCL17	COQ9	2
CPNE2	NUP93	2
C16ORF89	GLYR1	2
CREBBP	IFT140	2
ADCY9	CLUAP1	2
SETD1A	SRCAP	2
HACD3	SPECC1L	2
FAM174B	PHF20	2
DLGAP4	RGMA	2
HAUS8	MYO5C	2
GRB2	MYO9A	2
MESP1	PEX11A	2
NGRN	ZNF710	2
IQGAP1	ZNF710	2
IQGAP1	SEMA4B	2
ACSBG1	TBC1D2B	2
SMAD3	SMAD6	2
ARG2	FBXO46	2
AARS1	PPP1R13B	2
PPP2R5C	WDR20	2
GSKIP	PAPOLA	2
COA8	MARK3	2
RPGRIP1	STON2	2
ACOT4	ZNF410	2
ISM2	VIPAS39	2
SLC39A9	SUSD6	2
PLEKHD1	SUSD6	2
BBOF1	DNAL1	2
MAP4K5	PYGL	2
L2HGDH	MAP4K5	2
MYO1E	TMCO3	2
GTSE1	SLC38A1	2
COX4I2	ERBB3	2
BCL7A	BICRA	2
HDAC7	VSTM2B	2
GIPC1	WNK1	2
CD163	RPTOR	2
NFAT5	PITPNM2	2
CCDC92	MPHOSPH9	2
KDM2B	RHOF	2
DAO	SART3	2
CRY1	MTERF2	2
APAF1	LRRIQ1	2
ANO6	LIMA1	2
KMT5A	RIMKLB	2
LPAR5	SCNN1A	2
RAD52	RIMKLB	2
DNM1L	FGD4	2
DGAT2	MACROD2	2
ASIP	STX5	2
ITPA	PRR5L	2
FNBP4	INSL3	2
CXCR5	PGS1	2
AP2A2	NLRC5	2
ARID3B	USP47	2
ITPK1	SHANK2	2
CLIP1	STIM1	2
MLXIP	NUP98	2
CDON	DCPS	2
BCO2	POU2AF1	2
CEP164	SIDT2	2
MMP20	TMEM123	2
MMP10	TMEM123	2
RTN3	STIP1	2
POLD3	PPME1	2
C11ORF24	KMT5B	2
GPR137	IGHMBP2	2
FRMD8	VPS51	2
ARHGEF17	FCHSD2	2
FAM168A	P4HA3	2
CD82	PPFIA1	2
ATL3	EML3	2
ASRGL1	CPSF7	2
LSP1	TSSC4	2
CTR9	TEAD1	2
RNH1	TOLLIP	2
IFITM2	PTDSS2	2
PARVA	SPON1	2
ABTB2	APIP	2
ACP2	MRPL48	2
DACT3	DOCK1	2
MAP1S	SH3PXD2A	2
PSMA6	USP54	2
HMGA2	LRMDA	2
RRP12	SNX19	2
SORBS1	TCTN3	2
GBF1	SFTPD	2
HTR7	LRMDA	2
BMPR1A	LRMDA	2
LRMDA	ZMIZ1	2
USP6NL	VPS26A	2
IL2RA	PARD3	2
ARRDC1	ZMYND19	2
NUP188	PHYHD1	2
FGFR1	TG	2
GSDMB	TATDN1	2
IGF1R	TG	2
PCM1	RET	2
BRAF	SUGCT	2
AOAH	RBM28	2
BRAF	ERC1	2
BRAF	CCNY	2
TMEM242	ZDHHC14	2
PREP	TMEM242	2
LGSN	LMBRD1	2
SCAF8	VWA8	2
TAF3	ZDHHC14	2
MTMR12	TERT	2
RET	SQSTM1	2
BRAF	DLG1	2
CREB3L2	PPARG	2
BRAF	RBMS3	2
FRMD4B	TRAK1	2
RET	SATB1	2
BRAF	TANK	2
ACTB	FAM168B	2
BCL2L11	BRAF	2
LRP8	PAX8	2
NCOR1	RHOU	2
CHTOP	INTS3	2
CACNA1E	ERRFI1	2
PRCC	TMED5	2
NTRK1	TRIM33	2
RNF125	RNF138	2
IGF2BP1	KAT7	2
ALKBH5	LLGL1	2
ANKRD11	DPEP1	2
LTK	UACA	2
CRYL1	HMGB1	2
AKAP13	RET	2
KTN1	RET	2
CCNY	WARS1	2
CFAP70	MRPS16	2
DLG5	RET	2
CSGALNACT2	SLC16A9	2
ATP6AP1	PLXNA3	2
RADX	RNF128	2
BMX	RPS6KA3	2
CLCN5	PAGE1	2
FPGS	SPTAN1	2
CIZ1	PTGES2	2
DPP7	EDF1	2
RALGPS1	ZNF79	2
COL27A1	ZNF618	2
CARD19	FAM120A	2
AOPEP	MFSD14B	2
C9ORF57	C9ORF85	2
ACO1	UBE2R2	2
RAPGEF1	WDR83	2
CNOT1	PRRX2	2
TP53BP1	URM1	2
EPB41L4B	WARS1	2
BOP1	CPSF1	2
ARHGAP39	ZNF16	2
ASAP1	RIMS2	2
MFHAS1	ZFAT	2
HOOK3	XKR6	2
ASAH1	MTUS1	2
PIWIL2	SLC39A14	2
ENTPD4	R3HCC1	2
GTF2E2	HOOK3	2
GPRC5A	NRG1	2
IMMP2L	PTPRN2	2
LUC7L2	SLC25A13	2
TBXAS1	TOMM7	2
TRIM4	ZCWPW1	2
BCAP29	DUS4L	2
BAIAP2L1	CYP3A7	2
ANKIB1	TRRAP	2
CDK14	SMURF1	2
TRA2A	TYW1	2
GSDME	NUP42	2
IMMP2L	ZNF681	2
KANSL1	KMT2E	2
PMPCB	WWOX	2
ANKIB1	TNFRSF17	2
PEX3	PHACTR2	2
AMD1	CDK19	2
H2BC5	MDN1	2
SLC44A4	ZKSCAN4	2
SUPT3H	TFEB	2
CCND3	SRPK1	2
BRPF3	KCTD20	2
ITPR3	SYNGAP1	2
HTR1E	KIAA1671	2
NUP153	ZNF280D	2
PCBP2	SEC63	2
FBXO21	FUT9	2
C6ORF132	EFEMP2	2
CTNNA1	REEP2	2
SNCAIP	SRFBP1	2
MEGF10	SLC12A2	2
AP3B1	CAMLG	2
ITPR2	RAD17	2
CLCN3	PALLD	2
GATB	LRBA	2
LARP1B	SLC25A31	2
ARHGEF38	TET2	2
CCSER1	SPARCL1	2
HTT	PCGF3	2
CCKAR	SEL1L3	2
ATP8A1	PDS5A	2
DLG1	PCSK5	2
BZW2	GAP43	2
ARHGEF3	CTNND2	2
KIAA0232	LRCH3	2
EPHB3	VPS8	2
DZIP1L	NME9	2
IQSEC1	VGLL4	2
SCAP	SETD2	2
MAP4	SHISA5	2
CACNA1D	DNAH1	2
FLNB	RAD18	2
ATXN7	ZNF385D	2
FHIT	STT3B	2
FLNB	RPP14	2
MYRIP	ZNF585B	2
ROCK1	TBL1XR1	2
ATP2A3	NBEAL2	2
ATP11A	ULK4	2
ATR	R3HDM2	2
COLQ	PARD3	2
C7ORF50	RAB1A	2
FLACC1	SEMA3B	2
DIS3L2	EFHD1	2
CYP27A1	ZFAND2B	2
PLCD4	STK16	2
INPP1	MFSD6	2
ABCB11	CERS6	2
CCNT2	MAP3K19	2
IL18R1	TMEM182	2
MRPS9	NCK2	2
ASAP2	ROCK2	2
NOL10	ROCK2	2
PUM2	SDC1	2
EHBP1	OTX1	2
DCTN1	M1AP	2
DNAH6	KCMF1	2
BRD4	ZC3H15	2
NFE2L2	VMP1	2
SPAG5	SPTBN1	2
GFPT1	NF1	2
COG4	GIGYF2	2
CPS1	SPPL3	2
CAB39	GBF1	2
ATXN10	TRMU	2
ARFGAP3	POLDIP3	2
LGALS1	PACSIN2	2
MIEF1	TAB1	2
SLC5A1	YWHAH	2
FOXRED2	IFT27	2
SMARCB1	SPECC1L	2
IL10RB	SON	2
BCAS1	ZNF217	2
CSE1L	ZFP64	2
UCKL1	ZBTB46	2
PTGIS	SLC9A8	2
BCAS4	SLC9A8	2
MAP1LC3A	STAU1	2
EYA2	PLCG1	2
GGT7	NCOA6	2
EXD3	PADI2	2
C7ORF50	EIF4G3	2
DNAJC8	ZNF3	2
CD2AP	UQCRH	2
GARIN3	NPHP4	2
KDM1A	TMEM115	2
AK2	MRTFA	2
PARD3B	SLC50A1	2
DNAJC11	TCF3	2
NADK	TOM1L2	2
KANSL1	PUM1	2
CDC20	DEF8	2
MAP2K5	SNRNP40	2
CMPK1	UVRAG	2
EPHB2	TOMM20	2
ELF3	GPR37L1	2
ATP6V1G3	DENND1B	2
CLK2	PPP1R12B	2
PMF1	SMG5	2
PMF1	SYT11	2
ARHGEF2	CCT3	2
CTSS	ENSA	2
ERRFI1	NCF2	2
RERE	TPM3	2
MFN2	VPS13D	2
USP48	WNT4	2
HMGCL	TCEA3	2
GALE	PITHD1	2
HSPG2	MYBPHL	2
SYNC	ZBTB8OS	2
SNRNP40	SPOCD1	2
PHACTR4	RCC1	2
EIF4G3	FOXJ3	2
PRDX1	TESK2	2
FOXJ3	MACF1	2
SSBP3	TMEM59	2
ABCD3	RAP1A	2
ATP1A1	IGSF3	2
AHCYL1	GNAI3	2
NOSIP	TEAD2	2
PTOV1	SIPA1L3	2
MYH14	PRKD2	2
DBP	LMTK3	2
FCGRT	GPATCH1	2
CLASRP	PPP1R37	2
CACNA1A	PDCD2L	2
PLEKHF1	URI1	2
C19ORF12	URI1	2
C19ORF12	PLEKHF1	2
OLFM2	PSENEN	2
DOT1L	PLEKHF1	2
AP3D1	PLEKHF1	2
RAVER1	TMEM259	2
EIF3G	OLFM2	2
NFIX	RFX1	2
INSR	S1PR2	2
FARSA	LYL1	2
DNM2	SLC44A2	2
DNM2	RFX1	2
ABHD17A	AP3D1	2
DPF1	GATA6	2
ALPK2	NEDD4L	2
LAMA3	OSBPL1A	2
ARHGAP28	ESCO1	2
OSBPL1A	TUBB6	2
DLGAP1	SMCHD1	2
FKBP10	MED15	2
BACE2	WDR81	2
ACLY	TPX2	2
ARHGAP35	BAIAP2	2
RECQL5	UNC13D	2
ITGB4	LLGL2	2
FOXK2	RNF213	2
ASPSCR1	DUS1L	2
CCDC57	FASN	2
ARMC7	CDR2L	2
AFMID	TMC8	2
AMZ2	CDC42EP4	2
TBX4	VMP1	2
STARD3	TEX2	2
DNAH17	TRIM37	2
ABCC3	TMEM104	2
THRA	WIPF2	2
CACNA1G	LUC7L3	2
CDK5RAP3	SP2	2
CDC6	JUP	2
ABCC3	XYLT2	2
ABCC3	ACSF2	2
CDK12	THRA	2
NT5C3B	TADA2A	2
JUP	STARD3	2
PGAP3	TOP2A	2
ACACA	RARA	2
CACNB1	RPL19	2
GRB7	MED1	2
CWC25	PLXDC1	2
DDX52	SSH2	2
CPD	WNT3	2
ANKRD13B	TAOK1	2
SLC6A4	SSH2	2
LLGL2	PITPNA	2
AATF	UBE2G1	2
DEXI	SULF2	2
CDH13	GSE1	2
FA2H	GLG1	2
CFDP1	CHST6	2
CTCF	HSD11B2	2
CDH3	SNTB2	2
ADCY7	NKD1	2
MCRIP2	RAB11FIP3	2
ABAT	HAPSTR1	2
MYH11	SMG1	2
FLYWCH2	GDE1	2
ARL6IP1	RPS15A	2
CRTC3	PHAF1	2
CIB2	SEMA4B	2
ACAN	MTHFS	2
MAP2K5	SMAD3	2
HERC1	VPS13C	2
CCNB2	TCF12	2
MEIS2	TRPM1	2
FOXN3	PPP2R5C	2
COA8	KLC1	2
ATP5MJ	KIF26A	2
EIF2B2	TTLL5	2
PLEK2	TMEM229B	2
CHD8	HNRNPC	2
LAMA5	MCF2L	2
DIAPH3	SPTLC2	2
CHAMP1	COL4A2	2
DCLK1	ELF1	2
SPATA13	ZDHHC20	2
NFIX	VDR	2
KIF21A	ODAD1	2
ANKRD52	ASPHD1	2
ANKRD11	ERGIC2	2
FBXO21	TESC	2
HECTD4	RPH3A	2
GNS	UBE3B	2
KNTC1	NT5DC3	2
APAF1	HOXC10	2
CNOT2	LTA4H	2
CSAD	RAP1B	2
KNTC1	SRGAP1	2
FKBP11	PRKAG1	2
DNAJC14	SMARCC2	2
BAZ2A	NACA	2
ACVR1B	ANKRD33	2
PLEKHA5	RERGL	2
ART4	GUCY2C	2
EPS8	RERGL	2
C2CD5	IAPP	2
FAR2	NFE2	2
BORCS5	RESF1	2
ETFRF1	MRPS35	2
CCDC91	STK38L	2
KDM2A	SYNDIG1	2
RAB5IF	SOX6	2
FAM32A	PACS1	2
CDC27	SYT13	2
SYT13	ZC3H7A	2
CBL	SC5D	2
BIRC2	YAP1	2
CLNS1A	MTMR2	2
AAMDC	PAK1	2
PPP6R3	RHOD	2
CHRDL2	PGM2L1	2
FRMD8	MARK2	2
CORO1B	TMEM134	2
BAD	TRMT112	2
ACER3	EMSY	2
RTN3	SLC22A9	2
RSF1	TMEM179B	2
SCGB1A1	TAF6L	2
MYRF	SAXO4	2
EPS8L2	PNPLA2	2
OSBPL5	TRPM5	2
MRGPRE	OSBPL5	2
CD81	KCNQ1	2
CHID1	DEAF1	2
AMBRA1	CAT	2
PLPP4	TMEM132B	2
PTPRE	SH3PXD2A	2
COL17A1	STN1	2
IFIT1	TSPAN14	2
AP3M1	USP54	2
ADAMTS14	SGPL1	2
HKDC1	SUPV3L1	2
HNRNPH3	SLC29A3	2
CCAR1	MCU	2
ASAH2	SGMS1	2
PCDH15	ZMYND11	2
NET1	TUBAL3	2
UPF2	USP6NL	2
FAM107B	TNKS2	2
ARHGAP21	MSRB2	2
ARHGAP12	PARD3	2
OLFM4	RET	2
DDX3X	PRKD1	2
ARID1B	PRKD1	2
MEF2C	SS18	2
ANK3	USP9Y	2
ENOX2	SMARCA1	2
DIAPH2	MAGEA11	2
NEXMIF	PBDC1	2
REPS2	SMARCA1	2
OGT	POLA1	2
CCDC22	KRBOX4	2
SMPX	SNAP91	2
CASK	PERP	2
HSPA9	TBC1D25	2
ARHGAP6	SLC4A4	2
CADPS	PDK3	2
IL1RAPL2	STK39	2
RLIM	TMEFF2	2
PRIM1	USP9X	2
PIR	SIK2	2
PPP2R1B	RAI2	2
EFHC2	TET1	2
CEL	TSC1	2
DPH7	PNPLA7	2
GARNL3	GPR107	2
BRINP1	C5	2
COL27A1	VAV2	2
RC3H2	RGS3	2
NIPSNAP3B	RABGAP1	2
ALDOB	SNX30	2
ABCA1	RGS3	2
FANCC	ROR2	2
ERCC6L2	IPPK	2
AUH	CDC14B	2
APBA1	RAD23B	2
GNA14	TDRD7	2
OSTF1	RASEF	2
ABHD17B	PTAR1	2
GNA14	PRUNE2	2
GOLM1	TUT7	2
KDM4C	PTPRD	2
MTAP	ZNF618	2
HDAC10	MORN5	2
ASTN2	KDM4B	2
ABHD17B	CCL25	2
HMCN2	PIAS1	2
AOPEP	MYO1E	2
ERCC6L2	TTC6	2
AGTPBP1	TAOK3	2
FOCAD	PDZRN4	2
CORO2A	KBTBD4	2
C10ORF90	FOCAD	2
ACER2	CFAP418	2
PTPN3	RB1CC1	2
DENND4C	RHOBTB2	2
RNF19A	SNX31	2
AZIN1	ZFPM2	2
IMPA1	RSPO2	2
LRRCC1	ZC2HC1A	2
CPA6	CSPP1	2
EIF4EBP1	NCOA2	2
DPYS	TMEM68	2
CLVS1	NSMAF	2
SLA	SPIDR	2
MMP16	RB1CC1	2
FAM110B	SNTG1	2
PRKDC	UBE2V2	2
AGPAT5	MSRA	2
AGPAT5	PRSS55	2
LOXL2	TUSC3	2
MTUS1	PPP2R2A	2
AP3M2	SH2D4A	2
NRG1	STMN2	2
GSR	STMN2	2
SARAF	TNKS	2
FUT10	TDRP	2
KIF13B	PNOC	2
CSGALNACT1	KIF13B	2
FBXO16	GTF2E2	2
KAT6A	TRAPPC9	2
ADAM9	RGS20	2
CSMD1	RNF170	2
PLPP5	SARAF	2
KAT6A	VDAC3	2
ADAM9	GPAT4	2
HSF1	MICALL1	2
NCOA2	SGSM3	2
CRYBB1	RNF170	2
DACT3	NDRG1	2
MAF1	TMEM205	2
MBTD1	SYBU	2
CYLD	CYRIB	2
MROH1	PKMYT1	2
ENY2	ZFHX3	2
CA1	CDH1	2
TMEM68	ZNF821	2
ZFHX3	ZMAT4	2
RIDA	SLC7A1	2
DIABLO	FAM110B	2
ASAH1	TESC	2
PPP2CB	PTPRJ	2
CFTR	ELAVL2	2
LMOD2	RNF38	2
LMBR1	PTPRN2	2
CNTNAP2	GSTK1	2
LUC7L2	MRPS33	2
ETV1	LUC7L2	2
FEZF1	WASL	2
PTPRZ1	ST7	2
CAPZA2	ST7	2
CADPS2	DNAH11	2
PMPCB	PRKAR2B	2
ATXN7L1	HBP1	2
ARPC1A	TRRAP	2
CDK14	DLD	2
ADAM22	SLC25A40	2
ANKIB1	CDK14	2
MLXIPL	NRF1	2
GALNT17	TYW1	2
CCDC146	GTF2IRD1	2
BAZ1B	ZP3	2
BAZ1B	POMZP3	2
CHST12	SDK1	2
GET4	INTS1	2
FOXK1	SDK1	2
ETV1	HNRNPA2B1	2
MINDY4	SUGCT	2
AMPH	COA1	2
COA1	GCK	2
SPMIP7	ZNF716	2
BRAF	TMPRSS2	2
PTBP1	UBE3C	2
DVL2	NUP205	2
PEX1	RAI1	2
EIF2AK1	MAP2K5	2
AP1S1	CHD8	2
HOXA1	TTC6	2
HIPK2	MYCBP2	2
DLD	SCEL	2
COG5	VWA8	2
CCDC122	COG5	2
ORC5	R3HDM2	2
KCNH2	SUFU	2
DENND2A	ZMIZ1	2
ENKUR	FOXP2	2
NIPSNAP2	PHYHIPL	2
NTNG2	NUP153	2
AKAP7	VPS13B	2
PHF3	R3HCC1	2
HACE1	PDIA4	2
KMT2C	NDUFAF4	2
FUT9	KMT2C	2
KIF25	SYNJ2	2
SAMD5	SCAF8	2
ADGB	SASH1	2
SAMD3	TPD52L1	2
CLVS2	MAP3K5	2
ARHGAP18	THEMIS	2
RIOK1	USP45	2
CYB5R4	FNDC1	2
BCKDHB	SNAP91	2
BCKDHB	ME1	2
EYS	ZNF292	2
CGA	SMAP1	2
OOEP	SENP6	2
FARS2	RIPK1	2
RREB1	TXNDC5	2
CARMIL1	CDKAL1	2
PPARD	WDR27	2
CCND3	GMDS	2
DUSP22	PTK7	2
BLTP3A	RIOK1	2
KIF6	XPO5	2
UBR2	XPO5	2
KCTD20	STK38	2
GLO1	KIF6	2
DNAH8	FOXP4	2
CAGE1	PKHD1	2
MRPS18B	TOB2	2
ERG	TAF8	2
DUSP15	DYNLT1	2
CDK5RAP1	TFAP2A	2
IFNGR1	SMCHD1	2
RREB1	WRAP53	2
BTBD9	LASP1	2
PRSS54	ZNF292	2
SOCS2	WTAP	2
ACACB	SENP6	2
PTPRO	ZNF292	2
GABARAPL1	RREB1	2
ADTRP	WBP1L	2
BTBD9	SGPL1	2
CNTLN	PLPP1	2
DGKB	MAPK9	2
CDK14	OCLN	2
IQUB	TRIO	2
HBS1L	IL9	2
GNPDA1	RNGTT	2
H2BC15	MRPS27	2
MXD3	UIMC1	2
MRNIP	RNF130	2
JADE2	SGCD	2
CDC25C	FAM13B	2
ETF1	TRAPPC13	2
AP3S1	LMAN2	2
PRRC1	SPINK6	2
AFF4	DTWD2	2
CHD1	SLCO6A1	2
KIAA0825	MCTP1	2
ADGRV1	KIAA0825	2
ARRDC3	SGCD	2
FAM174A	RASA1	2
PLPP1	SERINC5	2
RAD17	SEC24A	2
ENC1	TNPO1	2
CWC27	ZSWIM6	2
DEPDC1B	PDE4D	2
MAST4	NDUFAF2	2
KIF2A	RNF180	2
CDC42SE2	PLPP1	2
ELL2	PARP8	2
PLPP1	SREK1IP1	2
PDE4D	PLPP1	2
ARL15	PLPP1	2
DDX4	IL6ST	2
BASP1	MTREX	2
MTRR	SLC30A5	2
GPBP1	MTRR	2
CCDC125	SLC45A2	2
GOLPH3	SLC6A19	2
DROSHA	UGT3A2	2
MAPK1	PLPP1	2
CDK7	SH3BGR	2
ATG10	HNRNPUL1	2
DOCK2	SS18	2
COTL1	CTNNA1	2
CDYL2	SERINC5	2
ABCC12	MIER3	2
ITFG1	SLC45A2	2
MAP1B	SLC27A2	2
CCNB1IP1	TNFAIP8	2
CDK7	RIN3	2
FGF14	PDE4D	2
MRPL42	PIK3R1	2
SCARB1	SUB1	2
ACSL6	PHF21A	2
LRMDA	SEC24A	2
FKBP15	SLC10A7	2
ASTN2	RAP1GDS1	2
ATP8A1	ERCC6L2	2
IDO2	RBM47	2
LHFPL3	NFKB1	2
AGMO	BANK1	2
BMPR1B	ETV1	2
AMTN	MKLN1	2
DHX15	ETV1	2
EYS	SLC10A7	2
INTS12	MAK	2
PPP3CA	RNF144B	2
BANK1	GPLD1	2
PPIL1	PPP3CA	2
ARHGEF38	ZNF622	2
ANKH	ARHGEF38	2
AADAT	CFAP97	2
GALNT7	SPCS3	2
CEP44	GALNT7	2
GAB1	GALNT7	2
RAPGEF2	SPMIP2	2
FNIP2	LRAT	2
ABHD18	SLC25A31	2
AP1AR	NDST4	2
GSTCD	UBE2D3	2
INTS12	PPP3CA	2
BANK1	GSTCD	2
BANK1	CFAP299	2
PPA2	SORCS2	2
RAP1GDS1	SCD5	2
CCSER1	WDFY3	2
AFF1	CCSER1	2
ANAPC10	SEC31A	2
PPP3CA	SEPTIN11	2
CFAP299	HNRNPD	2
AFF1	PAQR3	2
SCD5	STAP1	2
CTBP1	SPON2	2
HTT	WDR19	2
FBXL5	RAB28	2
CPEB2	LDB2	2
CNGA1	FRYL	2
ABRAXAS1	PI4KA	2
INPP4B	TMPRSS2	2
DOP1B	ELF2	2
ACTN4	MGST2	2
GAK	MBD3	2
GAK	MEX3D	2
FGFR3	TLE5	2
ARHGAP27	SORBS2	2
CA10	UBE2D3	2
ENOPH1	PER1	2
AFF1	RBFOX1	2
FIP1L1	SLC38A8	2
TBCK	WDHD1	2
DHRS4	MANBA	2
MNAT1	RASGEF1B	2
MRPS35	SORBS2	2
RAB3IP	RAPGEF2	2
DNM1L	LIMCH1	2
ACP3	ZNF462	2
PSMB7	SHQ1	2
CUX1	YEATS2	2
LMBR1	PLD1	2
ATP11B	HECW1	2
CAPZA2	CMSS1	2
MCM7	SETD5	2
BLOC1S5	TFRC	2
EIF5A2	PARP8	2
RAF1	TENT4A	2
GLB1	PSD2	2
GOLGA4	SLC4A4	2
GPR160	PDCD10	2
MBNL1	NMNAT3	2
ATR	WWTR1	2
CEP70	TNFSF10	2
ATP2C1	CPNE4	2
ARMC8	TF	2
ACP3	ATP2C1	2
KALRN	RYK	2
DZIP1L	PLXNA1	2
MYLK	ZNF148	2
ALDH1L1	SLC41A3	2
EEFSEC	RAB7A	2
CHCHD6	MYLK	2
CLDN11	ZBTB20	2
ATP11B	GSK3B	2
GSK3B	TSC22D2	2
ARMC8	IFT57	2
GSK3B	SEMA5B	2
CFAP91	TMEM39A	2
LRRC58	LSAMP	2
FSTL1	LRRC58	2
GSK3B	PLA1A	2
CBLB	CIP2A	2
CACNA1D	HGD	2
ATR	PCNP	2
EPHA6	PCYT1A	2
CRYBG3	DLG1	2
EPHA6	TMEM39A	2
CNTN6	EPHA6	2
PHC3	RAF1	2
GADL1	SETD5	2
LMCD1	ZNF589	2
GXYLT2	RAF1	2
UBE2E2	ZNF385D	2
SATB1	STAC	2
RARB	TAFA4	2
CLASP2	NMNAT3	2
EDEM1	GPD1L	2
CMTM8	STT3B	2
MLH1	MYRIP	2
GOLGA4	MLH1	2
ALS2CL	ZNF589	2
DCAF1	RAD54L2	2
HYAL3	IP6K1	2
DHX30	ZDHHC3	2
DHX30	LIMD1	2
CYB561D2	ERC2	2
FRMD4B	PTPRG	2
DENND6A	FHIT	2
ARHGEF3	TASOR	2
ADAMTS9	SYNPR	2
CNTN4	RYBP	2
FOXP1	HRH1	2
PDZRN3	THRB	2
EIF4E3	PDZRN3	2
CADM2	UBE2E2	2
CADM2	ROBO1	2
CPNE4	SPECC1L	2
IFT122	PITPNB	2
DDT	SLC49A4	2
ETV5	TMPRSS2	2
ADAM33	TBL1XR1	2
CFAP20DC	TTI1	2
EFHB	ZNF43	2
PSMG2	SETMAR	2
NCOR1	TFDP2	2
CPNE4	LLGL2	2
DHX30	NDEL1	2
CMTM4	KLHL24	2
DOCK3	SLC9A5	2
DYNC1LI1	MRPS11	2
MIPOL1	SKIL	2
ATG7	FBXO34	2
CPNE4	TMTC3	2
MAGI1	TBC1D30	2
PSMC3	ST6GAL1	2
ATP11B	NAP1L4	2
ATP11B	CARS1	2
FHIT	RRAS2	2
FYTTD1	IFIT1	2
DIS3L2	DNM1	2
HDLBP	TMC1	2
AMMECR1L	TNFRSF10C	2
FBXO11	INTS9	2
CSGALNACT1	TMEM150A	2
BRAT1	MBOAT2	2
CNTNAP2	GCFC2	2
SERINC1	ZC3H15	2
MMADHC	UTRN	2
GREB1	SCAF8	2
ECI2	SPTBN1	2
AFDN	EXOC6B	2
SNTG2	WWC1	2
AFF4	SNTG2	2
SLC4A4	TRPM8	2
IDH1	ING2	2
PRKRA	SEC31A	2
LRBA	LYPD6B	2
CREB1	SUCNR1	2
ICA1L	PTPN23	2
COQ10B	FOXP1	2
SLC49A4	TIA1	2
HDLBP	TMPRSS2	2
BRWD1	RAPGEF4	2
CYP26B1	STAU1	2
EIF4E2	HJURP	2
AGAP1	SP140L	2
POLR1B	ZNF142	2
ACADL	XRCC5	2
BMPR2	FAM117B	2
CASP8	NRP2	2
GULP1	KCNJ13	2
CPS1	ZC3H15	2
MYO1B	SPAG16	2
GULP1	NCKAP1	2
FAM171B	KYNU	2
CIR1	SCRN3	2
ITPRID2	PTPN4	2
SLC8A1	SP3	2
COBLL1	TTC21B	2
GALNT5	GPD2	2
GALNT3	TTC21B	2
COBLL1	FIGN	2
LYPD6B	NCKAP1	2
GIGYF2	TMEM163	2
TMEM163	ZRANB3	2
MZT2A	NCKAP5	2
KANSL3	TSGA10	2
NTSR2	ROCK2	2
CYRIA	PUM2	2
CYRIA	RAD51AP2	2
GALNT14	NRXN1	2
MAP4K3	TMEM178A	2
BIRC6	EML4	2
ACTR2	SLC30A6	2
PLEKHH2	VSNL1	2
PRKCE	QPCT	2
MTA3	PPM1B	2
CLHC1	FAM98A	2
ACYP2	ERLEC1	2
DNAH6	PPP1R21	2
ACTR2	TIA1	2
GNLY	NPAS2	2
GNA11	SLC30A6	2
ANO7	RALBP1	2
HDLBP	NSRP1	2
FARP2	TP53	2
EZH1	IGFBP5	2
AFF3	HDAC5	2
C2CD6	ZFHX3	2
IKZF2	MICU2	2
ARGLU1	CXCR4	2
HDLBP	OS9	2
IMMT	PPP1R12A	2
ANKRD42	FAM168B	2
NCOA4	SRSF7	2
MCAT	TTLL1	2
GRK3	ZNRF3	2
GAS2L1	MMP11	2
AP1B1	CLTCL1	2
GGT1	PRODH	2
BCL2L13	GAB4	2
TRAPPC10	UBASH3A	2
MRPS6	TMPRSS2	2
MORC3	TMPRSS2	2
RRP1B	SLX9	2
PDE9A	SLC37A1	2
CBR3	EVA1C	2
ERG	SON	2
ERG	KCNJ6	2
DYRK1A	KCNJ6	2
CFAP410	UMODL1	2
APP	CXADR	2
BCAS4	PTPN1	2
EYA2	SYS1	2
ATP9A	TRPC4AP	2
MACROD2	PCMTD2	2
CHD6	PTPRT	2
RBM39	WFDC13	2
EFCAB8	TNNC2	2
MAP1LC3A	PIGU	2
MAPRE1	TM9SF4	2
PANK2	SMOX	2
SEL1L2	TASP1	2
MACROD2	RRBP1	2
DTD1	KIF16B	2
DSTN	DTD1	2
NAA20	NINL	2
ITLN1	UBE2R2	2
DHCR24	ERCC6L2	2
AKT3	PPP2R2A	2
NUGGC	PRCC	2
NRF1	PPP2R5A	2
ETV1	SLC45A3	2
ARPC1A	VAMP4	2
CNTNAP2	KIAA2013	2
PRKRIP1	WDTC1	2
EIF4G3	UTRN	2
CAMTA1	SLC22A23	2
CYP39A1	FGGY	2
MYO6	NEGR1	2
ELAPOR1	TRAF3IP2	2
MTREX	SCCPDH	2
FMN2	WWC1	2
ARF1	HSPA9	2
DHX9	PRELID1	2
IL6ST	LAMC2	2
GNG4	SH3D19	2
ELK4	SORBS2	2
HJV	LRBA	2
AUNIP	SLC4A4	2
CXCL11	ZZZ3	2
FNIP2	SLC35A3	2
SDCCAG8	TSC22D2	2
SKIL	SLC45A3	2
PRUNE1	RAB7A	2
CMTM8	SLC30A7	2
DHX9	FBXO7	2
AGPAT3	ELK4	2
GUCA2A	TMPRSS2	2
ERG	GUCA2A	2
SARS1	TMPRSS2	2
ADNP	SCCPDH	2
MIGA1	PIGU	2
ACVR2A	AKT3	2
AGAP1	RHOU	2
MTFR1L	PUM2	2
ELK4	ZNF350	2
RERE	ZNF345	2
CASZ1	PRKD2	2
ANKRD13C	FZR1	2
PSMA8	USP48	2
AKAIN1	ATG4C	2
MSI2	SMYD3	2
FXR2	TARBP1	2
GPATCH8	RLF	2
GPATCH8	ZMYM4	2
MYO18A	PIK3R3	2
SNRPE	SRRM2	2
HMOX2	PEX14	2
ARID1A	SEC11A	2
GPN2	SERF2	2
SCMH1	SQOR	2
BLOC1S6	SCMH1	2
HSP90AA1	PHC2	2
COQ6	MAST2	2
GDAP2	SLAIN1	2
SPATA17	ZNF10	2
PPP2R5A	SMUG1	2
DDX23	NMNAT2	2
PDZRN4	SCYL3	2
CLK2	RBM19	2
TBX3	WLS	2
AGL	ARHGDIB	2
ERO1B	NDUFS3	2
FAU	SRRM1	2
CRACR2B	WDTC1	2
NCAM1	SCP2	2
KAT6B	SH3BP5L	2
ELK4	VCL	2
C1ORF226	PTEN	2
AGBL4	VPS26A	2
PGM1	SLC16A12	2
SMYD3	TRIM58	2
ADSS2	AKT3	2
COPA	SMYD3	2
CHRM3	SYT14	2
SIPA1L2	TRIM11	2
ATF3	USH2A	2
RPS6KC1	VASH2	2
DTL	INTS7	2
ELK4	SLC26A9	2
C1ORF116	CR1L	2
SLC45A3	ZBTB7B	2
CACNA1S	RO60	2
EDEM3	HHAT	2
RABGAP1L	RASAL2	2
DHX9	RASAL2	2
PRRC2C	STX6	2
CEP350	GPR161	2
COP1	MSH4	2
CEP350	LEPROT	2
KMO	NME7	2
RASAL2	SUCO	2
PRRC2C	PRRX1	2
FMO1	POU2F1	2
POU2F1	RPRD2	2
CEP170	IFI16	2
CD1C	NEK7	2
UCK2	USF1	2
ETV3	MNDA	2
FDPS	IPO9	2
ASH1L	NSL1	2
SMG5	TMEM79	2
NUCKS1	ZBTB7B	2
ACP6	INTS7	2
LIX1L	UAP1	2
CTSS	GOLPH3L	2
GATAD2B	LELP1	2
GATAD2B	KCNN3	2
C1ORF174	SNAP47	2
ERRFI1	TMCO4	2
SPEN	TNFRSF1B	2
CLSTN1	IFFO2	2
PUM1	SDCCAG8	2
NFYC	SRRM1	2
MAST2	ST3GAL3	2
GPBP1L1	ZMPSTE24	2
FAAH	NSUN4	2
CDC42	TTC39A	2
ELOA	TUT4	2
MRPL37	TTC39A	2
FAF1	TTC39A	2
LRRC7	RRP15	2
CYP2J2	NFIA	2
EFCAB7	USP1	2
SAMD13	TTLL7	2
DNAJB4	FUBP1	2
ATG4C	LEPR	2
ARHGAP29	DNAJC6	2
GTF2B	ODF2L	2
ABCD3	DPYD	2
SDE2	SLC22A15	2
RAB4A	WDR47	2
MOV10	ZNHIT6	2
EPN1	ZNF329	2
SIPA1L3	SPTBN4	2
BAX	SAE1	2
ALDH16A1	MAP3K10	2
HNRNPUL1	SLC8A2	2
CHST8	PDCD5	2
BCL2L12	FLT3LG	2
PEPD	URI1	2
CAPN12	NFIX	2
GSK3A	ZNF564	2
AZU1	SF3A2	2
KHSRP	SAFB2	2
MLLT1	RANBP3	2
MPND	RAB8A	2
HAUS8	SGTA	2
CELF5	FZR1	2
CPAMD8	EPS15L1	2
DOT1L	LSM7	2
CARM1	CASP14	2
MORC3	NEDD4L	2
FECH	ZNF875	2
DYM	KATNAL2	2
GAREM1	NEDD4L	2
NPC1	OSBPL1A	2
CD226	LDLRAD4	2
FAM210A	PSMG2	2
ARHGAP28	DLGAP1	2
MRPL39	SLC35G6	2
AATK	LAMA5	2
RNF43	ZMYND8	2
ETV4	PMEPA1	2
DEDD2	SMURF2	2
ELP5	ZNF614	2
CFAP52	ZNF69	2
ECSIT	TP53	2
MPND	RABEP1	2
CCDC178	MSI2	2
SKAP1	SMAD4	2
BCAS3	CA4	2
CLTC	ETV4	2
RAMP2	WIPF2	2
ETV4	STAT3	2
EFCAB13	SLC25A39	2
PRR15L	RAB5C	2
KCNH4	PRR15L	2
KIF18B	TUBG1	2
DUSP3	EFTUD2	2
CDC27	MYL4	2
AARSD1	CCR7	2
DHX8	MYO18A	2
BRCA1	NF1	2
ACACA	MMP28	2
CPD	HDAC5	2
ARHGAP23	RAB11FIP4	2
LIG3	PHF12	2
CDK12	NSRP1	2
ARL5C	NF1	2
CPD	PIGW	2
BLMH	TMEM97	2
ABHD15	TAOK1	2
PFAS	STAT5B	2
MINK1	RABEP1	2
GLP2R	MPDU1	2
ARHGAP44	C17ORF78	2
COX10	ELAC2	2
SREBF1	STAT3	2
RNF167	USP22	2
ATP2A3	USP22	2
PEMT	TOP3A	2
EPN2	SLC5A10	2
AKAP10	GID4	2
ALG12	CDT1	2
CHTF8	TBC1D22A	2
TM9SF4	ZNF423	2
AP3D1	KCTD19	2
IMPA2	ZCCHC14	2
NEDD4L	ZC3H7A	2
IL34	NUP85	2
SMG1	SNF8	2
KLHDC4	MAF	2
PIEZO1	TMEM219	2
CENPN	VPS35L	2
NFATC3	SPATA33	2
ZFHX3	ZNF821	2
CHD9	ZNF821	2
MGRN1	MLYCD	2
IST1	NAA60	2
CORO7	GFOD2	2
MAPK8IP3	TELO2	2
CLEC16A	CORO7	2
MRTFB	SCNN1B	2
CDR2	VPS35L	2
CXADR	HERC1	2
DSCAM	TCF12	2
NPAS1	TCF12	2
CEMIP	KATNAL2	2
CAVIN1	TM2D3	2
ARHGAP23	ZSCAN2	2
EFTUD2	SIN3A	2
TMC6	UACA	2
IQCH	RPTOR	2
ASB7	DEXI	2
MNS1	PIEZO1	2
PIAS1	SEMA4B	2
HOMER2	RASGRF1	2
AP3B2	HOMER2	2
MAN2C1	MESP2	2
BBS4	CSNK1G1	2
PIAS1	ZNF609	2
DENND4A	RAB11A	2
GTF2A2	MYO1E	2
CLPX	IGDCC4	2
IREB2	LEO1	2
RNF111	TCF12	2
DNAAF4	RFX7	2
FBN1	LEO1	2
ATP8B4	OCA2	2
RORA	STARD9	2
BUB1B	EIF2AK4	2
GABRB3	TJP1	2
GPATCH2L	MED15	2
ERG	PLEKHH1	2
COX8C	LAMA3	2
LDLRAD4	NOVA1	2
LIN52	TMEM104	2
PSMD11	TMED10	2
DCAF5	MYO1D	2
CDKN3	ECI1	2
HERC1	SNX6	2
DYNC1H1	EVL	2
LRP10	WDR20	2
ANGEL1	SEL1L	2
BBOF1	VIPAS39	2
IFT43	RBM25	2
GPHN	SLC8A3	2
GARIN2	PALS1	2
EXOC5	SLC35F4	2
CGRRF1	WDHD1	2
PAX9	TTC6	2
PRORP	TTC6	2
FAM177A1	TTC6	2
RALGAPA1	SLC25A21	2
CRYBB1	PDS5B	2
ABCC4	ERG	2
CRYL1	NCAM2	2
GPALPP1	MEF2A	2
ATP11A	DHRS12	2
TRPC4	UGGT2	2
COG6	DNAJC15	2
CCDC122	LHFPL6	2
CAB39L	FNDC3A	2
EBPL	MIPEP	2
CAB39L	USP12	2
ABCC4	CCDC169	2
CCNA1	SMAD9	2
C1QTNF9B	MIPEP	2
CRYL1	GJB6	2
MRPL40	TMCC3	2
MRPS35	UQCC1	2
ANKRD24	R3HDM2	2
ATXN2	TRIM37	2
TMEM120B	UBTF	2
TMEM116	USP43	2
ALDH3A2	PITPNM2	2
ATAD5	NUDT4	2
KDM2B	SLC9A5	2
CDH1	TRHDE	2
ATMIN	GPR19	2
CACNA1C	WWP2	2
COL2A1	ZNF609	2
PDS5B	POLR3B	2
EEA1	UBL3	2
SLC15A4	TMEM132D	2
ACACB	IFT81	2
CABP1	CUX2	2
NAA25	WSCD2	2
ANAPC7	SLC41A2	2
ANAPC7	PAH	2
LIN7A	TMTC3	2
ACSS3	TMTC3	2
FRS2	RASSF3	2
PPM1H	WIF1	2
GYS2	RASSF3	2
HPD	LARP4	2
PPM1H	SPATS2	2
ASB8	DGKA	2
IRAK4	RLIG1	2
CACNA1C	DDX55	2
ATF7IP	TXNRD1	2
MRPL42	YBX3	2
FAM234B	PPM1H	2
BORCS5	HDAC7	2
CREBL2	DDX47	2
CLEC12A	CLEC2A	2
BCL2L14	GPR19	2
ETV6	PDE6H	2
CLEC2A	ITPR2	2
FGD4	MRPS35	2
BICD1	CCDC91	2
EP300	NXPE2	2
PLAAT2	SMARCB1	2
MAPRE1	USP28	2
MMP9	PLEKHA7	2
RNF121	VASP	2
DNAJC7	SCGB2A2	2
TRPM5	TUBB3	2
PDE2A	SLC30A4	2
FOXN3	KCNQ1	2
MYCBP2	TAF6L	2
ARFGAP2	FBRSL1	2
SNX19	USP28	2
APLP2	ST14	2
ARHGAP32	PRDM10	2
CADM1	SORL1	2
CBL	CXCR5	2
CUL5	OPCML	2
ARHGAP32	CWF19L2	2
ATM	DDX10	2
ATM	CARD18	2
MTMR2	TCP11L1	2
PHLDB1	RNF121	2
C2CD3	FCHSD2	2
ATG2A	LBHD1	2
MS4A15	STX3	2
CTNND1	DTX4	2
AMBRA1	TRPC6	2
CSTPP1	NUP98	2
ATAD1	MICAL3	2
DZANK1	SHTN1	2
SUGP2	VTI1A	2
COMTD1	GPATCH8	2
LRMDA	SMG6	2
MRC2	PHYHIPL	2
ARHGAP44	NCOA4	2
FBH1	NHERF1	2
GDE1	TIAL1	2
NFAT5	TCF7L2	2
ATAD1	C16ORF74	2
CORO7	KAT6B	2
ACSM3	NET1	2
DOCK1	GANC	2
MGA	SCD	2
NEO1	VDAC2	2
ADAMTS17	RTKN2	2
ARHGEF7	PTEN	2
FARP1	KCNMA1	2
ANKRD16	UGGT2	2
BTAF1	PTPRR	2
KCNMB4	RTKN2	2
TUBGCP2	UBE4A	2
PCBD1	UVRAG	2
CDH23	EMSY	2
CASP7	LRRC27	2
FHIP2A	VTI1A	2
INA	SLK	2
CC2D2B	LCOR	2
ACTR1A	STN1	2
RPP30	TM9SF3	2
CYP26A1	SUFU	2
ACTR1A	ODAD2	2
BMPR1A	ENTPD1	2
HECTD2	TNKS2	2
GRID1	PTEN	2
FRA10AC1	PDE6C	2
ANKRD22	LRRTM3	2
ZCCHC24	ZMIZ1	2
CTNNA3	HK1	2
CTNNA3	PTEN	2
ATAD1	JMJD1C	2
CTNNA3	P4HA1	2
BMS1	PHYHIPL	2
SGMS1	VSTM4	2
LYZL1	ZMYND11	2
ANKRD16	USP6NL	2
CAMK1D	IDE	2
FBH1	FRMD4A	2
ARHGAP21	PDCD11	2
CUL2	CYP2C18	2
ARHGAP12	SVIL	2
BEND2	SMARCA2	2
MTAP	PTPRD	2
NSMCE2	TBC1D31	2
AGO2	CHRAC1	2
RAB2A	STMN2	2
MRPL15	PCMTD1	2
NRG1	UBXN8	2
NRG1	SARAF	2
IKBKB	LETM2	2
ANKIB1	CYP3A4	2
ORAI2	SLC47A2	2
AHI1	HBS1L	2
CAP2	FAM8A1	2
NUP153	TSBP1	2
H2AC6	RNF8	2
KCTD20	ZNF311	2
COL11A2	SYNGAP1	2
DDX39B	ETV7	2
ABCF1	PRR3	2
GMDS	VAPB	2
CCDC178	PDSS2	2
ASTN2	STARD4	2
CSNK1G3	SNCAIP	2
FBXW7	SH3D19	2
HSD17B13	SEL1L3	2
HADH	ZP2	2
FRMD4B	OXCT1	2
MUC4	PCYT1A	2
IGSF11	UPK1B	2
RASSF1	TUSC2	2
LANCL1	SH3BP4	2
AFF3	REV1	2
AXIN2	VWA3B	2
CBY1	TNRC6B	2
ACO2	ZC3H7B	2
CSNK1E	MB	2
PPIL2	TBX1	2
GUCD1	LHFPL7	2
ABCG1	UBE2G2	2
ERG	GET1	2
BRWD1	GET1	2
ABCG1	BTG3	2
CELA3A	PRSS2	2
PRKACA	PRKACB	2
CATSPERE	KIF26B	2
RNPEP	TIMM17A	2
ADAM15	CHD1L	2
CASZ1	SLC9A1	2
ATAD3C	TAF12	2
GNG12	SPATA6	2
SAMD4B	SUPT5H	2
CCDC9	PPP1R13L	2
HSPBP1	ZNF418	2
CCDC9	NECTIN2	2
ICAM3	TYK2	2
CDH2	TSHZ3	2
OSBPL1A	ROCK1	2
CHST9	ROCK1	2
OSBPL1A	ZNF521	2
IMPA2	SEH1L	2
EMILIN2	SMCHD1	2
B9D1	PAK4	2
BPTF	YPEL2	2
DHX8	MSI2	2
DDX52	STAT5B	2
PLXDC1	SOCS7	2
MLLT6	PLXDC1	2
IKZF3	NF1	2
CIAO2A	DAPK2	2
RTN1	STX8	2
ACTR10	PSMA3	2
ARHGAP5	L2HGDH	2
COL4A1	ZNF675	2
GJB6	ZDHHC20	2
B3GNT4	BCL7A	2
FRS2	MMP19	2
DYRK2	PPM1H	2
ATF7	LRIG3	2
KMT2D	PTPRR	2
CERS5	MYRFL	2
ARF3	WNT10B	2
PPHLN1	TIMELESS	2
GPR162	STYK1	2
LRP6	PTPRO	2
ACRBP	PLEKHA5	2
H4C16	RERG	2
PPFIBP1	TSPAN11	2
MRPS35	PKP2	2
AMPD3	SLC35F2	2
PPP6R3	SSH3	2
CCDC86	TRIM44	2
ROCK1	THNSL1	2
SFXN2	WBP1L	2
ATP7A	PGK1	2
DDX3X	USP9X	2
CLCN5	HUWE1	2
DNM1	SWI5	2
CIZ1	SLC25A25	2
RABL6	TMEM141	2
CAMSAP1	KCNT1	2
NIPSNAP3A	SLC44A1	2
PRSS3	ZCCHC7	2
CCDC107	RFX1	2
ALDH3A2	IFNK	2
CDIN1	UBAP2	2
CDADC1	FUBP3	2
TTLL11	VWCE	2
NSMCE2	PBX3	2
LY6D	TSNARE1	2
NDRG1	OC90	2
CPSF1	RECQL4	2
COL14A1	DEPTOR	2
DNAJC5B	SGK3	2
CLVS1	RAB2A	2
DEFB135	FDFT1	2
CHD7	NSD3	2
DUSP26	NSD3	2
ANK1	FUT10	2
LYN	MCM5	2
HGSNAT	VSTM2B	2
EZH1	ZC3H3	2
MUCL1	NSD3	2
NRG1	RAB3IL1	2
EXOC4	TRUB2	2
RINT1	SWI5	2
GALNTL5	KMT2C	2
MKRN1	MRPS33	2
DENND2A	HIPK2	2
HBP1	LHFPL3	2
MDH2	POR	2
HIP1	STYXL1	2
AMPH	TAX1BP1	2
AVL9	BBS9	2
GRB10	SCIN	2
RALY	TMEM248	2
DYM	TNPO3	2
ATF7IP2	STYXL1	2
MIOS	SEL1L	2
CSTF3	GRB10	2
DAB2IP	SLC44A4	2
TBC1D31	UTRN	2
C6ORF132	DERL1	2
LATS1	NUP43	2
NKAIN2	RNF217	2
DCDC2	GPLD1	2
AIF1	PRRC2A	2
NQO2	SKAP1	2
NF1	TPMT	2
LEMD3	MOCS1	2
GRIK4	SESN1	2
DDR1	PAK1	2
NUP155	PRRC2B	2
ALDH7A1	PIP	2
SND1	ZFR	2
FAF2	KIAA1191	2
PAIP2	UBE2D2	2
SERINC5	SSBP2	2
ARSB	DMGDH	2
ERCC8	PDE4D	2
ERBIN	NLN	2
CDC20B	DHX29	2
CDH6	SKP2	2
DAB2	PAIP1	2
NIM1K	NNT	2
TTC38	UNC5A	2
PLPP1	SPTLC3	2
ITM2B	MATR3	2
CHSY3	NINJ2	2
MYOZ2	USP53	2
FRAS1	MGST2	2
ENOPH1	MRPS18C	2
MOB1B	MUC7	2
CTBP1	LYAR	2
KIAA0232	MAN2B2	2
AFAP1	KCNIP4	2
EXOC1	RBM47	2
CHRNA9	RHOH	2
ATP8A1	CRMP1	2
EXOC1	XKR3	2
DDX60L	DSCAM	2
ACAP2	APOD	2
PRKCI	SAMD7	2
CPB1	HPS3	2
RASA2	SUCNR1	2
CASR	LPP	2
EFCAB12	MBD4	2
CPNE4	ZBTB20	2
MORC1	SPICE1	2
HRH1	SLC6A11	2
SLC26A6	UQCRC1	2
SCAP	SLC25A20	2
ELP6	SCAP	2
DHX30	NT5DC2	2
CDC25A	PRKAR2A	2
DLG1	RRP1	2
MAST3	TBL1XR1	2
AXIN1	BBX	2
MIPEP	TBL1XR1	2
LRRC43	MAP4	2
FHIT	MTCH2	2
GALNTL5	TRAF3IP1	2
ALCAM	FBXO36	2
LMAN2L	MECOM	2
LRRFIP1	UBE2F	2
C2ORF88	MFSD6	2
GPR155	SP3	2
CIAO1	TMEM127	2
KCNK3	ZNF512	2
KIF3C	RBKS	2
ADCY3	KIF3C	2
BABAM2	SLC30A6	2
FAM178B	USP34	2
USP34	WDPCP	2
AAK1	C2ORF42	2
HK2	ONECUT3	2
ACVR1	NFATC1	2
DNAJC17	RAB10	2
CNRIP1	NEO1	2
ADK	TLK1	2
POLDIP3	TBC1D22A	2
GRAMD4	TBC1D22A	2
EP300	XPNPEP3	2
CBY1	EMID1	2
ADSL	PVALB	2
CACNG2	RBFOX2	2
MTMR3	ZNRF3	2
MAPK1	YPEL1	2
MAPK1	TOP3B	2
RUNX1	TMEM50B	2
ABCG1	SLC37A1	2
SLC9A8	ZC3H7B	2
SULF2	ZMYND8	2
CABLES2	LAMA5	2
BMP7	RBM38	2
ASIP	ITCH	2
DHX35	VSTM2L	2
DSTN	SLC24A3	2
DTD1	SEC23B	2
HS2ST1	NXNL2	2
SLC25A32	SMYD3	2
KLHDC8A	PCMTD1	2
NOTCH2NLA	UBE2H	2
C1ORF50	EZR	2
ANKRD13C	OR5V1	2
RCC1	UBE2D2	2
CLDN14	MAST2	2
ANKRD44	PTPN14	2
AP2S1	ZMYM4	2
MAP7D1	MIDN	2
CSDE1	RBFOX1	2
CSNK1G1	DPYD	2
C2CD3	SYTL1	2
DENND5A	MAGI3	2
EXO1	WDR64	2
ERO1B	HEATR1	2
ARID4B	GNPAT	2
DSTYK	NUAK2	2
DSTYK	INTS3	2
ACBD6	TOR1AIP2	2
CEP350	TDRD5	2
MAEL	POU2F1	2
ALDH9A1	TMCO1	2
ARHGEF11	CCT3	2
CCT3	SMG5	2
CA14	RPRD2	2
CTSS	MCL1	2
CRTC2	GATAD2B	2
ANP32E	CTSK	2
SPEN	TMEM51	2
CFAP74	NADK	2
ARID1A	NUDC	2
HDAC1	LCK	2
GMEB1	TRNAU1AP	2
EPB41	TRNAU1AP	2
LRRC42	PHACTR4	2
CTPS1	TMEM53	2
CAP1	SMAP2	2
SCMH1	TRAPPC3	2
MAST2	PSMA5	2
ASH1L	C1ORF87	2
C8A	RNF11	2
HSD11B1	JAK1	2
ATG4C	NFIA	2
PTGFRN	VTCN1	2
MYBPHL	PSRC1	2
MNDA	NOTCH2	2
NOTCH2	PSMA5	2
ETHE1	UPK3A	2
SLC12A5	ZNF350	2
CYP4F12	DPM1	2
CLEC17A	DOK5	2
ATP1A3	ZNF875	2
TARM1	ZNF83	2
ETFB	ZNF805	2
HPN	PVR	2
CACNG7	PRPF31	2
IGSF23	PPP1R37	2
CEACAM19	PPP1R37	2
CD79A	PLD3	2
FAM83E	NUCB1	2
BRSK1	COX6B1	2
AXL	ZNF565	2
URI1	VSTM2B	2
ZNF540	ZSWIM4	2
PLEKHA4	R3HDM4	2
BABAM1	PLAUR	2
GYS1	HOMER3	2
HSH2D	ZSWIM4	2
AP3D1	ZNF317	2
NFIX	ZNF20	2
ILVBL	TECR	2
PIAS4	SBNO2	2
RFX2	SAFB	2
OLFM2	TMEM205	2
ATP13A1	MYO9B	2
MUC16	OR7G3	2
MED16	POLR2E	2
INSR	MAP2K2	2
KDM4B	MPND	2
KCNN1	SLC27A1	2
KANK3	SPC24	2
HOOK2	MAST1	2
HAUS8	ZNF846	2
DAND5	FKBP8	2
FAM32A	TPM4	2
DNASE2	MAST1	2
CHERP	CPAMD8	2
ARRDC2	KCNN1	2
ESCO1	RIPOR3	2
PIGN	TMEM241	2
CCDC178	KLHL14	2
MYO18A	RBCK1	2
AKAP10	RIMS4	2
CEACAM19	EMC6	2
ANKFY1	SPINT2	2
TMEM94	TTYH2	2
TK1	TMC6	2
SAP30BP	TMEM94	2
FN3K	HEXD	2
EVPL	SRP68	2
ITGB3	UTP18	2
EZH1	MAP3K14	2
AP2B1	ARSG	2
CDK12	WIPF2	2
GPATCH8	MYO1D	2
PIPOX	TAOK1	2
RAB11FIP4	RNF135	2
FAM222B	SEZ6	2
FAM222B	NEK8	2
CDK12	SMG6	2
CLDN7	TMEM256	2
CAMKK1	P2RX1	2
PMP22	TAX1BP3	2
PEMT	TOM1L2	2
JPH3	ZNF276	2
CBFA2T3	PIEZO1	2
NUTF2	PSKH1	2
AP1G1	IST1	2
CETP	CNOT1	2
KCTD5	SRRM2	2
MRTFB	RBFOX1	2
CREBBP	SRL	2
IQCK	VPS35L	2
SPECC1L	TMEM62	2
IQGAP1	UNC45A	2
PRC1	VPS33B	2
BTBD1	HOMER2	2
ABHD17C	CEMIP	2
LINGO1	SCAPER	2
NEO1	THSD4	2
ANXA2	RORA	2
INO80	THSD4	2
DNAJC17	INO80	2
NCOA6	SLC10A1	2
BTBD7	RGS9	2
RAB40C	RAD51B	2
DCAF4	IFT140	2
KIF26A	MARK3	2
CDC42BPB	SYNJ2BP	2
MIDEAS	VSX2	2
JDP2	PLEKHH1	2
DCAF5	NOXRED1	2
ARID4A	KIAA0586	2
MYH6	PPP1R3E	2
GIPC1	UBL3	2
NPAS3	RB1	2
KCNRG	RB1	2
ATP8A2	CRYL1	2
LAMA5	NCOR2	2
KCNN4	SARNP	2
ERC1	SIPA1L3	2
ETNK1	MYO9B	2
NCOR2	PIP4K2B	2
MYO1C	RNF41	2
EEA1	MPG	2
KMT5A	RILPL2	2
FBRSL1	GALNT9	2
ANKS1B	IKBIP	2
MDM2	NUP107	2
C12ORF56	XPOT	2
MYG1	SP1	2
MIP	PAN2	2
KMT2D	RHEBL1	2
KMT2D	LMBR1L	2
ANO6	PKP2	2
IQSEC3	WNK1	2
ADIPOR2	NINJ2	2
KRAS	LMNTD1	2
EPS8	PLEKHA5	2
CEP164	SORL1	2
SORL1	TECTA	2
SORL1	TBCEL	2
SC5D	SORL1	2
PAFAH1B2	RNF214	2
CRYAB	FDXACB1	2
ME3	PICALM	2
TRIM29	UVRAG	2
SAC3D1	SNX15	2
FAM168A	RAB6A	2
SMTNL1	ZDHHC5	2
SCGB1D1	TMEM179B	2
TKFC	TMEM109	2
MED19	SSRP1	2
GANAB	SSRP1	2
CPSF7	DDB1	2
FHIP1B	ZNF195	2
APBB1	FHIP1B	2
CAT	EHF	2
AGBL2	MTCH2	2
CELF1	LRP4	2
GRID1	TRAPPC10	2
PARD3	ZNF521	2
FGFR2	USP10	2
SEC23IP	SLC39A9	2
RB1	SH3PXD2A	2
CHEK1	EXOC6	2
FRMD4A	TMEM45B	2
ALKBH3	MTPAP	2
DOCK1	NPS	2
SFXN2	SUFU	2
VCL	ZSWIM8	2
SUPV3L1	VPS26A	2
LRMDA	SAMD8	2
LRRC20	PPA1	2
PCDH15	USP54	2
FRMD4A	INPP5A	2
BRCC3	FAM50A	2
PASD1	ZFX	2
NSMF	ZMYND19	2
FBXW5	NELFB	2
ECPAS	SHOC1	2
EEIG1	WDR93	2
EEIG1	EMSY	2
EXT1	TSNARE1	2
CCN3	ENPP2	2
COX6C	STK3	2
RUNX1T1	ZC2HC1A	2
DECR1	STAU2	2
CHD7	KAT6A	2
DPYSL2	PPP2R2A	2
DNAAF9	KIF13B	2
AZIN1	NDUFA13	2
GRIK5	R3HCC1	2
ATCAY	PPP2R2A	2
CA3	MICALL2	2
NOM1	RNF32	2
KMT2C	SND1	2
DOCK4	IMMP2L	2
CAPZA2	STYXL1	2
CYP3A5	FAM200A	2
HIP1	TMEM60	2
PTPN12	RHBDD2	2
GSAP	PTPN12	2
NFE2L3	NPY	2
MINDY4	ZNRF2	2
KCTD5	MAFK	2
RBM48	TBK1	2
ARHGAP18	PTPRK	2
NCOA7	NKAIN2	2
FAM135A	LAMA2	2
KHDC1	SLC17A5	2
DSP	LY86	2
DHX16	TRIM26	2
VARS1	XPO5	2
ANKS1A	PPARD	2
DDAH2	SLC44A4	2
USP49	ZC3H7B	2
LARS1	RIC1	2
CTNNA1	EGR1	2
CEP72	EXOC3	2
BRD9	STARD3	2
GOLPH3	IKZF3	2
CSN1S1	HOXA10	2
ABRAXAS1	SEC31A	2
C9ORF153	RAF1	2
DVL3	RFX6	2
MELTF	PIGZ	2
MCF2L2	TBL1XR1	2
DCUN1D1	TBL1XR1	2
NCEH1	PHC3	2
FNDC3B	TNIK	2
NR2C2	PARL	2
FANCD2	TATDN2	2
ANKRD28	COLQ	2
RNF123	SEMA3F	2
DNAH1	NISCH	2
CACNA1D	GNL3	2
CFLAR	SMURF1	2
NPAS2	PACSIN2	2
KLF7	NRP2	2
CHN1	HOXD3	2
KCNH7	TLK1	2
ASXL2	DTNB	2
BIRC6	CCT4	2
BCL11A	HACD1	2
NRXN1	PARD3	2
POLR3H	RANGAP1	2
FAM118A	UPK3A	2
ALG12	IL17REL	2
TFF1	ZBTB21	2
MORC3	SIM2	2
RNF24	SNRPD3	2
STK4	YWHAB	2
MAVS	ZNF217	2
KCNB1	RALGAPB	2
RBM39	TRPC4AP	2
NCOA6	TRPC4AP	2
ASXL1	TPX2	2
GNB1	TXN	2
AFF4	SPATA21	2
IGF2BP2	PLEKHM2	2
AGAP1	C1ORF115	2
FMNL1	SNAPIN	2
GRB2	PADI1	2
ACOX1	ACTL8	2
AGRN	ZC3H18	2
AUNIP	CEP170B	2
IRF7	RCC1	2
CFAP46	MAN1C1	2
KHDRBS1	PLEKHG5	2
PTPRF	ST3GAL3	2
KDM4A	MPL	2
FAF1	TESK2	2
LEPR	MEF2D	2
CYB561D1	GNAI3	2
CEACAM7	ZNF875	2
ZNF541	ZSWIM9	2
DPF1	ZNF420	2
USF2	ZNF30	2
BRSK1	RHPN2	2
AP2S1	PPP5C	2
PPP1R37	RTN2	2
MBOAT7	PPP1R13L	2
LSR	NLRP2	2
FXYD7	LRFN3	2
DLL3	LRFN1	2
DYRK1B	IL4I1	2
GIPR	RBM42	2
FBL	ZNF829	2
ETHE1	PLAUR	2
MIER2	UBA2	2
KLHL26	PRKD2	2
B9D2	REEP6	2
CEACAM6	MAP1S	2
GATAD2A	ZNF350	2
DAZAP1	ZNF226	2
CARM1	PLA2G4C	2
ARID3A	PRPF31	2
ADGRL1	LGALS4	2
TMEM205	TYK2	2
JAK3	R3HDM4	2
MBD3	PTPRS	2
MEX3D	TCF3	2
DNMT1	OLFM2	2
C3	ZNF556	2
CEP192	PIGU	2
ACAA2	MYO5B	2
OSBPL1A	SNRPD1	2
OSBPL1A	PSMG2	2
AGPAT3	EPN3	2
CCDC57	TBCD	2
BPTF	PGS1	2
GRB2	STRADA	2
MED13	MYO15B	2
CLTC	USP32	2
DBF4B	MAP3K3	2
HDAC5	MMD	2
SPAG9	TRIM37	2
MED24	NR1D1	2
KIF18B	MEIOC	2
AP2B1	RETREG3	2
ETV4	TCAP	2
CCT6B	CDC27	2
ACLY	NEUROD2	2
NOS2	TTLL6	2
NSRP1	STAT5B	2
NOS2	STAT3	2
FBXL20	STARD3	2
AP2B1	GAS2L2	2
ACACA	LASP1	2
ATAD5	IKZF3	2
MYO18A	NOS2	2
RABEP1	ZFP3	2
B9D1	FAM83G	2
MBTPS1	TAF1C	2
FA2H	KARS1	2
DYNC1LI2	NAE1	2
CDH3	PHAF1	2
CBFB	NAE1	2
GSG1L	WWP2	2
FTO	NLRC5	2
CRAMP1	IFT140	2
KIF22	PRKCB	2
CDIPT	SEZ6L2	2
RNF111	TLN2	2
TRPM7	USP8	2
LPCAT4	SPRED1	2
MAFF	RCOR1	2
ANKFY1	CCDC88C	2
L2HGDH	PPP1R13B	2
GEMIN2	SYNE2	2
ACIN1	SLC7A7	2
DACH1	KLF12	2
GPR19	MYH14	2
DRAM1	SYCP3	2
EEA1	LRRIQ1	2
PTPRR	TBC1D15	2
SMAGP	TBC1D30	2
PTGES3	SPATS2	2
CPNE8	MGST1	2
LEUTX	PHF21A	2
CHST1	GATAD2A	2
CPT1A	RNFT1	2
NADSYN1	SPAG9	2
KMT5B	RNPS1	2
CFAP300	ST3GAL4	2
FGF19	ST3GAL4	2
CBL	TRAPPC4	2
CBL	PHLDB1	2
CTTN	KIRREL3	2
SLCO2B1	UVRAG	2
PC	SPTBN2	2
PPFIA1	XRRA1	2
CLPB	CTNND1	2
CBLIF	OSBP	2
PLEKHA7	USH1C	2
ARHGAP28	EPC1	2
SEZ6L2	SHLD2	2
ARMS2	DMBT1	2
CYP2C19	PLEKHA1	2
GLRX3	SGMS1	2
MXI1	SMC3	2
CCDC6	SLC16A9	2
REEP3	RTKN2	2
AKR1E2	EPC1	2
CDKAL1	RANBP9	2
GABRA3	VBP1	2
PLXNA3	TKTL1	2
MTM1	VBP1	2
BCAP31	PDZD4	2
GRIA3	STAG2	2
IL13RA1	WDR44	2
DACH2	FGF13	2
KDM6A	USP9X	2
CCDC120	PPP1R3F	2
KDM6A	ZNF674	2
TAF7L	UNC13B	2
KMT2C	SYTL5	2
MSN	ROS1	2
ASB9	TRIM41	2
BRWD1	SMC1A	2
CXORF58	ZNF763	2
DYNLT3	U2AF2	2
DCAF7	KDM6A	2
BMERB1	STAG2	2
BICDL1	PLS3	2
BHLHE41	SHROOM2	2
ESYT1	MED14	2
CMAS	RBM10	2
ETFBKMT	KDM6A	2
AMMECR1	PLA2G12B	2
ARHGEF6	DNALI1	2
MID1	S100A2	2
QSOX2	UBAC1	2
RAPGEF1	TTF1	2
NUP214	PRRC2B	2
NUP214	POMT1	2
PNPLA7	SNAPC4	2
DYNC2I2	ZER1	2
ASTN2	STRBP	2
RAB14	STOM	2
DYNC2I2	KIAA1958	2
PTGR1	SHOC1	2
MVB12B	TMC1	2
OSTF1	PCSK5	2
NFIB	ZDHHC21	2
HACD4	PLAA	2
FOCAD	HACD4	2
ANKRD18B	SNX30	2
DCAF10	RIC1	2
APTX	UBAP2	2
CCDC117	OSTF1	2
NEDD4L	SECISBP2	2
CBX4	RFK	2
MAX	TEX10	2
MTAP	POC1B	2
DOCK8	OSBP	2
CTNND1	DOCK8	2
CSTF3	JAK2	2
ARHGAP1	GLIS3	2
AARD	RIC1	2
COL22A1	TSNARE1	2
PTK2	SLC45A4	2
PTK2	RNF139	2
MROH1	ZNF623	2
HAS2	HHLA1	2
EXT1	OC90	2
EFR3A	ZFAT	2
ASAP1	SAMD12	2
STK3	ZHX2	2
PTDSS1	PTK2	2
ATAD2	LRP12	2
RALYL	ZHX1	2
PSKH2	TRAPPC9	2
OC90	TMEM64	2
HHLA1	TMEM64	2
ASAP1	LRRCC1	2
STMN2	TMEM67	2
CYRIB	PREX2	2
ARMC1	UBE2W	2
PCMTD1	WDR97	2
ARMC1	SPAG11B	2
PDGFRL	VPS37A	2
HMBOX1	SCARA3	2
LEPROTL1	NCOA2	2
GSR	GTF2E2	2
RNF170	SFRP1	2
KAT6A	RAB11FIP1	2
COL14A1	SREBF2	2
ODF1	TTC28	2
ADAM2	HIRA	2
CACNG8	PTK2	2
ANKRD40	DNAAF11	2
CHD7	FAM222B	2
ETV4	XPO7	2
ACE	GTF2E2	2
DHX40	UNC5D	2
FAM222B	UNC5D	2
ANKRD11	PTK2	2
STAU2	TP53BP1	2
ASAP1	RAD51B	2
STK24	TRIQK	2
C2CD5	TRAPPC9	2
ADAM2	MTMR2	2
POLB	UVRAG	2
PNLIPRP1	VIRMA	2
MYMK	RAPGEF5	2
TGS1	TNRC18	2
CAMK2B	SPIDR	2
GBX1	UBE3C	2
EZH2	TMEM176B	2
ADCK2	PRKAG2	2
ADCK2	HIPK2	2
ASZ1	ST7	2
MET	WNT2	2
AGBL3	ATXN7L1	2
MET	PRKAR2B	2
CBLL1	COG5	2
SLC26A5	SMURF1	2
DNAJC2	SMURF1	2
CBLL1	SLC26A4	2
RUNDC3B	ZNF3	2
BET1	COL26A1	2
GTF2IRD1	ZAN	2
EIF4H	ELN	2
JAZF1	RNF216	2
DNAH11	KLHL7	2
EPDR1	TRA2A	2
ABCA13	ELAPOR2	2
GRB10	MAD1L1	2
ELMO1	TNS3	2
LANCL2	ZNF786	2
HLCS	STRA8	2
EEPD1	PRPSAP2	2
COBL	DUSP14	2
CFDP1	RAPGEF5	2
EGFR	RAD51	2
CDK6	STXBP6	2
CHAMP1	SLC25A13	2
BICD1	CDK6	2
PPP6R3	VPS50	2
KIF5B	MET	2
EXOC4	SUPT3H	2
ARID1B	PRKN	2
ECHDC1	SESN1	2
ECHDC1	FYN	2
MYO6	SENP6	2
KHDRBS2	LMBRD1	2
SLC22A23	TUBB2A	2
FARS2	SSR1	2
ARG1	ATXN1	2
ALDH5A1	MAP3K5	2
ATXN1	CGA	2
CARMIL1	SLC17A1	2
GNMT	TRERF1	2
CD2AP	SUPT3H	2
CD2AP	NFKBIE	2
BMP5	COL21A1	2
GCNT2	OSM	2
BAG2	RNF114	2
BMP5	ETHE1	2
DST	HCST	2
CTIF	SDHAF4	2
MINK1	NQO2	2
FTO	PHIP	2
FYN	KMT2A	2
ATM	JARID2	2
RET	TBC1D32	2
AKR1E2	FARS2	2
TRIO	UHRF2	2
COL27A1	PDZD2	2
SND1	UBE2D2	2
CD74	FBXO9	2
DTNBP1	RICTOR	2
RASGEF1C	RNF130	2
CREBRF	SLIT3	2
TBC1D9B	TENM2	2
GRIA1	SQSTM1	2
ARHGAP26	SPOCK1	2
CDC23	CDC25C	2
EPB41L4A	PLAC8L1	2
RAPGEF6	RASA1	2
FAM81B	TMEM161B	2
ADAMTS6	TAF9	2
KCNIP1	SLC38A9	2
NDUFS4	UBE2D2	2
CTNNA1	SLC38A9	2
ANKRD55	PLPP1	2
SLC12A7	ZNF354A	2
RASGEF1C	SLC12A7	2
ANKH	MXD3	2
CLINT1	MARCHF11	2
DNAH5	TRIO	2
ADAMTS16	SRD5A1	2
DNAH5	MYO10	2
BRD9	TPPP	2
ADAMTS16	TERT	2
MYO10	NIPBL	2
MROH2B	MRPS30	2
GPX8	TTLL1	2
SHLD1	SLC1A3	2
NECTIN2	ZMAT2	2
SRFBP1	STK11	2
CDH3	PPP2CA	2
CDH1	CDKL3	2
CRABP1	PDE4D	2
COL23A1	MED13L	2
ATP2A2	NIPBL	2
BDNF	GPBP1	2
MAP3K8	MROH2B	2
EXOC1	IDO1	2
SPIDR	STIM2	2
CYTH3	SPATA18	2
MARVELD2	WDR19	2
DDX60L	RAPGEF2	2
DCHS2	FGG	2
ARFIP1	FHDC1	2
NAA15	STPG2	2
BMP2K	SLC25A31	2
G3BP2	NAAA	2
CDKL2	G3BP2	2
CDKL2	CXCL11	2
EPHA5	RUFY3	2
CHIC2	MANBA	2
CLOCK	PDGFRA	2
FAM53A	NSD2	2
PRMT2	STX18	2
NCAM2	TEC	2
PIGG	ZNF264	2
NAF1	UNK	2
MINK1	USO1	2
FASN	ZNF595	2
GSDMB	NSD2	2
ANKRD17	SQOR	2
FAM216B	UBE2K	2
NARS2	SCFD2	2
CLOCK	PHF21A	2
FIP1L1	SORCS1	2
RET	TNIP2	2
FNDC3B	KHDRBS3	2
EIF2A	RNF139	2
ARHGEF3	RHAG	2
DRD3	LRBA	2
DYNLT2B	SENP5	2
ANKUB1	WWTR1	2
C3ORF33	PLCH1	2
MRPS22	SLC9A9	2
GK5	PAQR9	2
GMPS	KPNA1	2
CHCHD6	OSBPL11	2
HMCES	IFT122	2
BBX	TMEM39A	2
NR2C2	TGFBR2	2
SETD5	TBC1D5	2
NR1D2	UBE2E2	2
ITGA9	SEC13	2
CMC1	GLB1	2
FNDC3B	MST1R	2
POGLUT1	SETD2	2
IGSF11	PBRM1	2
SFMBT1	WNT7A	2
ANO10	ULK4	2
QRICH1	SETD2	2
LARS2	LIMD1	2
DCAF1	POC1A	2
ADAMTS9	ULK4	2
ANO10	ARHGEF3	2
MBNL1	SGSM3	2
PARP14	TASP1	2
DNAJC7	FYTTD1	2
FRMD5	MECOM	2
CADM2	CPNE8	2
TAF3	ZNF197	2
HACD4	MAP4K3	2
ALK	HIP1	2
BCL11A	PHACTR1	2
PHACTR1	ZNF638	2
HDAC4	SNX18	2
CADM2	HDLBP	2
SPATA16	TMEM131	2
ALK	SLMAP	2
DGCR2	EHBP1	2
BOK	PASK	2
DGKD	SAG	2
SLC16A14	SP110	2
KCTD18	SNED1	2
BMPR2	KANSL1L	2
ITGAV	PDE11A	2
NR4A2	TANC1	2
SCN3A	STK39	2
ACVR1	CCDC148	2
CLASP1	TFCP2L1	2
ERCC3	MAP3K2	2
STARD7	UNC50	2
AFF3	NPAS2	2
MRPL33	ZNF512	2
ALK	MAPRE3	2
ALK	RAB10	2
THUMPD2	VSNL1	2
ALK	SRBD1	2
ALK	CAMKMT	2
ASXL2	SRBD1	2
ABCG8	PPM1B	2
ALK	PNPT1	2
ALK	EML6	2
ALK	WDPCP	2
PPP3R1	SPATS2L	2
CNRIP1	PPP3R1	2
BCL11A	TIA1	2
C2ORF74	ZNF638	2
ANXA4	MCEE	2
DNAH6	TCF7L1	2
ATOH8	GNLY	2
CCDC88A	ZNF91	2
ALK	MPRIP	2
PARD3B	WWOX	2
MVP	REL	2
ARMC9	EVL	2
SEL1L	SERTAD2	2
ALK	LMO7	2
NFE2	STARD7	2
MAP4K4	MUCL1	2
HS1BP3	TACC2	2
PPP6R2	TYMP	2
TNRC6B	ZC3H7B	2
TAFA5	TNRC6B	2
MRTFA	TCF20	2
RIBC2	TBC1D22A	2
MEI1	SREBF2	2
EFCAB6	SREBF2	2
NFAM1	SMDT1	2
SLC25A17	ST13	2
SGSM3	TNRC6B	2
PACSIN2	TTLL1	2
RTCB	XPNPEP3	2
APOL4	MRTFA	2
ENTHD1	KREMEN1	2
APOL5	BRD1	2
DGCR8	WNT7B	2
BCL2L13	SPECC1L	2
MICAL3	SLC25A18	2
ATP6V1E1	BID	2
GART	UBE2G2	2
ABCG1	PDE9A	2
GET1	KCNJ15	2
CLIC6	ITSN1	2
BRWD1	HUNK	2
GRIK1	TRAPPC10	2
GRIK1	HLCS	2
EVA1C	MROH8	2
TAF4	TSHZ2	2
PFDN4	SNAI1	2
SDC4	TSHZ2	2
NCOA3	SGK2	2
EEF1A2	ZBTB46	2
B4GALT5	TOX2	2
ADNP	DDX27	2
CDH4	TOP1	2
EYA2	TM9SF4	2
ADNP	PHF20	2
DLGAP4	OSBPL2	2
NCOA6	TCFL5	2
ITCH	TSHZ2	2
CBFA2T2	DOK5	2
CHD6	CNBD2	2
DEFB123	RALY	2
ITCH	MYL9	2
BPI	DLGAP4	2
ASXL1	TM9SF4	2
ACTR5	RPRD1B	2
ATP9A	MACROD2	2
CDS2	RNF24	2
RRBP1	TASP1	2
LRRN4	MCM8	2
DSTN	DZANK1	2
ABHD12	CHD6	2
APMAP	ZNF337	2
C5	CDC42BPA	2
KHDC4	ZC3H3	2
PTPRU	SBSPON	2
CSPP1	MAN1A2	2
KCNK5	PDE4DIP	2
PLN	SDHB	2
SENP6	SLC16A1	2
HSD3B1	JARID2	2
COP1	PDE4D	2
MYO10	ST6GALNAC3	2
GALNTL6	RASAL2	2
ROBO2	VPS72	2
KDM4A	RYBP	2
GSTM3	IQSEC1	2
CD52	CELSR1	2
MRTFA	NTNG1	2
CLIC6	FOXJ3	2
RPS6KC1	TFPI	2
CUL3	SCMH1	2
ACSL3	PHGDH	2
CERS4	SPEN	2
CC2D1A	RNF207	2
MYO5B	TMEM9	2
GNAL	PER3	2
B4GALT3	BCAS3	2
GNB1	LRRC45	2
NKAIN1	PFAS	2
HHAT	NFAT5	2
HEYL	TOX3	2
BTBD7	TARBP1	2
CLIP1	NTRK1	2
MDM2	UAP1	2
CNIH4	PAK1	2
DDR2	KDM2A	2
FCER1G	PTPRJ	2
DLG2	WARS2	2
STUM	VTI1A	2
CDK1	MCOLN2	2
EFCAB2	SDCCAG8	2
CEP170	RGS7	2
EDARADD	SMYD3	2
RPS6KC1	SDCCAG8	2
CD34	RPS6KC1	2
DENND1B	RCOR3	2
ACBD6	TSEN15	2
ATP1B1	RCSD1	2
ALDH9A1	NME7	2
NUF2	TIMM17A	2
CADM3	TADA1	2
F5	NOS1AP	2
F11R	NOS1AP	2
ATF6	PCP4L1	2
ASH1L	INSRR	2
MUC1	PKLR	2
ASH1L	CLK2	2
NCSTN	SPRR2G	2
LELP1	LMX1A	2
ATF6	GJA5	2
APH1A	SLAMF1	2
ADAR	GPATCH4	2
ASH1L	SHC1	2
PI4KB	SYT11	2
PLEKHO1	SETDB1	2
CTSS	PRPF3	2
C1ORF56	PIP5K1A	2
ARNT	RIIAD1	2
VPS13D	ZBTB40	2
KAZN	TMCO4	2
LIN28A	RPS6KA1	2
ENO1	RERE	2
PLEKHG5	TNFRSF8	2
DNAJC11	PER3	2
AGTRAP	KIF1B	2
IFI6	STPG1	2
EFHD2	FHAD1	2
ECE1	NIPAL3	2
DDI2	MTOR	2
CLIC4	GRHL3	2
CEP85	FAM110D	2
C1ORF94	TMEM39B	2
CAPZB	THRAP3	2
AGO3	PIK3CD	2
PUM1	SNIP1	2
ERI3	THRAP3	2
EIF2B3	SZT2	2
EIF2B3	SLC6A9	2
COL8A2	EPHA10	2
AKIRIN1	MEAF6	2
EIF4G3	NSUN4	2
FAAH	RAD54L	2
BEND5	SPATA6	2
DCAF6	FAF1	2
LRP8	USP24	2
PTGER3	ZNF644	2
HSPG2	NTNG1	2
DCLRE1B	DNAJB4	2
AHCYL1	LRRIQ3	2
PHGDH	TTC39A	2
PI4KA	ZNF274	2
STK11	TNRC6B	2
CHST8	KCNJ15	2
NCAM2	ZNF146	2
ZNF587B	ZSCAN4	2
ERCC1	ZNF229	2
CLASRP	USF2	2
MAP4K1	SPINT2	2
DPF1	SPINT2	2
PPP6R1	RDH13	2
OPA3	PPP1R13L	2
PLAUR	ZNF576	2
NFKBID	ZNF585B	2
MED25	SIGLEC12	2
GRAMD1A	KRTDAP	2
DMWD	EML2	2
CIC	COQ8B	2
RHPN2	VSTM2B	2
CACNA1A	ZNF302	2
AP1M1	CLPTM1	2
IL12RB1	TICAM1	2
DOCK6	SMARCA4	2
CREB3L3	SHC2	2
RAVER1	S1PR2	2
EPOR	RFX2	2
ACSBG2	NCLN	2
C19ORF38	LDLR	2
KRI1	ODAD3	2
HNRNPM	SLC25A23	2
ELL	MVB12A	2
AP1M1	DNMT1	2
COPE	TMEM59L	2
CDC37	ELL	2
AP3D1	IRF4	2
AP1M1	CYP4F11	2
CEP76	RUNX1	2
AFG3L2	TIAM1	2
CCT8	MTCL1	2
GAREM1	LAMA3	2
CDH2	LAMA3	2
GATA6	ROCK1	2
CABYR	ROCK1	2
LAMA3	ZNF521	2
FHOD3	MYOM1	2
CHST9	NDUFV2	2
NDC80	TTC39C	2
RAB31	VAPA	2
PPP4R1	RAB12	2
MYL12B	PTPN2	2
L3MBTL4	LAMA1	2
DLGAP1	ENOSF1	2
MYO1D	PLA2G6	2
RCAN1	SRP68	2
MED13	TLDC2	2
PRPSAP2	ZNF343	2
UNK	ZNF266	2
CACNG1	PPP1R37	2
CRB3	TANC2	2
GPATCH1	SPOP	2
PEPD	SKAP1	2
STAT5A	ZNF14	2
DNAH17	TMC6	2
RPTOR	TBCD	2
OTOP2	SLC16A5	2
ITGB4	TSPAN10	2
EXOC7	FOXJ1	2
AFMID	TNRC6C	2
FBF1	HELZ	2
CACNG4	HELZ	2
SCN4A	TRIM47	2
BCAS3	BPTF	2
TUBD1	USP32	2
DDX42	MED13	2
MPO	SEPTIN9	2
HEATR6	YPEL2	2
TOM1L1	TUBD1	2
B4GALNT2	UNK	2
SPAG9	TANC2	2
HOXB3	SKAP1	2
CDC6	RARA	2
C1QL1	EFTUD2	2
ITGA3	MIEN1	2
RARA	STAC2	2
B4GALNT2	CWC25	2
FN3KRP	WSB1	2
CYTH1	KSR1	2
BCAS3	TAOK1	2
BCAS3	GIT1	2
TAOK1	ZNF385C	2
CPD	ORMDL3	2
PHF12	PLXDC1	2
ASIC2	MYO1D	2
AP2B1	GOSR1	2
LRRC37B	RHOT1	2
NF1	NLK	2
EFCAB5	KSR1	2
VPS53	ZZEF1	2
TMEM107	WRAP53	2
GAS7	MYH1	2
MYO18A	TOP3A	2
B9D1	SPECC1	2
HIRA	LONP2	2
MTMR3	SCNN1B	2
ACSF3	MYH7B	2
PHKB	SLC23A2	2
GSE1	NOTCH3	2
DDX19B	TGIF1	2
SNX29	TMEM241	2
GID4	MRTFB	2
EARS2	VMP1	2
DEF8	FBXO31	2
CDK10	SPATA33	2
PLCG2	WWOX	2
CDH15	SF3B3	2
HYDIN	VAC14	2
LRRC36	RIPOR1	2
RANBP10	SLC12A4	2
IL34	ST3GAL2	2
EXOC3L1	TK2	2
ADAT1	BBS2	2
GPT2	HSD17B2	2
MEIOB	SMPD3	2
MPG	SNRNP25	2
CDIP1	HMOX2	2
CREBBP	LUC7L	2
KIF22	PHLPP2	2
PRKCB	SPNS1	2
TRIOBP	UNC13C	2
CCDC97	GTF2A2	2
MGA	PBX4	2
BLM	UNC45A	2
CERS3	SEMA4B	2
CLN6	INSYN1	2
BNIP2	MYO1E	2
CIB2	DNAJC17	2
AVEN	EIF2AK4	2
SPRED1	TMCO5A	2
CYFIP1	TEX9	2
EXD2	PTPRT	2
EXD2	GMEB2	2
BAZ1A	ZNF253	2
ARHGAP5	TPGS2	2
CCNK	YY1	2
ACOT4	COQ6	2
ACTN1	SYNE2	2
LIN52	SYNE2	2
RAB15	SPTB	2
MNAT1	SIX1	2
FOXN3	SLC25A21	2
GTF2A1	PRORP	2
CDKN3	SFTA3	2
MIPOL1	SNX6	2
MIPOL1	NPAS3	2
FAM177A1	PRORP	2
EAPP	SNX6	2
BAZ1A	NKX2-1	2
FRMD6	SCFD1	2
FBXO34	HECTD1	2
AKAP6	PRORP	2
ARHGEF7	MAPK1	2
CTIF	GTF2F2	2
ATP11A	TUBGCP3	2
COL4A2	GRTP1	2
ANKRD10	MYO16	2
DOCK9	SPACA7	2
ABCC4	COL4A2	2
FARP1	NALCN	2
GAS6	GPC5	2
FARP1	UCHL3	2
LMO7	MED4	2
NBEA	NDFIP2	2
CCDC169	NUP58	2
IFT88	ZMYM5	2
MIPEP	ZDHHC20	2
RALGAPA2	TMEM132D	2
ACSS2	FRS2	2
PDZRN4	TPD52L2	2
KDM5A	RAE1	2
HEBP1	ZBTB46	2
CCDC91	NTSR1	2
NUP107	SHD	2
SLC38A10	TESPA1	2
FAM222B	GYS2	2
CACNA2D4	FANCA	2
CMC2	PZP	2
PDE3A	PHKB	2
PLEKHA5	TSC22D1	2
FBXO21	RNF10	2
KCTD10	TPCN1	2
CORO1C	SART3	2
RNFT2	ZDHHC17	2
CNOT2	RAB3IP	2
FRS2	OS9	2
MARCHF9	TSFM	2
ARF3	CHFR	2
ATF1	GRIP1	2
BAZ2A	BIN2	2
ACVR1B	BAZ2A	2
KIF21A	TMTC2	2
CNTN1	TSPAN8	2
RAB3IP	SLC2A13	2
KIF21A	SLC2A13	2
CNTN1	CPNE8	2
NCAPD2	VWF	2
CREBL2	HEBP1	2
ETV6	PLEKHG6	2
ERC1	WNK1	2
ERC1	VWF	2
ETNK1	GLT1D1	2
CCT2	PDE3A	2
EPS8	PRH2	2
EPS8	GYS2	2
DNAI7	PLEKHA5	2
ITPR2	RASSF3	2
CD27	SINHCAF	2
DNM1L	ITPR2	2
EFCAB6	SHANK2	2
DOK5	SYTL2	2
CDH26	FAT3	2
CHD6	LRP5	2
NADSYN1	SUPT5H	2
KIAA1328	QSER1	2
CELF1	MYOM1	2
RSF1	SOCS7	2
CHKA	HNF1B	2
MRGPRF	RAI1	2
TEKT1	TMEM41B	2
FBXL20	TTC17	2
ALDH3B2	KCNMB4	2
CBL	VWA5A	2
CD3D	SIK3	2
ALG9	PPP2R1B	2
ARCN1	CADM1	2
RAB39A	TECTA	2
ARHGEF12	CNTN5	2
CFAP300	YAP1	2
SORL1	SYTL2	2
ALG8	GAB2	2
RNF121	VWA5A	2
DLAT	MARK2	2
MTMR2	RAB1B	2
POLD3	TENM4	2
LTO1	NARS2	2
DPP3	FAT3	2
CCDC90B	CLPB	2
KCNE3	UVRAG	2
RBM14	TOP6BL	2
POLD4	THAP12	2
SHANK2	WNT11	2
NUMA1	TRPT1	2
ARL2	MRPL49	2
LRP5	MRPL21	2
DPP3	FKBP2	2
CAPN5	PELI3	2
ARRB1	KLHL35	2
ARAP1	FADD	2
ACER3	PPME1	2
PACS1	SLC22A25	2
SF1	SYT7	2
PLAAT5	RTN3	2
AHNAK	STIP1	2
CNTN5	NAV2	2
TMEM41B	ZNF143	2
EPS8L2	TSPAN4	2
NUP98	STIM1	2
PDE3B	SBF2	2
RPLP2	TALDO1	2
MICAL2	PARVA	2
AKIP1	IPO7	2
CAT	HIPK3	2
CAPRIN1	TRIM44	2
ATG13	ELP4	2
PACSIN3	PHF21A	2
AMBRA1	PHF21A	2
ALKBH3	PHF21A	2
CSTPP1	F2	2
PLPP4	SREBF2	2
CCDC6	LIPI	2
KCNJ6	MLLT10	2
ITSN1	NEBL	2
FAM53B	KCNN1	2
C10ORF90	SMAD2	2
ANK3	TRAPPC8	2
SLK	ZFHX3	2
GAB2	SGMS1	2
CFAP46	SEC23IP	2
DOCK1	FUOM	2
C10ORF90	VTI1A	2
CASP7	EDRF1	2
LCOR	PNLIPRP3	2
TRIM8	WBP1L	2
ATAD1	RNLS	2
NPFFR1	SAR1A	2
BICC1	DPYSL4	2
ATAD1	HNRNPH3	2
CELF2	SIRT1	2
CCDC3	PRPF18	2
ARMC3	USP6NL	2
GPR158	MALRD1	2
F8	MECP2	2
ATP11C	CXORF66	2
GPC3	GPC4	2
EDA	FAAH2	2
ALAS2	PFKFB1	2
AR	NR4A3	2
CUL4B	SLMAP	2
DIAPH2	NRP2	2
ADCY9	JADE3	2
CUL4B	DAPK2	2
SARDH	TSC1	2
RXRA	WDR5	2
PLPP7	POMT1	2
ABL1	PRDM12	2
AKNA	WHRN	2
CARD19	WNK2	2
COL15A1	TGFBR1	2
MFSD14B	PTPDC1	2
DIPK1B	GDA	2
OLFM1	UHRF2	2
GLIS3	GOLM1	2
BAX	VAV2	2
CREB3L3	PKN3	2
CCL21	NECTIN2	2
ITPK1	SPINK4	2
ALG9	RXRA	2
DERL1	TSC1	2
MTSS1	WASHC5	2
ASAP1	KHDRBS3	2
POP1	TATDN1	2
ERICH5	MATN2	2
RALYL	STAU2	2
ASPH	EIF4EBP1	2
CSMD1	PPP1R3B	2
FAM110B	SLC39A14	2
DLC1	PPP2CB	2
NRG1	WRN	2
IDO2	TM2D2	2
PPARA	RAB2A	2
KIF13B	SMTN	2
RBFOX3	SQLE	2
ADAM32	RFFL	2
KLF10	NUBPL	2
AZIN1	RAB2B	2
SNX31	TM7SF3	2
AHNAK	CPSF1	2
HABP2	LAPTM4B	2
MET	OXR1	2
ACTR3C	PRKAG2	2
DOCK4	LRRC61	2
CFTR	PNPLA8	2
CFTR	NRCAM	2
COG5	ST7	2
ABCB1	CAPZA2	2
AGFG2	COPS6	2
EIF2AK1	GCK	2
STXBP2	TRIM4	2
CRK	GTF2I	2
ASNS	UBAC2	2
NCOR2	TFR2	2
CAV1	CCDC73	2
STK38	TDRD7	2
CDKAL1	CRHR2	2
GTF2H5	SYNJ2	2
AIG1	UTRN	2
PKIB	SHPRH	2
SLC18B1	VNN1	2
ASCC3	USP45	2
IP6K3	RARS2	2
EYS	LMBRD1	2
EYS	LYRM4	2
FAM50B	PRPF4B	2
F13A1	RREB1	2
HIVEP1	PTCRA	2
CFAP206	RNF144B	2
GPLD1	RIPOR2	2
EYS	XPO5	2
FGD2	TBC1D22B	2
LY6G6D	STK19	2
CLASRP	TMEM217	2
CORO1C	PACRG	2
MAST4	PLIN2	2
SLC7A2	TERT	2
CDX1	ENPP1	2
CSNK1A1	UBLCP1	2
CTNNA1	UBE2D2	2
LEAP2	TXNDC15	2
CYSTM1	TMCO6	2
JADE2	SEC24A	2
DBN1	MCC	2
FBXL17	SPINK14	2
ARB2A	MCTP1	2
ACOT12	SSBP2	2
ADGRV1	OCLN	2
MTREX	SLC12A7	2
DNAH5	OTULINL	2
ICE1	TERT	2
TRIO	ZNF131	2
SLC6A18	SPEF2	2
MTMR12	SPEF2	2
LMBRD2	NADK2	2
HMGCS1	SLC38A9	2
FGFR2	SMN1	2
ADRA1A	YIPF7	2
CCDC110	UFSP2	2
CPE	DDX60L	2
CCNA2	FHIP1A	2
HSD17B11	UGT2A3	2
CCNA2	UBA6	2
DGKQ	POLN	2
CORIN	RFC1	2
NIPSNAP1	SCARB2	2
CCNA2	LIPC	2
AKAP13	MYL5	2
LRAT	VTI1A	2
RAB7A	WDR5	2
KALRN	ZNF7	2
KNG1	SHH	2
RELN	SLC25A26	2
GTF2H5	MAP4	2
EIF4A2	KNG1	2
HLTF	WWTR1	2
CCDC50	NMNAT3	2
HGD	RABL3	2
ALCAM	BBX	2
EPHA6	TSC22D2	2
PLCL2	TSEN2	2
LRRFIP2	SETD2	2
QRICH1	TRAIP	2
NT5DC2	PBRM1	2
MAP4	QRICH1	2
DAG1	LARS2	2
FLNB	PXK	2
CFAP20DC	PDHB	2
ABHD6	UBXN6	2
MYLK	TM7SF2	2
CADM2	NUMA1	2
ABCC2	UQCC5	2
GAPVD1	NFE2L2	2
ABCB1	XRCC5	2
ABCB4	TMEM169	2
CYP20A1	SLC22A3	2
FLACC1	IDUA	2
NMD3	USP40	2
HDAC4	RAB17	2
MLPH	RAMP1	2
HDAC4	THAP4	2
CYP27A1	STK36	2
CPS1	PLCD4	2
IFT172	ITGAV	2
NEMP2	NFE2L2	2
CWC22	ZNF385B	2
AGPS	ZNF385B	2
DPP4	THSD7B	2
ADI1	DPY30	2
PUM2	TTLL4	2
DNMT3A	HADHA	2
STRN	SULT6B1	2
SLC8A1	SOCS5	2
CHAC2	ERLEC1	2
MTIF2	PPP3R1	2
SFXN5	SLC8A1	2
AAK1	RPIA	2
ATOH8	LYG2	2
CS	DGKD	2
TMEM184B	TRMU	2
DDX17	ENTHD1	2
ATXN10	TBC1D22A	2
CCDC157	SEC14L2	2
CABP7	MTMR3	2
MICALL1	SERPIND1	2
AGPAT3	RRP1	2
GRIK1	SIM2	2
BCAS1	SULF2	2
PFDN4	TSHZ2	2
IFT52	MYBL2	2
CHD6	ZHX3	2
LBP	RALGAPB	2
NECAB3	PXMP4	2
SLC24A3	SMOX	2
KCNT2	RXRA	2
EGFR	LYST	2
EPB41	USP49	2
FBXW11	NUP210L	2
ADH1C	TRIT1	2
LYPLA2	ZNF148	2
DENND6B	PSMB2	2
EPAS1	SYPL2	2
C1ORF198	VAV1	2
ATP8B1	SLC50A1	2
RLF	RTN4RL1	2
ALYREF	CYP4Z1	2
FAM222B	HAO2	2
BMERB1	SMPDL3B	2
EPHX1	RAD51B	2
EP400	SDHC	2
FGD4	VPS13D	2
ARHGAP42	KMO	2
CFAP57	FGFR2	2
AHCYL1	FGFR2	2
DUSP10	SUSD4	2
MEX3A	SLC30A10	2
PROX1	SMYD2	2
CAMSAP2	DHRS3	2
ACBD6	PAPPA2	2
NCF2	PAPPA2	2
NME7	XPR1	2
F5	SCYL3	2
LCE2A	POU2F1	2
ADAM15	EFNA1	2
GBA1	S100A13	2
IL6R	TDRD10	2
C4BPB	DDI2	2
EXOSC10	MASP2	2
GPATCH3	KDF1	2
ARID1A	PRKCZ	2
CCDC28B	CLIC4	2
PHACTR4	SESN2	2
EBNA1BP2	FMO3	2
USP24	YIPF1	2
DPYD	RGS5	2
C1ORF162	RAP1A	2
CNFN	GSK3A	2
EXOSC5	FCGBP	2
CEBPG	GPATCH1	2
BCAM	IGSF23	2
PEPD	SUGP1	2
DKKL1	KDM4B	2
DNM2	RELB	2
MAP1S	MAST3	2
ANGPTL4	DNM2	2
CYP4F12	PTGER1	2
CNN2	WDR18	2
CTIF	KATNAL2	2
GAREM1	TRAPPC8	2
CBX1	PPP6R2	2
MRTFA	WFIKKN2	2
PHF23	TOM1	2
PHF12	TMPRSS2	2
FOXK2	GNG7	2
OAZ1	YBX2	2
SLC38A10	TEPSIN	2
DNAH17	HID1	2
RAB40B	YBX2	2
PRKCA	RPS6KB1	2
MRC2	TANC2	2
ANKFN1	TEX2	2
MSI2	TRIM37	2
CAVIN1	HEATR6	2
CDC27	SNF8	2
SPAG9	TEKT1	2
EEF2KMT	RBFOX2	2
APOL3	PPL	2
B4GALT5	TBL3	2
ACSM1	RALGAPA2	2
PDXDC1	RAB11FIP4	2
TCF25	ZC3H18	2
FANCA	SPIRE2	2
LCAT	RANBP10	2
DDX19B	ST3GAL2	2
AP1G1	PMFBP1	2
ADGRG1	PDXDC1	2
CTSH	VPS26C	2
CGNL1	POLG	2
CIB2	TBC1D2B	2
LMAN1L	PPCDC	2
HMG20A	SCAMP5	2
RAB8B	TLN2	2
LYSMD2	MYO5A	2
LIPC	TCF12	2
BAHD1	KNSTRN	2
AK7	EIF3L	2
RAD51B	SPECC1L	2
RAD51B	SPTBN4	2
PPP4R4	PRKCA	2
FLOT2	RAD51B	2
ANKS3	ZNF410	2
ACSM1	PSEN1	2
TC2N	TRIP11	2
CLMN	VTI1B	2
EIF2B2	YLPM1	2
C14ORF39	PPP2R5E	2
ARID4A	NAA30	2
CARMIL3	CPNE6	2
GAS6	MCF2L	2
FARP1	PCCA	2
GPC5	GTF2F2	2
FOXO1	MRPS31	2
METTL21C	PSPC1	2
APOL6	CUX2	2
SLC38A1	UNKL	2
PTPN6	UACA	2
SSH1	SVOP	2
HRK	MED13L	2
DDX23	RND1	2
C1S	NXPH4	2
NOP2	PIANP	2
CLSTN3	LRRC23	2
C1S	CLSTN3	2
RAD52	RASSF8	2
CD4	FGD4	2
PPP6R3	TMPRSS6	2
POLD4	PRR14L	2
MX2	PC	2
ACTN4	PC	2
CAPN5	HSD17B14	2
COMMD9	CYP19A1	2
TEAD1	ZCCHC8	2
HYLS1	ST3GAL4	2
OAF	ZPR1	2
PAK1	TRIM29	2
AASDHPPT	ABTB2	2
CEP295	DEUP1	2
NADSYN1	PAK1	2
FRMD8	ZNRD2	2
SHANK2	XRRA1	2
GDPD5	RAB6A	2
CDC42BPG	MEN1	2
FAM168A	PPME1	2
ESRRA	KCNK4	2
CATSPER1	EIF1AD	2
CPT1A	PPFIA1	2
CAPN1	SPDYC	2
RNF121	SLC22A8	2
RAB6A	TUT1	2
CPSF7	KMT5B	2
CAT	PC	2
SLC22A8	TMEM223	2
CSTPP1	SBF2	2
MOB3A	VCL	2
FGFR2	NOL4	2
PPP3CB	VMP1	2
ANAPC16	TOP3A	2
CCDC102A	P4HA1	2
ENTPD5	MICU1	2
AP3M1	DOCK1	2
PDZD8	SHTN1	2
FGFR2	NRAP	2
LCOR	RBM20	2
AVPI1	TM9SF3	2
AVPI1	PIK3AP1	2
ARL3	CUEDC2	2
BORCS7	WBP1L	2
ABCC2	CTNNA3	2
MMRN2	WAPL	2
KIF20B	LIPJ	2
CYP2C19	TBC1D12	2
CYP2C18	HELLS	2
DOCK1	KCNMA1	2
TSPAN15	USP54	2
MICU1	PPA1	2
MINPP1	MLLT10	2
MLLT10	SKIDA1	2
DOCK11	MID1	2
ACE2	GPR143	2
MED14	SRPX	2
GLYATL2	ZFX	2
DENND1A	STRBP	2
MRRF	TTLL11	2
GNA14	TNFSF8	2
KANK1	RIC1	2
ARHGEF18	MAPKAP1	2
RFX3	TFDP1	2
KMT5B	STXBP1	2
GPAA1	GRINA	2
ERICH5	POP1	2
GRHL2	MATN2	2
PLEKHF2	STAU2	2
LYN	VPS13B	2
LAPTM4B	SPIDR	2
CLVS1	PRKDC	2
CCAR2	PDLIM2	2
HOOK3	TGS1	2
ADAM32	RNF170	2
ADAM18	NSD3	2
ABHD12	PPP2R2A	2
RASA3	SCARA3	2
ANO6	PEBP4	2
CDK6	PEX1	2
ACHE	VKORC1L1	2
GTF2IRD1	RHBDD2	2
C7ORF50	INTS1	2
AUTS2	SNX13	2
MICALL2	UCKL1	2
KMT2C	LMTK3	2
CHCHD3	ITPKA	2
GAS2L3	SND1	2
KIF13A	VPS13A	2
CARD11	POLR1H	2
MAP7	OPRM1	2
IL20RA	PTPRK	2
BCKDHB	PTPRK	2
ADGRG6	ATG5	2
DOP1A	RNF144B	2
NFYA	TREML2	2
CLIC5	SUPT3H	2
BNIP5	ETV7	2
GLO1	YWHAB	2
EPB41L2	MAP4K1	2
GMDS	TMTC2	2
ACOT12	LRCH4	2
LHFPL2	PTPRK	2
FAM193B	SGCD	2
MCTP1	TRIM36	2
CHD1	RGMB	2
MTREX	POLK	2
ISL1	RICTOR	2
NNT	PRLR	2
CEP120	SCAPER	2
BMAL2	NIPBL	2
FAT1	NPY1R	2
SH3RF1	SPOCK3	2
ELFN2	GRSF1	2
GALNTL6	KCNQ1	2
CAMK2D	TLL2	2
DPYSL2	ZBTB20	2
SCRIB	USP4	2
MAP3K13	NSUN2	2
ATP13A3	DNAJC13	2
ARL8B	USP4	2
FOXP1	ZNF717	2
PROS1	RUNX1	2
STAT3	TBL1XR1	2
ORMDL1	RALGDS	2
SH3BP4	SNED1	2
NHEJ1	PSMD1	2
AGAP1	CIR1	2
FARSB	SERPINE2	2
MAP2	PLEKHM3	2
ALK	WDCP	2
ALK	CAD	2
ALK	SPTBN1	2
ALK	PPP4R3B	2
CTNNA2	POLR1A	2
CARM1	KLF11	2
AFTPH	ELF1	2
PLEKHG6	TMBIM1	2
KCNG3	TMEM216	2
TCN2	THOC5	2
OSBP2	SFI1	2
COMT	EIF4ENIF1	2
CBS	TTC3	2
DIP2A	YBEY	2
RTF2	SPATA2	2
BCL2L1	YWHAB	2
GMEB2	RALY	2
KIF3B	TOX2	2
COMMD7	TM9SF4	2
ITCH	RALGAPB	2
ITCH	SRC	2
ITCH	MANBAL	2
CDS2	SLC23A2	2
PAK5	PANK2	2
CRLS1	TRMT6	2
CNBD2	PYGB	2
BTBD3	RALGAPA2	2
CST9L	NAPB	2
GOLIM4	PRDX1	2
ALK	CENPF	2
NFIA	ZNF253	2
ATP5PB	HAUS1	2
CAMTA2	LCK	2
MRPL37	SLC52A1	2
MAP2K5	PATJ	2
DOCK9	USH2A	2
PGD	PITPNM2	2
MICU1	TCEANC2	2
KIF1B	RERE	2
CFAP74	EIF4G3	2
PUM1	RNF207	2
TMCO2	ZMPSTE24	2
EIF2B3	IPO13	2
BCAR3	TRIM33	2
MOV10	SYCP1	2
IGSF3	SYCP1	2
SAMD4B	SPTBN4	2
GRIN2D	SAE1	2
PRR12	SYMPK	2
ARHGEF1	RPS19	2
ILF3	SLC44A2	2
DNM2	QTRT1	2
AKAIN1	MBD2	2
ACAA2	ZNF24	2
DSG1	TPGS2	2
DTNA	LDLRAD4	2
MIB1	MYO5B	2
NOTCH3	SPECC1	2
RPTOR	SLC39A11	2
GOSR2	TBC1D16	2
GNA13	SLC39A11	2
ASPSCR1	GNA13	2
PITPNC1	PRKAR1A	2
PRKCA	TMEM100	2
CEP95	CLTC	2
RNF43	SUPT4H1	2
HSF5	RNF43	2
BAIAP2	IGF2BP1	2
CA10	UBTF	2
RARA	SMARCE1	2
DHX8	PPY	2
MIEN1	TEX2	2
DNAJC7	ERBB2	2
CWC25	JUP	2
ACACA	GSDMB	2
LASP1	SRCIN1	2
MIEN1	SOCS7	2
CWC25	LASP1	2
CACNB1	CDK12	2
ACACA	MED1	2
CEP112	TP53I13	2
TAOK1	VMP1	2
FAM222B	STXBP4	2
ABR	SENP3	2
CLCN7	LAMA5	2
CLCN7	RBCK1	2
CMIP	UBE2G1	2
NUP93	TMEM170A	2
NFAT5	VPS4A	2
CRYM	NFAT5	2
TMEM186	USP7	2
TTLL13	ZNF774	2
ACSBG1	CIB2	2
SEMA7A	SIN3A	2
CIAO2A	SMAD6	2
CDIN1	SLCO3A1	2
AP3B2	SPRED1	2
CCDC85C	SETD3	2
CDKL1	FOXN3	2
CEP128	PALS1	2
PLCB4	RASA3	2
FGF9	SAE1	2
FHOD3	MTUS2	2
RAB20	TNFSF13B	2
LRCH1	NUDT15	2
GPALPP1	VWA8	2
MIPEP	PROSER1	2
MIPEP	MYO16	2
LATS2	PAN3	2
KATNAL1	PAN3	2
ATP8A2	MPHOSPH8	2
HECTD4	TMEM241	2
CKAP2	SMCO2	2
MED13L	PTPRR	2
APOLD1	ETV6	2
FGF6	PLEKHA5	2
PKP2	SSPN	2
DNM1L	TSPAN11	2
ELP4	PTPRM	2
CNTN5	FGD4	2
INSC	UBE4A	2
PACS1	SCYL1	2
KMT5B	OTUB1	2
SHANK2	SYT7	2
C2CD3	VPS37C	2
KCNQ1	SCT	2
KCNQ1	MMP26	2
MXI1	TMEM254	2
STN1	TM9SF3	2
GBF1	NT5C2	2
PAPSS2	SFRP5	2
HK1	IFIT5	2
DNAJB12	USP54	2
ACTA2	ANK3	2
ASCC1	MLLT10	2
DIAPH2	GABRA3	2
GRIPAP1	SYP	2
MATR3	TFE3	2
PARP14	TFE3	2
BACH1	TENM1	2
RTL4	TRAPPC10	2
H2BW2	PKNOX1	2
C2CD2	MID2	2
KHSRP	TFE3	2
CLTC	TFE3	2
LUC7L3	TFE3	2
FMR1NB	NCOR2	2
GOLGA1	WDR38	2
KDM4C	RFX3	2
KANK1	TPD52L3	2
GLIS3	RCL1	2
AK3	DOCK8	2
ADAMTSL1	UHRF2	2
CNTLN	RFX3	2
CRLS1	NFX1	2
CENPP	PPP2R1A	2
HNF1B	NOTCH1	2
DAPK1	WSCD1	2
LTBR	PRSS3	2
CCNY	PTPRD	2
BAALC	EIF3E	2
CSMD1	GSR	2
AZIN1	WDR72	2
RB1CC1	VPS13C	2
FBXO34	RALYL	2
HDAC9	PRUNE2	2
NUP205	WDR91	2
AGAP3	MKLN1	2
AKAP9	SND1	2
IMMP2L	ZNF277	2
DOCK4	NRCAM	2
BCAP29	DOCK4	2
SRPK2	ZC3HC1	2
BAIAP2L1	MET	2
PRKAR2B	SRPK2	2
DYNC1I1	ZC3HAV1	2
ADAM22	ASB4	2
CEACAM19	ZNF277	2
C7ORF50	CD177	2
CUX1	MAP2K1	2
AFDN	TTLL2	2
C6ORF58	LAMA2	2
BTN2A1	H2BC4	2
MRPS18A	ZSCAN9	2
OR2H1	TRERF1	2
CMTR1	GPX6	2
MRPS10	XPO5	2
MRPL14	TMEM63B	2
MDC1	PPP1R18	2
NFKBIE	SLC29A1	2
KCNK5	RUNX2	2
CUL9	KIF6	2
COL21A1	ZNF318	2
ILRUN	LRRC1	2
CYP39A1	LEMD2	2
CD2AP	PTCHD4	2
PKHD1	RCAN2	2
CTIF	GRM4	2
CLTC	TFEB	2
ADGRF4	ZNF106	2
ELOVL5	PFKFB3	2
DBN1	LMAN2	2
CDC25C	PAIP2	2
NIPAL4	PRDM6	2
COMMD10	NREP	2
SKIC3	SLC36A1	2
ARB2A	ERAP2	2
AP3B1	DCTN4	2
SERINC5	ZFYVE16	2
PDE4D	RNF180	2
ITGA2	RNF180	2
CDHR2	CLPTM1L	2
RETREG1	TERT	2
DAP	LPCAT1	2
CLPTM1L	PDCD6	2
C1QTNF3	SRD5A1	2
ANKRD33B	NIPBL	2
C1QTNF3	CLPTM1L	2
MAST4	PLXNB2	2
ITGA2	MYO18B	2
BASP1	TNRC6B	2
ADSL	CDH18	2
NDUFS4	TMPRSS2	2
SPEF2	TNFAIP8L1	2
SLC2A13	TERT	2
MINPP1	RICTOR	2
CHCHD3	LRBA	2
ADGRL3	AMTN	2
AASDH	CC2D2A	2
ATP8A1	LDB2	2
NRL	RBM47	2
CNTN5	HS3ST1	2
LRIG1	SLC26A7	2
MYLK	NXPH1	2
MAP7	ZBTB20	2
CADM2	TFEB	2
MCC	SLC9A9	2
ALDH1L1	APC	2
CBLB	MCTP1	2
CAMK4	FHIT	2
CFAP20DC	MAP1B	2
ADAM19	PDZRN3	2
CFAP97	VHL	2
HTT	TBC1D5	2
ATP11B	KLHL24	2
BCHE	FNDC3B	2
PIK3CB	PLS1	2
KCNAB1	PIK3CB	2
PIK3CB	SEMA5B	2
HHLA2	PIK3CB	2
LPP	TPRA1	2
MAP6D1	RPN1	2
PLS1	SEMA5B	2
CD200R1	ZBTB20	2
EPHA3	STXBP5L	2
CMSS1	ZBTB20	2
ABHD5	SFMBT1	2
SLC25A26	TAFA1	2
KALRN	NLK	2
SLC9A9	SMAD3	2
FGD5	KPNA3	2
MCCC1	TMEM117	2
CSTA	INPP5A	2
ASB1	CLVS1	2
AFTPH	THRB	2
ANKRD44	FASTKD1	2
AGBL5	CFLAR	2
HECW2	INPP1	2
PDE1A	PPP1R1C	2
GORASP2	WIPF1	2
DPP4	PDK1	2
LRP1B	RAB3GAP1	2
KIDINS220	MYT1L	2
NCOA1	ROCK2	2
MYT1L	POMC	2
EIPR1	SLC5A6	2
LPIN1	NCOA1	2
DNMT3A	GTF3C2	2
MAP4K3	SMC6	2
ARHGEF33	TTC27	2
CRIM1	HAAO	2
CRIM1	KDM3A	2
ACOD1	MBD5	2
PPARA	SAMM50	2
MAPK12	SSTR3	2
EIF4ENIF1	RNF185	2
KLHL22	RANGAP1	2
BCL2L13	GTPBP1	2
AIRE	ZBTB21	2
DYRK1A	HUNK	2
GRIK1	PCBP3	2
DNMT3B	MMP9	2
ADRA1D	DNAAF9	2
SLC23A2	TMX4	2
FBP2	PRKAB2	2
GOLGA1	KIAA0319L	2
PRKAR2B	SLC35D1	2
DMGDH	NMNAT2	2
KIAA0319L	UBA6	2
ABCC3	BCAN	2
ACSM1	IKBKE	2
CSMD2	NFAT5	2
EIF5	NOTCH2	2
AGO3	ARHGEF2	2
AHDC1	MORN1	2
NOS1AP	PTPRU	2
MTF1	SERINC2	2
MFSD2A	TRIT1	2
THRAP3	TRAPPC3	2
LRRC41	SHISAL2A	2
DTD1	ZNF416	2
CCDC97	TGFB1	2
CLASRP	ZNF524	2
SAE1	WDR18	2
HOOK2	ZNF791	2
MRI1	ZNF627	2
ELOF1	RDH8	2
DOT1L	ONECUT3	2
DYM	SLC14A2	2
EPN3	SLC25A17	2
CISD3	ELL	2
RNF213	RPTOR	2
ENDOV	TMEM104	2
MGAT5B	VMP1	2
BRIP1	MAP3K3	2
DNAH17	SKAP1	2
RAPGEFL1	WIPF2	2
HIGD1B	NMT1	2
AATF	MLLT6	2
DLG4	MARCHF10	2
NLRP1	WSCD1	2
PITPNA	SLC43A2	2
SLC47A2	ULK2	2
COPS3	MPRIP	2
DDX19B	KCTD19	2
TXNDC11	ZC3H7A	2
ACSM3	EEF2K	2
TBC1D16	ZNF106	2
THSD4	ZNF710	2
ARG2	IL34	2
PTPN21	TTC8	2
SAMD4A	TIMM9	2
DHRS4L2	HECTD1	2
METTL3	STRN3	2
MMP14	RBM23	2
LHFPL6	UNC79	2
DIAPH3	PCCA	2
LPAR6	VPS36	2
CRYL1	SPACA7	2
RESF1	SOX5	2
ATG2A	EFCAB6	2
ARNT2	MS4A3	2
STARD10	ZC3H12C	2
TALDO1	TSPAN4	2
BTBD10	SOX6	2
GAS2	SOX6	2
HSD17B12	WT1	2
BTRC	HIF1AN	2
FBH1	ITGA8	2
ARHGAP21	PIP4K2A	2
AR	SHROOM4	2
BEND3	FRK	2
TTBK1	ZNF311	2
MRPL2	PAFAH1B2	2
PTPRK	SMNDC1	2
FOXP1	SH3RF2	2
IL1RAP	SIRPG	2
ANKRD46	C2ORF76	2
CAB39	OLA1	2
CLASP1	FBXO11	2
SLC24A3	TRIB3	2
ACSS1	CDH4	2
AGO3	LPAR1	2
NR3C2	SPATA17	2
VEGFC	VPS13D	2
CLDN14	NRAS	2
COPA	RASAL2	2
MAP7D1	THRAP3	2
ARHGAP35	SLC1A5	2
CASC3	THRA	2
PIK3R5	SYNRG	2
CCL14	MYH10	2
CCL15	PSMD11	2
HNF1B	MYO1D	2
MYO18A	NF1	2
MAP2K4	NF1	2
NCOR1	TAOK1	2
PSMD11	SPNS2	2
RPA1	WDR81	2
P2RX5	PITPNM3	2
INPP5K	RPA1	2
MMP28	TTC19	2
ELAC2	RABEP1	2
HIC1	NCOR1	2
AJUBA	CEP192	2
NADSYN1	ZNF780A	2
RAB6A	SLC29A2	2
FADS3	SYT7	2
NCOA4	RSU1	2
LARP4B	RSU1	2
FATE1	MTMR1	2
MECP2	TMLHE	2
F8	G6PD	2
FLNA	TKTL1	2
CD99L2	CXORF66	2
STAG2	XIAP	2
CAPN6	DCX	2
COL4A5	RTL9	2
GLA	HNRNPH2	2
HDX	RPS6KA6	2
ABCB7	CHM	2
STK26	ZC4H2	2
CTPS2	HPRT1	2
MAP7D2	SCML2	2
MAP3K15	POLA1	2
CTPS2	RBBP7	2
ACOT9	APOO	2
DMD	TAB3	2
IL1RAPL1	MAGEB10	2
MAOA	OPHN1	2
CASK	TBL1X	2
CACNA1F	PRICKLE3	2
AR	TRMT10B	2
GRHL2	PAGE3	2
PAGE4	PSD3	2
ERLIN2	TBC1D25	2
NXF3	RNF44	2
PASD1	TEC	2
FOXP1	RTL5	2
ATP11C	PREX1	2
EDEM2	MBTPS2	2
CASK	EYA2	2
HS1BP3	MTMR1	2
MSN	NLRC4	2
SYTL5	TCF3	2
NEXMIF	PSMD12	2
IGF1R	PRPS1	2
CD99L2	SPPL3	2
POLA1	TIMELESS	2
CASK	GLIPR1L1	2
ENOX2	OSBPL5	2
TGFB2	VAMP7	2
FGF13	NLRP3	2
ODF2	TBC1D13	2
NUP188	PTPA	2
LRRC8A	PHYHD1	2
NIBAN2	SEC16A	2
NIBAN2	OLFM1	2
KYAT1	LRRC8A	2
DPH7	PTPA	2
DOLPP1	TBC1D13	2
DOLPP1	SPTAN1	2
ABL1	ADAMTSL2	2
NIBAN2	ZNF79	2
DENND1A	PTGES2	2
ODF2	SLC2A8	2
ASTN2	NUP188	2
MAPKAP1	VAV2	2
MAPKAP1	PRRC2B	2
CDK5RAP2	ENG	2
ADAMTS13	LHX2	2
PPP6C	SCAI	2
MVB12B	RALGPS1	2
DENND1A	LRSAM1	2
DENND1A	SNX30	2
ASTN2	PTBP3	2
ADAMTS13	FSD1L	2
SUSD1	UGCG	2
ABCA1	HDHD3	2
FRRS1L	TMEM245	2
RAD23B	SLC44A1	2
NIPSNAP3A	TMEFF1	2
AUH	SPTAN1	2
CCDC180	NDUFA8	2
ELP1	TBC1D2	2
ECPAS	WNK2	2
AOPEP	PTPDC1	2
GPR107	VPS13A	2
FRMD3	HSDL2	2
TJP2	TMEM38B	2
PGM5	SMC2	2
GNA14	TRMO	2
GKAP1	UBQLN1	2
GNAQ	PRUNE2	2
NTRK2	RASEF	2
GNAQ	QNG1	2
FXN	SMC5	2
JAK2	KDM4C	2
LURAP1L	MPDZ	2
LURAP1L	TYRP1	2
MLLT3	SLC28A3	2
ACO1	TYRP1	2
AQP7	B4GALT1	2
MELK	TRIM32	2
SHB	SLC28A3	2
GLIPR2	ZCCHC7	2
GLIPR2	SLC25A51	2
GLIPR2	RNF38	2
FAM219A	PAX5	2
TMEM245	TRPC4AP	2
DAPK1	GRIN2D	2
RELB	RFX3	2
KDM4C	PGPEP1	2
NFX1	ZNF600	2
NFX1	ZNF616	2
RNF38	ZNF91	2
ESCO1	KANK1	2
FBXL20	LRSAM1	2
ASTN2	PNMT	2
RABEP1	RORB	2
CDK12	JAK2	2
CA10	PLIN2	2
CISD3	MLLT3	2
SCAI	TOX3	2
CCDC171	USP8	2
LMX1B	RAD51B	2
FBXW2	LTBP2	2
STON2	TJP2	2
CCDC171	CCNK	2
ACO1	ITPK1	2
DMRTA1	SYNE2	2
DAPK1	TGDS	2
PIP5K1B	STK24	2
KCNC2	ROR2	2
ERP27	GNE	2
ECPAS	PACS1	2
IFT74	LDLRAD3	2
TEAD1	UBAP2	2
ADK	SPTAN1	2
DNAJC1	ZNF462	2
SLC35D2	YME1L1	2
APBA1	DOCK1	2
PIP5K1B	ZNF37A	2
ENPP2	HSD17B3	2
ATP6V1C1	GBA2	2
DENND1A	LRRC69	2
OC90	TATDN1	2
DSCC1	TAF2	2
COL22A1	ST3GAL1	2
COL22A1	SNTB1	2
ADCK5	PPP1R16A	2
PHF20L1	SAMD12	2
NSMCE2	SNTB1	2
MTSS1	ST3GAL1	2
ASAP1	EFR3A	2
DNAAF11	EXT1	2
DEPTOR	ENPP2	2
MTSS1	ZC2HC1A	2
ANGPT1	ZFP41	2
CHRAC1	TRPS1	2
CSMD3	OXR1	2
PPP1R16A	VPS13B	2
EFR3A	VPS13B	2
SLC25A32	TRIB1	2
GRHL2	TRAPPC9	2
SPAG1	TRPS1	2
LRP12	TRPS1	2
RRM2B	ZFPM2	2
SLC25A32	UBR5	2
RAD54B	TRIQK	2
POLR2K	STK3	2
RIDA	RNF19A	2
ODF1	RIMS2	2
NIPAL2	RNF19A	2
MTDH	SNX31	2
LRP12	VPS13B	2
LAPTM4B	LRP12	2
DPY19L4	INTS8	2
NECAB1	VPS13B	2
ESRP1	RMDN1	2
KCNB2	LRP12	2
GRHL2	ZFHX4	2
STAU2	ZFAND1	2
TRAM1	ZFPM2	2
NCALD	NCOA2	2
COPS5	TPD52	2
NCOA2	ZNF704	2
CA3	MYBL1	2
PDE7A	PREX2	2
COPS5	PDE7A	2
RAB2A	TRAPPC9	2
DEPTOR	NSMAF	2
ASAP1	CLVS1	2
CLVS1	TRAM1	2
NKAIN3	PDE7A	2
ASPH	CHD7	2
AGO2	PCMTD1	2
MTDH	SPIDR	2
ARMC1	RB1CC1	2
CSMD1	MCPH1	2
ASAH1	TNKS	2
ERICH1	PCM1	2
PRKDC	SLC39A14	2
FDFT1	INTS9	2
SORBS3	TUSC3	2
LGI3	PPP2R2A	2
INTS9	PHYHIP	2
BNIP3L	EPHX2	2
ADAM28	CDCA2	2
PCMTD1	WRN	2
CSMD1	NSD3	2
ANGPT2	MAK16	2
PEBP4	UNC5D	2
EXTL3	SARAF	2
KIF13B	SARAF	2
FUT10	GTF2E2	2
EIF4EBP1	GTF2E2	2
CYRIB	KAT6A	2
HOOK3	MTFR1	2
LETM2	NSMAF	2
SLC20A2	TUSC3	2
KAT6A	MSR1	2
ADAM7	ANK1	2
ADAM9	WRN	2
RAB11FIP1	UNC5D	2
NSD3	ZMAT4	2
NSD3	PLEKHA2	2
ANK1	NSD3	2
HOOK3	RNF170	2
GOLGA7	RNF170	2
HTRA4	RAB11FIP1	2
IKBKB	KAT6A	2
ADAM2	KAT6A	2
FNTA	ZMAT4	2
ADAM18	FGFR1	2
BAG4	ZMAT4	2
ADAM9	PLPBP	2
ADAM18	LSM1	2
DNAJC5B	RBM38	2
CSE1L	LETM2	2
ASH2L	MGME1	2
ALDH16A1	TAF2	2
MAPK15	MED25	2
ARHGAP35	COL22A1	2
SHFL	TRPS1	2
MATN2	ZNF461	2
CCDC25	TMEM259	2
DCTN6	MEX3D	2
FGFR1	ZNF791	2
LETM2	OSBPL1A	2
ARHGAP39	USP32	2
LIG3	ZFAT	2
PARP10	TAOK1	2
PAFAH1B1	TRPS1	2
MSI2	STAU2	2
MAP2K3	NKAIN3	2
EPN2	KIF13B	2
MSI2	TM2D2	2
LSM1	PHB1	2
HOOK3	TADA2A	2
SSTR5	UBR5	2
NSD3	SNX20	2
CHRNB3	HEATR3	2
ANK1	CNEP1R1	2
ADAM32	SLX4	2
GINS4	UQCRC2	2
ARMC5	SFRP1	2
AKAP13	NRG1	2
YY1	ZC3H3	2
PPP2R5E	PTK2	2
NUBPL	WWP1	2
AKAP6	RMDN1	2
BAG4	NEDD8	2
PCCA	SNX16	2
DNAJC5B	TSC22D1	2
ADAM9	CLYBL	2
CNOT2	SLC45A4	2
CEP290	PRKDC	2
RBPMS	RILPL1	2
EXT1	RSF1	2
ANXA13	SHANK2	2
FCHSD2	RALYL	2
ASPH	RSF1	2
NEU3	SNTG1	2
GAB2	NSD3	2
KIF13B	TENM4	2
FUT10	GAB2	2
ANO1	UNC5D	2
ADAM2	RSF1	2
UVRAG	ZMAT4	2
RAB11FIP1	ZDHHC24	2
PLEKHA2	SHANK2	2
FNTA	OVOL1	2
ADAM2	CPT1A	2
ENPP2	FGFR2	2
DCLRE1C	NSMCE2	2
GRHL2	TSPAN14	2
GRHL2	PRXL2A	2
DNAJC1	PLEKHF2	2
C8ORF34	PANK1	2
BPNT2	ZCCHC24	2
MLLT10	SNTG1	2
CADPS2	SPTAN1	2
CADPS2	DENND1A	2
SLC46A2	USP42	2
ATAD2	PODXL	2
HIP1	SLC20A2	2
ADAP1	NDUFAF6	2
CUL1	ZNF282	2
DPP6	INSIG1	2
GALNT11	PRKAG2	2
CUL1	GIMAP5	2
AGAP3	GIMAP2	2
CPED1	ESYT2	2
AUTS2	KMT2C	2
EPHA1	LMBR1	2
CNTNAP2	KMT2C	2
KEL	TRPV6	2
SVOPL	TRIM24	2
KDM7A	SND1	2
COG5	DPP6	2
GRM8	SND1	2
PTPRZ1	UBE2H	2
COG5	FOXP2	2
CADPS2	LMOD2	2
SMO	ZKSCAN5	2
CCDC136	ZKSCAN1	2
PRKAR2B	TRRAP	2
TAF6	TRIM4	2
PRKAG2	VPS50	2
DYNC1I1	MET	2
MAGI2	PILRB	2
CALN1	KMT2C	2
TPST1	ZSCAN25	2
AUTS2	SEMA3C	2
TNRC18	ZC3HAV1	2
CYTH3	MAD1L1	2
ACTB	RNF216	2
AHR	CDK14	2
GLCCI1	USP42	2
SLC25A13	STK31	2
CREB5	USP42	2
GPNMB	NUP42	2
NT5C3A	PDGFA	2
MPLKIP	TRA2A	2
CDK13	TAX1BP1	2
CBX3	GARS1	2
MTURN	ZNRF2	2
ITPRID1	URGCP	2
CCM2	SUGCT	2
COA1	MRPS24	2
TNS3	ZNRF2	2
NUP42	PACSIN2	2
RCAN1	TNPO3	2
HIBADH	NRIP1	2
NT5C3A	SLC37A1	2
FAM83D	ZNF107	2
DEFB118	ITPRID1	2
FOXK1	ZNF671	2
SNX13	STAP2	2
SH3GL1	TAX1BP1	2
CA10	PRKAG2	2
CUX1	MARCHF10	2
PPP1R1B	ZNHIT1	2
CARD11	NOL11	2
ACSM1	IGF2BP3	2
GABRG3	OSBPL3	2
FKBP3	GALNT11	2
NBEA	PEX1	2
GTF2IRD1	MED13L	2
AUTS2	WASHC4	2
GRB10	SLC2A13	2
CREB3L2	SHANK2	2
RNF216	ST14	2
SFRP4	TSKU	2
BBS9	EMSY	2
DPY19L1	NRXN2	2
ABCA13	C2CD3	2
DGKB	GFRA1	2
PLPP4	RAPGEF5	2
ANK3	CHN2	2
BNC2	ESR1	2
ARMC2	KDM4C	2
PDE10A	POLB	2
ASPH	ESR1	2
EZR	RB1CC1	2
ARMC2	MROH1	2
CHD7	FOXO3	2
SCML4	TUSC3	2
ADGRA2	SENP6	2
GMDS	VPS13B	2
GMPR	NDUFAF6	2
H2AC6	MRPS28	2
NCR3	PTK2	2
ADCY1	EYA4	2
FOXO3	PPP1R9A	2
DTNBP1	RSBN1L	2
HSPA1L	TNS3	2
AFDN	HMGCLL1	2
FNDC1	MAP3K4	2
SYNE1	ZBTB2	2
RGS17	SYNE1	2
GINM1	SCAF8	2
RMND1	ZDHHC14	2
ESR1	PLEKHG1	2
MTHFD1L	RGS17	2
LRP11	ULBP2	2
ARMT1	ESR1	2
ARID1B	PLEKHG1	2
PRKN	UTRN	2
ECT2L	UTRN	2
SGK1	UTRN	2
LYRM4	UTRN	2
CNKSR3	MAP7	2
MED23	PEX7	2
ARG1	MAP7	2
MTHFD1L	THEMIS	2
ARID1B	NKAIN2	2
HECA	PTPRK	2
ECHDC1	MAP7	2
RNF217	TRMT11	2
FAM184A	MCM9	2
ARHGAP18	MAN1A1	2
ARHGAP18	CEP85L	2
CDK19	SYNJ2	2
ATG5	LTV1	2
BEND3	MED23	2
CRYBG1	MYB	2
ATG5	TMEM200A	2
RWDD1	WASF1	2
PRDM1	RNF217	2
MTRES1	PTPRK	2
PLN	PREP	2
DCBLD1	PREP	2
CEP85L	OSTM1	2
MAN1A1	PDSS2	2
HDAC2	TRDN	2
AK9	FAM184A	2
AFG1L	ZUP1	2
CRYBG1	SESN1	2
REV3L	SOBP	2
CRYBG1	PREP	2
PRDM1	SLC22A16	2
OSTM1	SNX3	2
AK9	MICAL1	2
AFG1L	GTF3C6	2
ARMC2	CRYBG1	2
KLHL32	MED23	2
ASCC3	GRIK2	2
MDN1	RNGTT	2
ENPP1	RIPPLY2	2
NKAIN2	SNX14	2
CDK19	SYNCRIP	2
SENP6	SLC35A1	2
CGA	ZNF292	2
EYS	SNX14	2
SERPINB1	UBE3D	2
RARS2	SMAP1	2
B3GAT2	ZNF292	2
KHDC1	OOEP	2
EYS	PTP4A1	2
LYRM4	RPP40	2
MAK	TFAP2A	2
CD83	LAMA2	2
ERVFRD-1	NOL7	2
DTNBP1	FRK	2
PPIL6	ZNF322	2
FYN	MBOAT1	2
CDKAL1	GRIK2	2
LYRM4	RNF144B	2
GPX6	RREB1	2
NEDD9	NUP153	2
GCNT2	NUP153	2
BMP6	JARID2	2
RANBP9	TPMT	2
H2AC6	SLC17A4	2
CDKAL1	RBM24	2
CARMIL1	MRS2	2
BTN3A2	H2AC6	2
BTN2A1	H2AC6	2
ASCC3	PPP2R5D	2
BTBD9	FARS2	2
MED20	RNF182	2
JARID2	KCTD20	2
GTPBP2	H2BC11	2
CLIC1	H2BC4	2
TRERF1	VARS2	2
DAXX	TAPBP	2
ANKS1A	SCUBE3	2
PTCRA	PTK7	2
NCR3	PRRC2A	2
MDGA1	POLR1C	2
DDR1	MRPS18B	2
CDC5L	SPATS1	2
CCND3	GUCA1B	2
BTBD9	CLPSL1	2
BAG6	LY6G5C	2
ABCC10	PPP2R5D	2
HMGCLL1	TMEM181	2
CILK1	TRMT11	2
DST	HIVEP1	2
BLOC1S5	CD2AP	2
CYP39A1	GFOD1	2
CD2AP	ZNF184	2
E2F3	FBXO9	2
ATXN1	HMGCLL1	2
DAAM2	LRRC1	2
AHI1	CHEK2	2
PATZ1	PKIB	2
FBLN1	HACE1	2
GPX5	XRCC6	2
TBC1D22B	YPEL1	2
DPM1	EZR	2
BTBD3	GCNT2	2
BCAS1	GFOD1	2
CHD6	MCUR1	2
GSTA1	SPO11	2
KATNA1	PPP2R1A	2
DOT1L	EPB41L2	2
PDSS2	SMARCA4	2
CIC	ZFP57	2
CYP39A1	EIF3K	2
LDLRAD4	PREP	2
PXDC1	RAB27B	2
COL10A1	RARA	2
HS3ST5	VPS53	2
ABCA9	SOBP	2
KHDC1	NLK	2
EYS	MED1	2
ATXN1	PCTP	2
CAP2	MED1	2
CDC5L	PITPNC1	2
NME4	THBS2	2
ARID1B	IGF1R	2
ASCC3	ATL1	2
CHD8	IMPG1	2
C14ORF132	SMAP1	2
CDKAL1	HSP90AA1	2
ACTN1	SCGN	2
PDS5B	UBR2	2
IFT88	RUNX2	2
MAPK14	MICU2	2
FRY	LRRC1	2
CACNA1C	SYNE1	2
ARHGEF25	REV3L	2
TMEM132C	TRERF1	2
PDE3A	ZNF318	2
ETNK1	RCAN2	2
ESR1	YAP1	2
DCDC2	PC	2
CAP2	TEAD1	2
ANKRD42	SRPK1	2
FAM168A	PTCRA	2
GANAB	ZNF76	2
CTNND1	DDAH2	2
NADSYN1	ZNF451	2
GSTA4	NADSYN1	2
PLXDC2	SYNE1	2
LCOR	MAN1A1	2
ATAD1	BTBD9	2
BSPRY	NPM1	2
CDHR2	NTAQ1	2
CAMK2A	VIRMA	2
ERBIN	ZBTB10	2
COMMD10	DGKI	2
ANKHD1	TIAM2	2
AKIRIN2	ANKRD55	2
SH3PXD2B	STK10	2
RANBP17	SPDL1	2
HNRNPH1	RNF130	2
FBXO38	SPINK6	2
CNOT6	MACROH2A1	2
FSTL4	SLIT3	2
CLTB	SIL1	2
CLINT1	HARS1	2
RAD50	TCOF1	2
ANKHD1	PCDHA11	2
CYSTM1	NRG2	2
CTNNA1	MATR3	2
FAM53C	HARS1	2
AFF4	FSTL4	2
HSD17B4	SLIT3	2
SNCAIP	SNX24	2
DTWD2	SEMA6A	2
ADAMTS19	SLC27A6	2
KIAA0825	PGGT1B	2
ARB2A	EFNA5	2
ARB2A	CAST	2
KCNIP1	LHFPL2	2
ADGRV1	POLR3G	2
IQGAP2	PWWP2A	2
HEXB	TRIM36	2
ACOT12	IQGAP2	2
CCNB1	CDK7	2
NDFIP1	NDUFAF2	2
ANKRD31	NDUFAF2	2
ERBIN	PPWD1	2
DEPDC1B	ELOVL7	2
ARL15	HSPA9	2
CETN3	MTREX	2
MARCHF11	TRIO	2
MYO10	NPR3	2
ADAM19	TTC33	2
KDM3B	PRLR	2
TARS1	ZFR	2
PLCXD3	WDR70	2
ADAMTS12	WDR70	2
RANBP3L	RICTOR	2
PLCXD3	PRLR	2
LIMK2	RUFY1	2
PIGU	XRCC4	2
IFT52	TRIO	2
CDH12	VAPB	2
NDUFB7	PIK3R1	2
HSD17B4	STX8	2
PGAP3	WDR70	2
FGF10	HEATR6	2
PMM2	UIMC1	2
MAP3K1	PARN	2
CDH1	NADK2	2
ACSL6	PLIN1	2
SNX18	WDR93	2
HSPH1	KIAA0825	2
CENPJ	IPO11	2
PTPRO	UIMC1	2
ADAMTS16	ETV6	2
GTF2H1	TNPO1	2
ADAMTS2	WBP1L	2
DDX4	KAT6B	2
FAM53B	TRIO	2
CTNND2	FAS	2
DAB2IP	HTN3	2
NUDCD1	TMEM184C	2
FDCSP	SAMD12	2
ASH2L	ZFYVE28	2
ESYT2	HTT	2
JAKMIP1	LUC7L2	2
FAM114A1	IQCE	2
CORIN	OSBPL3	2
PTPRK	SPARCL1	2
ADGRL3	EFHC1	2
LSM6	SEMA6A	2
BMPR1B	MCC	2
ANKRD17	NIPBL	2
NIPBL	SLC30A9	2
ANXA10	GASK1B	2
CLCN3	SMAD1	2
NAA15	PALLD	2
FNIP2	LRBA	2
DDX60	FHIP1A	2
SMARCA5	TBC1D9	2
NAA15	SLC10A7	2
ARFIP1	MND1	2
FHIP1A	IL15	2
ARFIP1	FGB	2
PLRG1	SEC24D	2
FNIP2	LARP7	2
CFI	SEC24D	2
COL25A1	MCUB	2
CLCN3	UBE2D3	2
AFG2A	CENPE	2
COL25A1	PPP3CA	2
AFG2A	MMRN1	2
PPP3CA	SPARCL1	2
ART3	PDLIM5	2
CCSER1	FRAS1	2
ARHGAP24	NOA1	2
ADGRL3	PPP3CA	2
MUC7	SEC31A	2
DCK	FRAS1	2
CSN2	SULT1B1	2
CSN1S1	CSN2	2
NOA1	PPP3CA	2
INPP4B	KIAA0232	2
EVC	TBC1D14	2
PCGF3	PIGG	2
CTBP1	POLN	2
LRBA	PPARGC1A	2
N4BP2	RHOH	2
APBB2	LIMCH1	2
GNPDA2	GRID2	2
GABRB1	LNX1	2
CCDC149	GABRB1	2
DCLK2	MACROD2	2
ESF1	LRBA	2
OVOL2	TMEM131L	2
G3BP2	PTPN1	2
ELMO2	STAP1	2
MGME1	RAB28	2
DTD1	FRYL	2
SHROOM3	TRIM28	2
FIP1L1	SBNO2	2
FRYL	ZNF606	2
ANKRD12	MTHFD2L	2
EIF1	MED28	2
DUS2	UNC5C	2
CDH1	NPFFR2	2
N4BP1	NOA1	2
ARNT2	PDLIM5	2
MAPK6	USO1	2
CORO1C	TBC1D9	2
DPY19L2	MRPL1	2
CSN2	LALBA	2
NELFB	RASA2	2
FXR1	RIMS2	2
RNF19A	SLC41A3	2
CHD7	MIX23	2
MITF	MTERF3	2
FAM221A	MUC4	2
LMBR1	TPRG1	2
MTHFD1L	TNIK	2
RGS17	TBL1XR1	2
AFDN	KCNAB1	2
ADGRG6	CLSTN2	2
CNTN6	CYB5R4	2
ATP11B	MED10	2
FOXP1	RIMOC1	2
CFAP97	SIAH2	2
HPS3	JADE1	2
PDLIM5	SHISA5	2
GAK	MAGI1	2
PIGZ	SENP5	2
C3ORF70	TPRG1	2
ABCC5	EHHADH	2
FBXO45	NAALADL2	2
LPP	SPATA16	2
PIK3CA	USP13	2
TBL1XR1	USP13	2
GPR160	SKIL	2
PRKCI	TNIK	2
NAALADL2	NLGN1	2
LRCH3	MED12L	2
LXN	TBL1XR1	2
PLCH1	SKIL	2
MBNL1	NAALADL2	2
GFM1	MFSD1	2
PLD1	TFDP2	2
CCDC39	CLSTN2	2
GK5	MBNL1	2
DLG1	PCCB	2
CLDN18	PLS1	2
PIK3CB	RASA2	2
COPB2	PIK3CB	2
ATR	DBR1	2
NEK11	TOPBP1	2
MSL2	PPP2R3A	2
CEP70	STAG1	2
CDV3	TMEM108	2
LRCH3	RAB7A	2
ALDH1L1	TMCC1	2
ISY1	STAG1	2
BFSP2	SLC12A8	2
ADCY5	HACD2	2
ATP6V1A	OPA1	2
FAM131A	NAA50	2
RABL3	RYK	2
GOLGB1	MIX23	2
CD96	ZBTB20	2
ILDR1	IQCB1	2
CFAP91	GSK3B	2
RFC4	SENP7	2
NXPE3	ZPLD1	2
EPHA6	TRMT10C	2
CRBN	GRM7	2
CCDC191	MKRN2	2
SH3BP5	VGLL4	2
LMCD1	SETD5	2
ATG7	SETD5	2
COLQ	NR2C2	2
LMCD1	THRB	2
TBC1D5	TOP2B	2
CTDSPL	TMCC1	2
CMTM8	RAF1	2
CMTM8	NR1D2	2
ITGA9	XYLB	2
CMTM7	GLB1	2
RHOA	SMCO1	2
SETD2	ULK4	2
MYRIP	PFKFB4	2
ARIH2	TCTA	2
PRKAR2A	SLC25A20	2
CACNA2D3	PBRM1	2
ALAS1	GLYCTK	2
DUSP7	PBRM1	2
DAG1	ZNF589	2
CACNA1D	PRKCD	2
ARIH2	SLC25A20	2
SYNPR	VGLL4	2
CACNA2D3	TAFA4	2
ARHGEF3	LTF	2
FRMD4B	TMF1	2
CCDC66	FLNB	2
CACNA2D3	FOXP1	2
CADM2	FHIT	2
CGGBP1	SCN11A	2
FGF12	SYN3	2
PIK3CB	TSPO	2
MST1	SRRD	2
APPL1	ATXN10	2
ABCG1	PLOD2	2
OSBPL2	PLD1	2
NBEAL2	TMC2	2
CRB3	RTP1	2
ALCAM	YIF1B	2
ROBO1	TUBB6	2
LPP	SEPTIN9	2
ETV5	RNF213	2
PEX5L	PTRH2	2
PRKAR1A	ZBTB20	2
CMSS1	TBKBP1	2
FHIT	RPAIN	2
MEIOB	P4HTM	2
ABHD17C	LPP	2
ACTR10	TMCC1	2
RCOR1	XPC	2
BBX	RB1	2
CACNA1C	TBL1XR1	2
CP	SOX5	2
CCDC77	STAG1	2
CPNE4	PZP	2
ITGB5	NCOR2	2
CBLB	PPFIA1	2
CMSS1	XRRA1	2
ITPR1	SF1	2
HPS5	SETD5	2
CMC1	VPS37C	2
PIP4K2A	XRN1	2
ASCC1	NR2C2	2
GPR35	MELK	2
DNER	UNC13B	2
NFIB	STRN	2
HEATR5B	NFIB	2
AGAP1	ZC2HC1A	2
FAHD2B	ZNF251	2
ATAD2	FAM178B	2
CA13	RBKS	2
DHX57	DNAJC5B	2
KCMF1	PRKDC	2
AGAP1	RINT1	2
COG5	DNAH7	2
ACVR2A	IGF2R	2
EXOC2	SH3RF3	2
BMP5	RANBP2	2
E2F6	LYRM4	2
RREB1	RRM2	2
HEATR5B	MYB	2
GALNT10	IQCA1	2
NCOA1	PSD2	2
LANCL1	TET2	2
GOLGB1	NCOA1	2
LRRTM4	OXNAD1	2
FMNL2	SREBF2	2
PAXBP1	TP53I3	2
EHBP1	PREX1	2
RAMP1	UBE2F	2
HJURP	SNED1	2
NMUR1	PDE6D	2
ASB18	GIGYF2	2
DIS3L2	EIF4E2	2
DGKD	SP140	2
BOK	COPS9	2
ASB1	TRAF3IP1	2
DIS3L2	SPHKAP	2
AGFG1	TRIP12	2
DNER	TRIP12	2
CUL3	IRS1	2
ACSL3	MOGAT1	2
RNF25	USP37	2
CNOT9	TTLL4	2
PLCD4	VIL1	2
ERBB4	KANSL1L	2
ATIC	FAM117B	2
PGAP1	SPAG16	2
NOP58	STRADB	2
FLACC1	ORC2	2
HSPE1	MOB4	2
CREB1	FASTKD2	2
CASP8	FLACC1	2
ABI2	CYP20A1	2
GULP1	NUP35	2
METTL8	OLA1	2
SLC4A10	TRIP12	2
NBEAL1	TANK	2
GCG	PMS1	2
ITGB6	STK39	2
CCDC148	WDSUB1	2
GALNT13	KCNJ3	2
ITPRID2	SPOPL	2
STAM2	THSD7B	2
ACMSD	SESTD1	2
FAM168B	PLEKHB2	2
ACMSD	RAB3GAP1	2
DARS1	MCM6	2
AMMECR1L	SAP130	2
AFF3	TMEM182	2
LYG2	MAP4K4	2
LMAN2L	MRPS5	2
CPSF3	HPCAL1	2
HS1BP3	PUM2	2
BABAM2	DYNC1I2	2
NCOA1	RAB10	2
BABAM2	PPP1CB	2
DTNB	RBKS	2
CLIP4	TOGARAM2	2
CRIM1	PPIG	2
MAP4K3	RAB3GAP1	2
FAM98A	GALNT14	2
EIF2AK2	RMDN2	2
BIRC6	RMDN2	2
CYTIP	LRPPRC	2
BABAM2	PRKCE	2
MSH2	TTC7A	2
MSH2	SLC3A1	2
MCFD2	SRBD1	2
DTNB	RTN4	2
CCDC88A	SRBD1	2
EHBP1	GAREM2	2
COMMD1	YIPF4	2
BCL11A	EHBP1	2
COMMD1	MDH1	2
PPP3R1	TTC27	2
VPS54	WDPCP	2
DNAAF10	USP34	2
NCK2	SFXN5	2
ARHGAP25	MBOAT2	2
APLF	PELI1	2
ACTG2	PELI1	2
TGFA	TIA1	2
C2ORF78	DGUOK	2
C2ORF42	TGFA	2
CTNNA2	HIBCH	2
KDM3A	RFX8	2
ELMOD3	TTC27	2
CD8A	RMND5A	2
ELMOD3	TCF7L1	2
BTBD2	NIFK	2
ASXL2	FKBP8	2
CTNNA2	PIGN	2
MTMR4	TANC1	2
GALNT13	HEATR6	2
ITSN2	NMT1	2
ABCC11	BIRC6	2
GRIN2A	MOB1A	2
EIF4E2	TMOD3	2
GNB5	PDE6D	2
CHSY1	VRK2	2
GALNT5	PAPOLA	2
ASXL2	HSPH1	2
FLACC1	PPTC7	2
PKP4	USP15	2
BCL7A	KCNIP3	2
TCF7L1	WIF1	2
MRPL21	MYO1B	2
CAT	TLK1	2
LCT	ZDHHC5	2
MAP3K2	SHANK2	2
MRPS9	PRDM11	2
AGAP1	WDR11	2
MAT1A	STK39	2
AFF3	FGFR2	2
ATP6V1C2	RHOBTB1	2
FBXO11	NEBL	2
SCUBE1	TTLL12	2
TRMU	TTC38	2
PLXNB2	SHANK3	2
ENTHD1	POLR3H	2
NAGA	WBP2NL	2
GGA1	TRIOBP	2
DMC1	DNAL4	2
CELSR1	MAFF	2
CACNA1I	TAB1	2
ACO2	TEF	2
EMID1	PPP6R2	2
NUP50	RBFOX2	2
GRAP2	NF2	2
MYH9	PLA2G6	2
ISX	RNF185	2
EIF3D	NF2	2
CACNG2	MYH9	2
MCM5	TOM1	2
GRK3	SF3A1	2
PI4KA	TAFA5	2
DESI1	DGCR2	2
CLTCL1	NF2	2
ATP6V1E1	LARGE1	2
IGLL1	SNAP29	2
CABIN1	HIRA	2
KCNE1	RPS19BP1	2
GET1	UMODL1	2
PCP4	SLC37A1	2
PCNT	SLC37A1	2
FTCD	SETD4	2
PTTG1IP	SIM2	2
DIP2A	PRMT2	2
POFUT2	WDR4	2
PDXK	RRP1B	2
EVA1C	MRAP	2
DYRK1A	MRPS6	2
DOP1B	TRPM2	2
DOP1B	SH3BGR	2
C2CD2	ZBTB21	2
BRWD1	LCA5L	2
ABCG1	BRWD1	2
NRIP1	TIAM1	2
APP	RCAN1	2
LTN1	RWDD2B	2
GTPBP1	ZMYND8	2
LARGE1	TAF4	2
NTSR1	RBFOX2	2
ITCH	TAB1	2
MCM5	RALGAPB	2
FAM83D	SPECC1L	2
PIGP	PMEPA1	2
MACROD2	VPS26C	2
HLCS	TASP1	2
DTD1	RUNX1	2
PI3	WFDC2	2
CASS4	VAPB	2
TAF4	TCFL5	2
GATA5	TAF4	2
SYCP2	ZMYND8	2
MYT1	STX16	2
STK4	TSHZ2	2
CTSA	STAU1	2
CDH4	SS18L1	2
SLC9A8	SNAI1	2
RAE1	SLC9A8	2
RBM38	SPO11	2
PTPN1	SLC9A8	2
PREX1	PTPN1	2
PRPF6	SDC4	2
PRELID3B	PTPRT	2
CDH4	NCOA5	2
GMEB2	STMN3	2
FAM217B	PRPF6	2
BCAS4	ZMYND8	2
AURKA	PCK1	2
ARFGEF2	TSHZ2	2
ADNP	SYCP2	2
CHD6	PCMTD2	2
PLCG1	TAF4	2
DHX35	DNTTIP1	2
CHD6	WFDC11	2
CNBD2	ZNFX1	2
CNBD2	ZGPAT	2
TOX2	TRPC4AP	2
DDX27	SAMHD1	2
PMEPA1	RALY	2
PIGU	PTPRT	2
EDEM2	OSBPL2	2
CDH4	SLA2	2
ARFGAP1	SPAG4	2
ADNP	GHRH	2
BPIFB1	PLCG1	2
SAMHD1	UQCC1	2
KIAA1755	UQCC1	2
DLGAP4	TGIF2	2
CTNNBL1	RBL1	2
CPNE1	RBL1	2
EPB41L1	RALGAPB	2
CNBD2	RALGAPB	2
PHF20	RPN2	2
DYNLRB1	PHF20	2
ARHGAP40	NECAB3	2
EPB41L1	GHRH	2
DEFB123	EIF2S2	2
CTNNBL1	TTI1	2
ASXL1	XKR7	2
ASXL1	PDRG1	2
CHD6	STK35	2
ATRN	RNF24	2
AP5S1	RNF24	2
DSTN	TCFL5	2
ISM1	RNF24	2
BMP2	PLCB4	2
GPCPD1	PLCB1	2
CRLS1	SEL1L2	2
ACSS1	PHACTR3	2
NCOA6	RALGAPA2	2
PLCB4	SLC24A3	2
JAK2	TTC13	2
GON4L	LRRC8A	2
AGPAT2	CDC42SE1	2
UBXN11	UGCG	2
PGBD2	TOX	2
ASAP1	KCNH1	2
ARMC1	PEX19	2
NDUFB9	TDRKH	2
PDE4DIP	TRPS1	2
CDC42SE1	TNKS	2
MTBP	SLC66A1	2
ACOT7	NSMCE2	2
GPBP1L1	TRAPPC9	2
CDH17	FGGY	2
NEGR1	RNF122	2
NEGR1	NSD3	2
ADSS2	GNA12	2
COPG2	PBX1	2
TPST1	WARS2	2
F5	SRF	2
MCUR1	S100A10	2
DEK	NUP210L	2
MIB2	SMIM13	2
PTPRK	PUM1	2
PUM1	TRERF1	2
ASCC3	HIVEP3	2
C6ORF52	MAST2	2
DST	KIAA0319L	2
APOM	MYSM1	2
LRP8	TMEM217	2
CRISP1	TTC39A	2
LTV1	NFIA	2
PATJ	PHIP	2
DDAH1	SRPK1	2
CDC14A	TXLNB	2
NPM1	RAB4A	2
GUK1	TPPP	2
KIAA0825	RNPC3	2
DPYD	EDIL3	2
C4BPA	MCUB	2
CCSER1	DENND1B	2
DDR2	GAB1	2
CRACD	STMN1	2
C1ORF198	GXYLT2	2
FCAMR	PDZRN3	2
CENPL	GK5	2
SUCO	ZCWPW2	2
EIF4G3	PPP2R3A	2
FHAD1	ZNF148	2
BBX	PRDM16	2
NIT2	RAP1GAP	2
ALPL	FILIP1L	2
MECR	NAALADL2	2
TBC1D22A	TBCE	2
CARD10	RBM34	2
MYH9	NFYC	2
HSD3B2	NF2	2
CCT8	LHX4	2
FBLIM1	TIAM1	2
FBXO42	RUNX1	2
CD53	HLCS	2
TSHZ2	UAP1	2
C20ORF96	EFNA4	2
DNAAF9	TDRD10	2
FAF1	TAF4	2
BPI	GTF2B	2
PLEKHA6	SRBD1	2
RABGAP1L	SLC38A11	2
PKP4	SETDB1	2
HORMAD1	XPO1	2
RASGRP3	RPS6KA1	2
SCRN3	SRSF4	2
PPP1R21	WARS2	2
KISS1	PPP1R12C	2
RDH13	RUSC1	2
RERE	U2AF2	2
ADM5	YARS1	2
EYA3	POP4	2
FAM151A	MKNK2	2
DENND2D	ILF3	2
CERS4	SPAG17	2
KIF1B	MYO5B	2
BCAS3	DISP1	2
DHX40	PBX1	2
GON4L	PIPOX	2
IGF2BP1	ZBTB8OS	2
ADPRS	SHPK	2
FAF1	PTRH2	2
BCAS3	PRKAA2	2
LRP8	RAD51C	2
AHCYL1	RAD51C	2
CDC27	ST7L	2
NUP88	VTCN1	2
FBXL20	NOTCH2	2
CES2	GPATCH2	2
ELOA	IFT140	2
DNAH3	GNL2	2
SNX7	ZCCHC14	2
MYO9A	TMEM59	2
EYA3	SUSD6	2
AGBL4	FUT8	2
PRRC2C	SPATA13	2
IGSF8	USPL1	2
CAPZB	SCEL	2
STARD13	TNFRSF8	2
DCLK1	NFIA	2
DHRS12	SLC25A24	2
PCNX2	TAOK3	2
GRIP1	SPTA1	2
CD9	PBXIP1	2
ATF7IP	COL16A1	2
DPYD	STAB2	2
ANO1	SLC22A15	2
CASQ2	LRP5	2
IGSF3	KDM2A	2
PCF11	SPAG17	2
CCNY	ZNF496	2
CTNNA3	PBX1	2
HPS1	UBE2Q1	2
COX20	SDCCAG8	2
GPR137B	RYR2	2
GALNT2	KIF26B	2
LGALS8	TRIM67	2
GUK1	TARBP1	2
EGLN1	PGBD5	2
RYR2	SUSD4	2
PCNX2	PTPN14	2
DNAH14	EPRS1	2
CDC42BPA	EPRS1	2
CENPF	SUSD4	2
CATSPERE	RPS6KC1	2
ADSS2	SERTAD4	2
NEK2	NVL	2
DUSP10	PLXNA2	2
TMCC2	ZC3H11A	2
RASSF5	TIMM17A	2
MYBPH	PHLDA3	2
PACC1	RCOR3	2
KCNH1	LPGAT1	2
HHAT	SERTAD4	2
DSTYK	NAV1	2
ADIPOR1	CYB5R1	2
BCAR3	CAMSAP2	2
DENND1B	RRP15	2
INTS7	NEK7	2
CRB1	NEK7	2
KDM5B	RABGAP1L	2
COP1	HHAT	2
COP1	SRGAP2	2
COP1	KIF14	2
ADIPOR1	RGS8	2
COP1	XPR1	2
ACBD6	RABGAP1L	2
ACBD6	IVNS1ABP	2
FMOD	POGK	2
CENPL	PRRC2C	2
FASLG	PRRC2C	2
BLZF1	MPC2	2
IFI16	MTR	2
AIM2	TBCE	2
DUSP12	NAV1	2
COLGALT2	NOS1AP	2
LRRC52	PBX1	2
ILDR2	PBX1	2
DCAF6	NOS1AP	2
ALDH9A1	ARHGEF11	2
NECTIN4	USP21	2
PPOX	UHMK1	2
HAPLN2	PRCC	2
ATP1A4	NCSTN	2
IQGAP3	SH2D2A	2
FCGR2A	SPTA1	2
ARHGEF11	ETV3	2
ATF3	DAP3	2
CCT3	SYT2	2
ASH1L	FAM78B	2
PBX1	RHBG	2
EFNA3	USP21	2
CD244	CLK2	2
ASH1L	GPATCH4	2
AIM2	ASH1L	2
LMNA	SYT11	2
ARHGEF2	SSR2	2
CD46	SETDB1	2
PPP1R12B	SNX27	2
PDE4DIP	RHEX	2
ACBD6	PBXIP1	2
GATAD2B	SLC9C2	2
MAEL	UBE2Q1	2
MPZL1	PDE4DIP	2
BCL9	UAP1	2
ARNT	METTL25B	2
HDGF	S100A10	2
GABPB2	OR10J1	2
APH1A	RGS4	2
DCST2	THEM4	2
GBA1	POGZ	2
DCST2	KCNN3	2
MLLT11	PIP5K1A	2
CKS1B	SHC1	2
BCL9	SMCP	2
BCL9	IVL	2
SLC2A5	TRIM11	2
IGSF21	OBSCN	2
KIRREL1	RBP7	2
GON4L	GPR157	2
ARID1A	THBS3	2
TAS1R1	ZBTB48	2
HSPG2	UBR4	2
GNB1	UBE2J2	2
AUNIP	SRRM1	2
GABRD	PRKCZ	2
IFNLR1	STPG1	2
GPR153	ICMT	2
CNKSR1	MAN1C1	2
ACOT7	TTC34	2
ACOT7	FUCA1	2
ARID1A	YTHDF2	2
RCC1	TRNAU1AP	2
HDAC1	KPNA6	2
BSDC1	YARS1	2
ADGRB2	SPOCD1	2
MDM4	STK40	2
CREB3L4	KDM4A	2
CREB3L4	HIVEP3	2
EPHB2	THRAP3	2
GRHL3	SLC2A1	2
RERE	ZSWIM5	2
PLEKHM2	ZSWIM5	2
MAST2	MMEL1	2
KAZN	ST3GAL3	2
ARID1A	MAST2	2
KIAA0319L	YTHDF2	2
KIAA0319L	PHC2	2
FOXJ3	ZNF362	2
UTP11	ZMYM4	2
MUTYH	THRAP3	2
PPT1	SCMH1	2
GPBP1L1	SCMH1	2
AGO3	SCMH1	2
RLF	SFPQ	2
HIVEP3	PTPRF	2
GUCA2A	PTPRF	2
MED8	SCMH1	2
HYI	KDM4A	2
COL9A2	HEYL	2
EIF2B3	HYI	2
ELAVL4	FOXJ3	2
CHI3L2	TRIT1	2
CMPK1	SH2D1B	2
MAD2L2	SPATA6	2
CYP4A11	RERE	2
CMPK1	MORN1	2
FAF1	HCRTR1	2
FAF1	MACF1	2
FOXJ3	ZFYVE9	2
C1ORF87	OSBPL9	2
NRDC	USP24	2
ACOT11	C8B	2
SMYD3	WLS	2
TYW3	XPR1	2
CACHD1	RNF2	2
CSMD2	IFI44L	2
MACF1	PATJ	2
HYI	NFIA	2
MOB3C	PDE4B	2
GLIS1	PATJ	2
DAB1	IL12RB2	2
FAF1	LRRC7	2
ALG6	CZIB	2
SGIP1	USP1	2
PIGK	ST6GALNAC3	2
CACHD1	PATJ	2
NFIA	ST6GALNAC3	2
AK5	NEXN	2
IL12RB2	PDE4B	2
FUBP1	SLC44A5	2
FUBP1	LRRC7	2
DOCK7	PATJ	2
DNAI4	LRRC40	2
HS2ST1	PRDX1	2
FYB2	LRRC8D	2
LPAR3	ST6GALNAC3	2
HFM1	TMED5	2
COL24A1	PKN2	2
MTF2	RPL5	2
GBP6	HS2ST1	2
GTF2B	KYAT3	2
DNTTIP2	GCLM	2
DDAH1	ZNHIT6	2
HHIPL2	SLC30A7	2
ALG14	MYSM1	2
ALG14	NRDC	2
IFI44L	SLC44A3	2
FNBP1L	TLCD4	2
CCDC18	RWDD3	2
ATF6	MAGI3	2
ARHGEF10L	CSDE1	2
AGBL4	PTGFRN	2
GPSM2	MTF2	2
DIPK1A	NTNG1	2
ALG14	CFAP276	2
ELAPOR1	SARS1	2
MAGI3	RAP1A	2
GSTM4	KCNC4	2
GNAI3	SARS1	2
CASQ2	GNAI3	2
AHCYL1	DENND2D	2
RABGAP1L	SPAG17	2
MAN1A2	VANGL1	2
MAN1A2	TTF2	2
MAGI3	NOTCH2	2
ATP1A1	NOTCH2	2
GDAP2	SPAG17	2
HSF2BP	ZNF345	2
MCOLN1	PCNT	2
DYRK1A	KDM4B	2
PSMA7	ZNF701	2
SLC9A8	ZFP28	2
MAP3K10	PCMTD2	2
IL4I1	KCNQ2	2
DKKL1	EEF1A2	2
ADNP	ZNF841	2
SRC	ZNF586	2
CELF5	ZMYND8	2
MRPL4	STAU1	2
ARID3A	PMEPA1	2
IRF3	ZNF814	2
PRRG2	ZNF671	2
CYP2A6	ZNF613	2
CAPN12	ZNF607	2
ZNF587	ZSCAN4	2
GRAMD1A	ZNF585A	2
CTU1	ZNF549	2
ZNF470	ZNF835	2
ELSPBP1	ZNF460	2
NLRP11	ZNF331	2
PRX	ZFP30	2
POLR2I	ZC3H4	2
GARRE1	WTIP	2
CYP2S1	VASP	2
NECTIN2	TOMM40	2
SIPA1L3	SUPT5H	2
C19ORF47	SPTBN4	2
ETHE1	SIPA1L3	2
MAP4K1	SCAF1	2
SAE1	ZBTB45	2
BLVRB	RHPN2	2
KASH5	PRRG2	2
FCGRT	PRRG2	2
CKM	PRKD2	2
AURKC	PPP6R1	2
PPP1R12C	ZNF460	2
PLD3	SIRT2	2
ACTN4	PLD3	2
PAK4	SPINT2	2
CATSPERG	PAK4	2
MEGF8	PRR19	2
LYPD5	MARK4	2
ACTN4	LSM14A	2
LRP3	THAP8	2
LENG8	SIPA1L3	2
KMT2B	ZBTB32	2
EML2	GYS1	2
ETFB	LIM2	2
EMC10	MBOAT7	2
CLPTM1	CYP2A7	2
CLASRP	RELB	2
CCDC61	FUT2	2
CCDC106	CD37	2
BCKDHA	CARD8	2
BAX	DHDH	2
AP2A1	DHDH	2
ZBTB45	ZFR2	2
VAV1	ZNF823	2
ELAVL1	ZNF699	2
RGL3	ZNF14	2
SHC2	TYK2	2
PRKACA	TPGS1	2
PTPRS	TICAM1	2
KDM4B	STK11	2
DNM2	SMARCA4	2
PLPP2	SLC39A3	2
CERS4	SIRT6	2
IRF4	SH3GL1	2
ANKRD24	SH3GL1	2
INSL3	SGTA	2
PIP5K1C	RANBP3	2
ECSIT	PNPLA6	2
LDLR	PKN1	2
PALM	PIP5K1C	2
C3	PIP5K1C	2
OCEL1	SMARCA4	2
MAP1S	NR2C2AP	2
NFIC	WDR18	2
NDUFA7	SH2D3A	2
NCAN	NR2F6	2
MKNK2	ZFR2	2
MARCHF2	PLVAP	2
LRRC8E	MFSD12	2
LDLR	TNPO2	2
KLHL26	KXD1	2
KDM4B	UBXN6	2
C19ORF44	KDM4B	2
C3	ILF3	2
HOOK2	NFIX	2
CERS4	HNRNPM	2
BRME1	HAUS8	2
GATAD2A	PRKACA	2
EVI5L	VAV1	2
BRD4	EPS15L1	2
ELL	SMIM7	2
ELL	INSR	2
DNMT1	ICAM3	2
DNASE2	TRMT1	2
CPAMD8	HAUS8	2
CHAF1A	YJU2	2
ARHGEF18	MYO9B	2
AP1M1	RAB8A	2
ADAMTS10	MLLT1	2
IGSF23	ZNF675	2
NLRP5	ZNF492	2
WIZ	ZNF431	2
AP1M1	ZNF93	2
CSNK1E	GNAL	2
RALGAPA2	RPRD1A	2
HM13	TMEM241	2
FERMT1	RBBP8	2
SERINC3	TWSG1	2
ATP9B	BCL3	2
DNM2	TGIF1	2
ADNP2	SLC66A2	2
NEDD4L	ZNF396	2
RPRD1A	SLC39A6	2
ELP2	MAPRE2	2
ELP2	GALNT1	2
SS18	TRAPPC8	2
LAMA3	PSMA8	2
CABLES1	RBBP8	2
ADNP2	L3MBTL4	2
CLUL1	MYO5B	2
KCTD1	PTPRM	2
GREB1L	NAPG	2
CEP192	GREB1L	2
RALBP1	TWSG1	2
DLGAP1	MTCL1	2
EPB41L3	LAMA1	2
DLGAP1	RAB31	2
CRYBA4	USP32	2
IL2RB	WIPF2	2
EME1	TMPRSS6	2
CEP112	EVA1C	2
ABCA10	BRWD1	2
CEP95	RBM11	2
GET1	NLK	2
DOP1B	FAM222B	2
AGPAT3	KSR1	2
PLCB4	TNRC6C	2
PIGU	PITPNC1	2
BCAS3	ZNF217	2
BCAS3	BCAS4	2
CHCT1	TOP1	2
CHD6	TANC2	2
RBM39	VMP1	2
BCAS3	PIGU	2
DLGAP4	TUBD1	2
BCAS3	NFS1	2
MMD	NOL4L	2
DOK5	STARD3	2
MYO18A	ZBTB46	2
FAM217B	SLC13A2	2
DIDO1	ERAL1	2
TASP1	ZNF18	2
CDRT4	FERMT1	2
DPM1	NCOR1	2
CDC42EP5	CYTH1	2
NFIX	TBCD	2
FOXK2	MADCAM1	2
ASPSCR1	COL5A3	2
CEP112	OLFM2	2
ELOF1	USP32	2
SMARCD2	STK11	2
CLTC	NIBAN3	2
AKAP8L	EFCAB3	2
AKAP8	VMP1	2
LGALS16	RARA	2
CASC3	ZNF254	2
CIMAP1D	MED1	2
KXD1	LIG3	2
MED29	MYO1D	2
SLC44A2	WRAP53	2
CAMKK1	MAP2K2	2
ABR	STAP2	2
MBD3	ULK2	2
DOCK6	ULK2	2
HDHD2	SNF8	2
B3GNTL1	ZNF750	2
SRP68	UNC13D	2
RNF213	UBE2O	2
MRPL58	TMEM94	2
DNAI2	TMEM104	2
TMC6	VCF1	2
JMJD6	ST6GALNAC2	2
HGS	SLC25A10	2
MRPL58	SLC16A5	2
CCDC57	SIRT7	2
JMJD6	SEPTIN9	2
MRPL58	SAP30BP	2
KCTD2	SAP30BP	2
RECQL5	SEC14L1	2
NOTUM	PYCR1	2
PRPSAP1	ST6GALNAC2	2
GGA3	JPT1	2
ITGB4	SLC16A5	2
ITGB4	NARF	2
ENDOV	SLC26A11	2
SEC14L1	TEX2	2
ABCA8	RAC3	2
PRKCA	ST6GALNAC2	2
HELZ	TTYH2	2
FOXK2	PITPNC1	2
ABCA5	FOXK2	2
PITPNC1	PSMD12	2
PRKCA	RGS9	2
BPTF	RGS9	2
ARSG	BPTF	2
ARSG	CEP112	2
HELZ	TAF15	2
BPTF	PLXDC1	2
ARSG	CDK12	2
CDC42EP4	VMP1	2
UBE2O	USP32	2
PGS1	USP32	2
APPBP2	TNRC6C	2
TEX2	TTYH2	2
SEPTIN9	TANC2	2
RNF213	RPS6KB1	2
CYTH1	MRC2	2
CLTC	OTOP3	2
BCAS3	CYTH1	2
APPBP2	DNAH17	2
KCNJ2	MED13	2
ABCA9	MED13	2
AXIN2	INTS2	2
CYB561	GNA13	2
BCAS3	WIPI1	2
ABCA8	BCAS3	2
ARSG	TEX2	2
ABCA5	BCAS3	2
MARCHF10	VMP1	2
MAP3K3	USP32	2
DHX40	USP32	2
HEATR6	TUBD1	2
STRADA	TANC2	2
EFCAB3	TANC2	2
RPS6KB1	TEX2	2
EFCAB3	RPS6KB1	2
MED13	TEX2	2
CHCT1	HEATR6	2
FTSJ3	SCN4A	2
DDX42	RPS6KB1	2
DCAF7	DDX42	2
CYB561	USP32	2
BCAS3	HEATR6	2
BCAS3	GH2	2
BCAS3	BRIP1	2
APPBP2	BCAS3	2
ACSF2	TEX2	2
FAM222B	TANC2	2
SEPTIN4	WDR45B	2
ANKFN1	RPTOR	2
CA10	LLGL2	2
PSMD12	SUPT4H1	2
CEP112	SUPT4H1	2
HSF5	NOL11	2
RAD51C	USP32	2
PCTP	USP32	2
TRIM37	VMP1	2
TRIM37	TUBD1	2
GDPD1	TEX2	2
ANKFN1	TANC2	2
PTRH2	STXBP4	2
PPM1E	VMP1	2
PPM1D	TRIM37	2
MSI2	TEX2	2
DHX40	MSI2	2
BRIP1	CUEDC1	2
PCTP	TRIM37	2
C17ORF67	TRIM37	2
SEPTIN4	SUPT4H1	2
MSI2	RAD51C	2
MRPS23	VEZF1	2
CUEDC1	MRPS23	2
DYNLL2	SEPTIN4	2
MSI2	TOB1	2
GPATCH8	NPLOC4	2
FOXK2	SKAP1	2
ENDOV	IKZF3	2
CANT1	PSMD3	2
NGFR	SMURF2	2
IKZF3	SMURF2	2
IGF2BP1	PRKCA	2
MBTD1	PITPNC1	2
CEP112	MED24	2
AXIN2	KAT7	2
BPTF	FAM117A	2
ABCC3	BPTF	2
PHB1	TANC2	2
BRIP1	SPAG9	2
BCAS3	SKAP1	2
DDX42	SAMD14	2
CEP95	MED24	2
MAPT	MARCHF10	2
BCAS3	IKZF3	2
CDC27	USP32	2
BCAS3	KAT7	2
BCAS3	CASC3	2
UBE2Z	YPEL2	2
SKAP1	YPEL2	2
SKAP1	TMEM100	2
CA10	RARA	2
CALCOCO2	PCTP	2
MKS1	SPAG9	2
CDK5RAP3	RNF43	2
ATP6V0A1	MSI2	2
UBE2Z	ZNF652	2
UBE2Z	UTP18	2
B4GALNT2	THRA	2
SPOP	TAC4	2
RARA	SPOP	2
SKAP1	SPAG9	2
FAM117A	SPAG9	2
IGFBP4	SLC35B1	2
IKZF3	SKAP1	2
RARA	SKAP1	2
PSMD3	RARA	2
MSL1	RARA	2
NPEPPS	PNPO	2
ORMDL3	ZPBP2	2
MPP2	PPY	2
IKZF3	LUC7L3	2
LRRC59	SPAG9	2
B4GALNT2	LRRC59	2
KPNB1	SKAP1	2
KANSL1	ORMDL3	2
GAST	HAP1	2
EZH1	TOP2A	2
EFCAB13	MYL4	2
DCAKD	PLCD3	2
ATXN7L3	FAM171A2	2
ACLY	DNAJC7	2
MRPL45	UBE2Z	2
PCYT2	SRCIN1	2
BAIAP2	NLE1	2
CDC42EP4	NEUROD2	2
FAM20A	STARD3	2
FBXL20	PITPNC1	2
CWC25	PRKAR1A	2
CDK12	FAM20A	2
BPTF	PIP4K2B	2
CDK12	TUBD1	2
STARD3	STRADA	2
PGAP3	PPM1D	2
ACE	MLLT6	2
FBXL20	TLK2	2
CACNB1	TANC2	2
MED1	STXBP4	2
CDK12	PPM1E	2
AKAP1	CDK12	2
ARHGAP23	TEX14	2
SYNRG	TOB1	2
GPATCH8	TMEM132E	2
TADA2A	THRA	2
MED24	TADA2A	2
CCR7	SYNRG	2
ARL5C	SPOP	2
NR1D1	RFFL	2
PGAP3	RARA	2
MED24	PIP4K2B	2
CDK12	PDK2	2
ABCC3	MED1	2
FBXL20	MSL1	2
DUSP14	EME1	2
DDX52	PSMD3	2
CWC25	SLC35B1	2
CWC25	MED24	2
CASC3	MED1	2
CACNB1	CDC6	2
SPMAP1	STARD3	2
CCL11	RPL19	2
PIP4K2B	TMEM132E	2
FBXL20	PIP4K2B	2
IKZF3	MED1	2
ARHGAP23	MED1	2
ARHGAP23	LASP1	2
FBXL20	SOCS7	2
FBXL20	MIEN1	2
ARL5C	ERBB2	2
CWC25	FBXO47	2
ACACA	STAC2	2
ACACA	ASIC2	2
NLK	RFFL	2
RPTOR	SDF2	2
FOXK2	MYO18A	2
CBX4	EFCAB5	2
MAP2K6	SDF2	2
CEP112	PSMD11	2
CRYBA1	PRKCA	2
SSH2	TANC2	2
GOSR1	TANC2	2
BRIP1	POLDIP2	2
BCAS3	NLK	2
CLTC	NF1	2
MYO1D	TEX2	2
CPD	TBX2	2
SDF2	YPEL2	2
MSI2	SDF2	2
PPM1E	SPAG5	2
EFCAB5	MSI2	2
KSR1	MKS1	2
LRRC37B	RAD51C	2
KSR1	MSI2	2
BLTP2	TEX14	2
SEZ6	WIPF2	2
PSMD11	WIPF2	2
SPOP	TAOK1	2
NSRP1	SKAP1	2
CACNA1G	NF1	2
MED24	SSH2	2
FAM222B	GIP	2
CPD	SKAP1	2
CBX1	SSH2	2
CCL2	TAOK1	2
NLK	TADA2A	2
MYO1D	TADA2A	2
CDK12	PSMD11	2
PIP4K2B	SLC6A4	2
DUSP14	NLK	2
ACACA	NF1	2
MED1	RHBDL3	2
DDX52	TMIGD1	2
FLOT2	TAOK1	2
FAM222B	TAOK1	2
SUPT6H	UTP6	2
FAM222B	SPAG5	2
ANKRD13B	NSRP1	2
ATAD5	NF1	2
MYO1D	TMIGD1	2
SCIMP	ZNF594	2
MYH2	VPS53	2
SPNS3	UBE2G1	2
SLC43A2	SMG6	2
ATP2A3	SHPK	2
KDM6B	TMEM95	2
CXCL16	TEKT1	2
AURKB	MYH10	2
ABR	CLUH	2
CD79B	MAP2K4	2
ARHGAP44	DNAH2	2
SLC39A11	USP22	2
FDXR	GID4	2
EXOC7	USP22	2
HEATR6	TOP3A	2
IGF2BP1	RAI1	2
B4GALNT2	PEMT	2
MYO19	USP22	2
ACACA	NCOR1	2
SPACA3	USP22	2
SLC47A1	SPAG5	2
MYH10	USP22	2
TEKT1	TOP3A	2
PIGL	RNF167	2
RAI1	SPNS2	2
TOM1L2	TTC19	2
PIGL	TBC1D26	2
FAM83G	TTC19	2
COPS3	TEKT3	2
TOM1L2	ULK2	2
DRC3	SREBF1	2
NCOR1	ZNF287	2
MYO15A	TOP3A	2
LRRC75A	PEMT	2
DRG2	ZNF624	2
KLHL22	RPGRIP1L	2
NUBP1	UMODL1	2
BCAS4	ZNRF1	2
FAM83D	SF3B3	2
BICDL2	SLC9A8	2
AXIN1	ITCH	2
DBNDD1	TPGS1	2
ACTN4	FTO	2
LPCAT2	ZNF77	2
CACTIN	LPCAT2	2
FSTL3	MRTFB	2
CABLES1	FTO	2
GSE1	METTL23	2
CDH8	PRKCA	2
ABCC11	SKAP1	2
CEP112	OTOA	2
KIF22	PGS1	2
DPEP1	SPATA33	2
KIFC3	USP10	2
GSE1	HSD17B2	2
CDYL2	CMIP	2
COG4	GLG1	2
COG4	TERF2	2
AARS1	ST3GAL2	2
CHD9	SPG7	2
NOD2	ZNF423	2
PHKB	TOX3	2
ITFG1	TOX3	2
ORC6	VPS35	2
CACNA1H	UBE2I	2
RMI2	TEKT5	2
MEIOB	SPSB3	2
LMF1	PDXDC1	2
CCNF	PDPK1	2
CACNA1H	MRTFB	2
CREBBP	ZNF500	2
CREBBP	NUBP1	2
CLEC16A	GRIN2A	2
AXIN1	IFT140	2
AXIN1	FAM234A	2
ADCY9	SRL	2
KATNIP	NECAB2	2
PSME3IP1	VPS35L	2
POLR3E	RMI2	2
PMM2	UBFD1	2
C16ORF96	GPRC5B	2
CIAO3	RBBP6	2
ABAT	VPS35L	2
DNAH3	LDAF1	2
EEF2K	UQCRC2	2
AMFR	ITGAM	2
PLK1	RNF40	2
GSG1L	PRR14	2
HS3ST4	NFATC2IP	2
BCL7C	OTOA	2
KIF22	MVP	2
BCL7C	CTF1	2
ANXA2	RNF114	2
BPIFB4	SNAPC5	2
BPIFB1	SNAPC5	2
OLFM2	TBC1D21	2
ADAM10	FIZ1	2
ADGRL1	GCOM1	2
NEDD4L	TLN2	2
MSI2	NR2F2	2
SCAPER	TNRC6C	2
PDCD7	TAF15	2
TMEM104	TRPM7	2
INO80	PRKCA	2
ACACA	CYFIP1	2
CDH11	PRC1	2
EDC3	SNX29	2
CRAMP1	MYO9A	2
SLC12A1	TRADD	2
ADAMTS17	LRRK1	2
IGF1R	WDR93	2
ABHD2	ACAN	2
ADPGK	IGF1R	2
CHD2	HOMER2	2
BTBD1	MESP1	2
BBS4	TTC23	2
AGBL1	PTPN9	2
NRG4	UBE2Q2	2
CIMAP1C	UBE2Q2	2
NEO1	SIN3A	2
CSPG4	SIN3A	2
PPCDC	SCAMP2	2
FBXO22	SNX33	2
ETFA	STRA6	2
ADAMTSL3	MAP2K5	2
GLCE	SPESP1	2
GLCE	NOX5	2
DPP8	TICRR	2
ARNT2	RORA	2
CD276	PARP16	2
SENP8	SMAD3	2
SLTM	UACA	2
PCLAF	TRIP4	2
ALDH1A2	THSD4	2
RNF111	ZNF280D	2
SLC27A2	USP8	2
RAB27A	SQOR	2
NEDD4	RAB27A	2
NEDD4	RFX7	2
GABPB1	GALK2	2
DTWD1	FAM227B	2
MYO5A	OIP5	2
PDIA3	WDR76	2
FRMD5	PPIP5K1	2
GOLM2	TGM5	2
CDIN1	LYSMD4	2
MEIS2	MYO5A	2
ATP8B4	DPH6	2
EHD4	FSIP1	2
FAM98B	RASGRP1	2
APBA2	GABRB3	2
CYP19A1	UBE3A	2
MARK3	SMARCB1	2
LARGE1	SNW1	2
CHD6	EFCAB11	2
PCMTD2	SNX6	2
PPP2R5C	SCN1B	2
HPN	PPP2R5C	2
MYO9B	PNN	2
PSMA6	VMP1	2
BMERB1	POMT2	2
CYP46A1	TRIP11	2
RCOR1	TRAF3	2
C14ORF132	RPS6KA5	2
CCDC88C	PPP1R13B	2
ASB2	EFCAB11	2
CLMN	EVL	2
CDC42BPB	UNC79	2
BRF1	FOXN3	2
TSHR	TTLL5	2
RAD51B	SUSD6	2
RAD51B	SLC39A9	2
NPC2	RAD51B	2
ACOT1	MIDEAS	2
BBOF1	LIN52	2
JDP2	VRTN	2
BBOF1	RGS6	2
PALS1	RDH11	2
PALS1	RAD51B	2
RTN1	SYNE2	2
MNAT1	PCNX4	2
FBXO34	PPP4R3A	2
GPR137C	TXNDC16	2
ERO1A	FERMT2	2
LRR1	MTHFD1	2
KCNH5	LRR1	2
NIN	TOGARAM1	2
CDKL1	NEMF	2
DLGAP5	L2HGDH	2
MARK3	SLC25A21	2
PRORP	SYNE2	2
MIPOL1	SYNE2	2
NFKBIA	PPP2R3C	2
HECTD1	PRPF39	2
NUBPL	SCFD1	2
RBM23	SLC7A8	2
CHD8	RAB2B	2
UBL3	ZNF552	2
UBL3	ZNF211	2
EEF1AKMT1	RANBP3	2
KATNAL2	TMCO3	2
DIAPH3	RPS6KB1	2
CRISPLD2	UBL3	2
MYO16	TRAF3	2
ERH	SETDB2	2
CUL4A	F7	2
FGF14	TMTC4	2
DZIP1	PCCA	2
MYCBP2	OBI1	2
COMMD6	TBC1D4	2
LHFPL6	TDRD3	2
RB1	VWA8	2
FNDC3A	RB1	2
GTF2F2	NBEA	2
DCLK1	SERPINE3	2
DCLK1	RCBTB1	2
MTMR6	ZMYM2	2
PAN3	UBL3	2
ATP8A2	MICU2	2
KATNAL1	WASF3	2
IFT88	WASF3	2
B3GLCT	MTUS2	2
BIK	TBX3	2
ANKLE2	SNU13	2
PWP2	SFSWAP	2
ARID2	TMPRSS2	2
CDH4	ZFC3H1	2
OSBPL8	TSHZ2	2
LAMA5	MYRFL	2
CDH4	USP15	2
B4GALNT3	SLCO4A1	2
PZP	TOP1	2
CACNA2D4	UQCC1	2
TRHDE	ZNF257	2
CACNA2D4	ZNF274	2
LRIG3	ROCK1	2
RAB12	TAFA2	2
LRRC59	NUP107	2
CAND1	TRARG1	2
ATF7	GGA3	2
R3HDM2	SUPT6H	2
LMNTD1	MED1	2
ATXN2	C16ORF87	2
SHISA9	ZFC3H1	2
ABCC1	MDM1	2
CNOT1	RASSF8	2
INO80	TMBIM4	2
SLC39A9	USP15	2
ARHGAP5	TBK1	2
DCAF5	RAB5B	2
FAM177A1	IQSEC3	2
ATF7	STK24	2
GPC6	PLEKHA5	2
CUX2	SH2B3	2
PUS1	SFSWAP	2
OAS3	RPH3A	2
NAA25	TBX5	2
MED13L	TRAFD1	2
HECTD4	SRRM4	2
ATXN2	GIT2	2
ABCB9	EIF2B1	2
TXNRD1	USP30	2
GNPTAB	MAPKAPK5	2
C12ORF42	CORO1C	2
ANKS1B	CORO1C	2
RFX4	TMEM263	2
STAB2	TDG	2
GARIN6	SCYL2	2
RFX4	RIC8B	2
AMDHD1	ELK3	2
BLTP3B	DEPDC4	2
FGD6	NUP37	2
EEA1	PAH	2
ANKS1B	NDUFA12	2
CEP83	LIN7A	2
CHFR	OSBPL8	2
ATXN2	CCDC59	2
PPFIA2	TMTC2	2
ACSS3	SYT1	2
MGAT4C	PPP1R12A	2
LIN7A	TRHDE	2
ATP2B1	KCNC2	2
GLIPR1L1	RAP1B	2
MDM1	RAB21	2
PAWR	PTPRR	2
OSBPL8	RAB3IP	2
FRS2	TSPAN8	2
FRS2	OSBPL8	2
CPSF6	OSBPL8	2
CPSF6	MDM1	2
CNOT2	SRGAP1	2
GRIP1	THAP2	2
PPM1H	SLC6A15	2
KCNMB4	TAFA2	2
LEMD3	LYZ	2
GRIP1	TMBIM4	2
RXYLT1	SRGAP1	2
PPM1H	TAFA2	2
C12ORF56	PPM1H	2
LEMD3	XPOT	2
MON2	PIP4K2C	2
RILPL1	SARNP	2
LRIG3	PIP4K2C	2
ACVR1B	TNS2	2
CSAD	ITGB7	2
CS	PRIM1	2
ATF7	SPATS2	2
SYT1	YAF2	2
ATF7	NELL2	2
HDAC7	IRAK4	2
ARID2	ZNF641	2
TMEM117	ZCRB1	2
CHD4	DTX1	2
NINJ2	PAH	2
CLEC2A	PAWR	2
PIP4K2C	WNK1	2
PRMT8	WNK1	2
PRR4	TSPAN9	2
CACNA1C	TSPAN9	2
GPR19	LRP6	2
ANO2	KDM5A	2
EMP1	ETV6	2
CHD4	CLEC9A	2
CACNA1C	WNT5B	2
CNOT2	PDE3A	2
ANO6	IAPP	2
ERC1	PIK3C2G	2
DERA	LRP6	2
LMNTD1	ST8SIA1	2
C2CD5	PLCZ1	2
ABCC9	RASSF8	2
NAP1L1	STK38L	2
FGD4	PRICKLE1	2
ETV6	ITPR2	2
ANO2	ITPR2	2
PIK3C2G	PPFIBP1	2
CCDC91	ETFRF1	2
C2CD5	ITPR2	2
BCAT1	ITPR2	2
DNM1L	PKP2	2
AMN1	CAPRIN2	2
BMAL2	ITPR2	2
DLG2	PLXNB2	2
ARHGEF17	EP300	2
MOV10L1	NAV2	2
ARHGAP32	YWHAB	2
ARHGAP32	RAB5IF	2
TSHZ2	USP35	2
GAB2	SULF2	2
NARS2	TOP1	2
CPT1A	KCNG1	2
CLPB	PTPN1	2
ITPA	SLC22A24	2
FITM2	STIM1	2
HIPK3	KIF16B	2
PAK1	SPINT2	2
ARHGEF18	PAK1	2
AAMDC	ARHGEF18	2
MARK4	THAP12	2
LRP5	ZNF507	2
KMT5B	SUPT5H	2
LRTOMT	NFIC	2
TRIM21	ZNF345	2
CCDC102B	DTX4	2
GAREM1	GTF2H1	2
CCDC178	PHF21A	2
KIRREL3	MLLT6	2
KANSL1	LAYN	2
PPP1R1B	SIK3	2
DBF4B	DYNC2H1	2
ALG8	USP32	2
PAK1	YPEL2	2
PHF12	RSF1	2
NCOR1	RSF1	2
BAIAP2	GRK2	2
GPR137	USP32	2
PAAF1	RNFT1	2
CCND1	PPM1D	2
KDM2A	MAP3K3	2
HEATR6	PPME1	2
ANKFN1	ARRB1	2
RARA	TPCN2	2
CALCOCO2	RNF169	2
MBTD1	MYO7A	2
GDPD4	TADA2A	2
STARD3	UVRAG	2
PIP4K2B	SHANK2	2
CORO1B	ERBB2	2
CACNB1	EMSY	2
PPP6R3	SSH2	2
ABHD15	ANO1	2
ATP2A3	FGF3	2
NEU3	PEMT	2
ACER3	NCOR1	2
ALKBH5	LRP5	2
HEATR6	WEE1	2
ART1	DDX5	2
GALNT18	PPP1R1B	2
MYO18A	SERGEF	2
PRRG4	RAPGEFL1	2
FBXO3	NCOR1	2
CKAP5	VMP1	2
MAP4K2	NETO2	2
ADGRG5	OSBPL5	2
GRK2	IQGAP1	2
ATG16L2	ZWILCH	2
DENND5A	PGPEP1L	2
LRRC4C	RASGRP1	2
CTTN	PSME2	2
ACER3	NRL	2
CYB5R2	SIX1	2
ABTB2	ATXN3	2
CYSLTR2	RNF121	2
CLPB	MTUS2	2
B3GLCT	STK33	2
GAB2	SRGAP1	2
TSPAN8	WNT11	2
ARRB1	RASSF3	2
MRPL11	ST8SIA1	2
NUP98	TMEM117	2
BARX2	TMEM45B	2
DDX6	SORL1	2
ARHGEF12	SIK3	2
CNTN5	TMEM123	2
ARHGAP42	PGR	2
CUL5	SHANK2	2
CNTN5	MAML2	2
CLMP	TMEM135	2
CHEK1	TMEM135	2
NFRKB	NOX4	2
DIXDC1	GAB2	2
CWF19L2	PAK1	2
KCTD14	THRSP	2
SYTL2	TMEM135	2
PAK1	PRSS23	2
KCTD14	PAK1	2
GAB2	THRSP	2
PAK1	SHANK2	2
CHKA	GAB2	2
OPCML	SHANK2	2
KIRREL3	UVRAG	2
ARHGAP32	PPFIA1	2
ARHGAP32	FCHSD2	2
GUCY1A2	XRRA1	2
INTS4	UVRAG	2
ALDH3B2	TMEM135	2
RBM4	TENM4	2
NARS2	PPME1	2
KDM2A	PCF11	2
PC	THRSP	2
MYO7A	PAK1	2
LRP5	NOX4	2
DLG2	LRP5	2
INTS4	POLD3	2
EMSY	INTS4	2
FZD4	LAMTOR1	2
DPF2	TRIM49C	2
C2CD3	TENM4	2
ARRB1	PICALM	2
ANKRD42	RHOD	2
ALDH3B2	TENM4	2
C2CD3	ZDHHC24	2
FAM168A	XRRA1	2
OTUB1	UVRAG	2
EMSY	UVRAG	2
DGAT2	UVRAG	2
BBS1	TOP6BL	2
ANO1	THAP12	2
SART1	TESMIN	2
CPT1A	TESMIN	2
SYT12	TOP6BL	2
KDM2A	SSH3	2
RBM4B	SHANK2	2
NUMA1	SHANK2	2
FCHSD2	SHANK2	2
PAAF1	RPS6KB2	2
RPS3	TSKU	2
ANAPC15	RNF169	2
RNF121	SF1	2
ANO1	RNF121	2
RAB6A	SHANK2	2
PPP6R3	SPTBN2	2
POLD3	PPP6R3	2
FADD	PPP6R3	2
KDM2A	PPP2R5B	2
PPFIA1	RHOD	2
MARK2	PPFIA1	2
LRP5	PPFIA1	2
C11ORF24	PPFIA1	2
ALDH3B2	PPFIA1	2
POLA2	PPFIA1	2
PACS1	PLEKHB1	2
BAD	PLCB3	2
CABP2	PITPNM1	2
PGM2L1	UVRAG	2
PGM2L1	PPME1	2
PC	PPP6R3	2
PACS1	ZDHHC24	2
NUMA1	PPP2R5B	2
NDUFV1	NEU3	2
NADSYN1	SHANK2	2
MRPL21	SSH3	2
FAM168A	MARK2	2
MACROD1	TRPT1	2
MACROD1	PITPNM1	2
LRP5	MOGAT2	2
DRAP1	LRP5	2
KDM2A	PPP6R3	2
GRK2	POLD4	2
FCHSD2	RNF169	2
FCHSD2	PLEKHB1	2
CPT1A	FCHSD2	2
DNAJB13	FAM168A	2
EMSY	SHANK2	2
EMSY	LRP5	2
DPP3	PACS1	2
CLPB	STARD10	2
CLPB	SHANK2	2
C2CD3	CLPB	2
CHKA	XRRA1	2
CHKA	PC	2
C2CD3	RNF169	2
ARAP1	MOGAT2	2
FADS2	RNF121	2
MS4A5	PPFIA1	2
CPT1A	MS4A18	2
ELP4	SHANK2	2
AHNAK	ARHGAP32	2
NOX4	ZFP91	2
CHRM1	SYTL2	2
TMX2	TOP6BL	2
PATL1	SHANK2	2
RIN1	SDHAF2	2
MAJIN	SDHAF2	2
RNF121	VPS37C	2
GAL	OSBP	2
ATG2A	MS4A7	2
DTX4	MRPL48	2
INTS5	SYT12	2
AHNAK	RPS6KA4	2
SLC3A2	VPS37C	2
BSCL2	UBXN1	2
BSCL2	TUT1	2
TAF6L	TMEM109	2
GLYATL1	TAF6L	2
NXF1	SLC3A2	2
DDB1	PRPF19	2
HNRNPUL2	TTC9C	2
AHNAK	HNRNPUL2	2
FAM111B	MS4A5	2
DAGLA	SAXO4	2
CDHR5	MTA2	2
STIM1	YAP1	2
PCF11	SPON1	2
CCDC83	NELL1	2
NUMA1	PTH	2
ANO1	CYP2R1	2
GALNT18	SOX6	2
PGAP2	SBF2	2
RNH1	SCT	2
NUP98	RHOG	2
PLEKHA7	SMPD1	2
OSBPL5	RHOG	2
KCNQ1	TSPAN32	2
DENND5A	IFITM10	2
GTF2H1	HPS5	2
DENND5A	SBF2	2
CD151	CRACR2B	2
ANO9	DEAF1	2
HIPK3	TESMIN	2
FBXO3	KDM2A	2
SYT9	TCP11L1	2
HIPK3	TOLLIP	2
GAS2	QSER1	2
PRR5L	TRIM44	2
EIF3M	PDHX	2
CAT	PDHX	2
CD59	FBXO3	2
CAPRIN1	COMMD9	2
CSTPP1	PPME1	2
NAV2	PACSIN3	2
ALX4	STK33	2
CELF1	LUZP2	2
ATG13	TSPAN18	2
ARFGAP2	CELF1	2
ARHGAP19	DRG1	2
CDPF1	ZMIZ1	2
ANK3	KIAA0930	2
ARHGAP21	ASPHD2	2
ARHGAP12	DESI1	2
HPS4	KIF5B	2
PFKL	ZDHHC16	2
LRMDA	SON	2
ANK3	TMPRSS15	2
FAM53B	SGK2	2
GDAP1L1	VPS26A	2
FAM187B	PLEKHA1	2
LGI4	MGMT	2
BLNK	ZNF536	2
BRME1	CUTC	2
ACTA2	UHRF1	2
CREB3L3	TMEM254	2
MCU	NFIX	2
KCNMA1	RFX2	2
PCDH15	ZNF83	2
CTIF	ZDHHC6	2
ANKRD12	LRMDA	2
LRRC27	RPAIN	2
ERBB2	SLC29A3	2
ANK3	SP2	2
AKAP10	CCNY	2
MCMBP	ZNF23	2
ATE1	SLTM	2
MGMT	ZSCAN29	2
GRID1	PGPEP1L	2
ADK	TTC23	2
MICU1	TSPAN3	2
CAMK2G	SPG11	2
ADAM10	PLAC9	2
SUPV3L1	UBR1	2
CTNNA3	LRRC74A	2
DIP2C	YY1	2
PPP2R5C	UPF2	2
EPC1	PTGR2	2
FANK1	WBP4	2
COG6	MAPK8	2
GPR158	MYO16	2
FRS2	NRG3	2
CPM	KCNMA1	2
BORCS5	CTNNA3	2
HSPA14	MRPS35	2
DLG2	INPP5A	2
RPS6KB2	VSIR	2
LGALS12	PLAC9	2
ANXA7	LGALS12	2
APIP	FAM241B	2
BMS1	PLEKHA7	2
ADARB2	NUMA1	2
CAMK1D	PHF21A	2
CAMK1D	TSPAN18	2
CLPB	ODAD2	2
CUZD1	TIAL1	2
MTG1	ZNF511	2
DOCK1	PLPP4	2
CACUL1	EIF3A	2
ATE1	ZRANB1	2
FAM24B	SHTN1	2
ADD3	XPNPEP1	2
C10ORF120	NT5C2	2
SLIT1	TM9SF3	2
CRTAC1	RRP12	2
BLNK	PIK3AP1	2
GRID1	SEC31B	2
GLRX3	HECTD2	2
MORN4	TBC1D12	2
MINPP1	PAPSS2	2
HECTD2	PCGF5	2
FAM149B1	INPP5A	2
GLRX3	LRMDA	2
CCDC172	KAT6B	2
SFTPD	TSPAN14	2
CYP2C19	LRMDA	2
TSPAN15	VPS26A	2
SAMD8	TSPAN15	2
ECD	KCNMA1	2
FAM149B1	KCNMA1	2
LRMDA	RUFY2	2
CTNNA3	DNAJB12	2
DOCK1	PCDH15	2
CTNNA3	MGMT	2
ABLIM1	ARID5B	2
CYP26A1	NRBF2	2
ADK	SLC16A9	2
PPIF	REEP3	2
DUSP13B	PCDH15	2
DNAJB12	SLC25A16	2
DLG5	PCDH15	2
ADK	LRRTM3	2
HERC4	RUFY2	2
CCDC6	UBE2D1	2
ANK3	CDK1	2
ATAD1	HNRNPF	2
ARHGAP22	MICU1	2
KCNMA1	MSMB	2
ANK3	WDFY4	2
FXYD4	ZNF487	2
NCOA4	OR13A1	2
NET1	TASOR2	2
PFKFB3	TASOR2	2
GATA3	TAF3	2
CCDC3	USP6NL	2
CAMK1D	MINDY3	2
NEBL	TMEM26	2
DCLRE1C	DNAJC1	2
PLXDC2	ST8SIA6	2
NEBL	SKIDA1	2
DNAJC1	NEBL	2
MALRD1	MSRB2	2
NRP1	VSTM4	2
TMLHE	VBP1	2
ARL13A	TRMT2B	2
APOO	REPS2	2
FUNDC1	KDM6A	2
JADE3	SSX2	2
CCNQ	KIF1B	2
GPR107	NCS1	2
RAB14	SETX	2
NR5A1	NR6A1	2
ATOSB	VCP	2
LRSAM1	MYO1F	2
GLIS3	INTS2	2
GLIPR2	TBCD	2
CTU2	QSOX2	2
EXD3	YPEL3	2
CPA2	CREB3L2	2
CEP41	VPS41	2
BLK	PKIB	2
AARS2	EIF4H	2
NT5DC1	SLC35F1	2
AFG1L	FOXO3	2
CFAP206	UBE2J1	2
MYLIP	OR5V1	2
PXT1	UBR2	2
AARS2	SPATS1	2
FBXO9	NFKBIE	2
BSCL2	MSH5	2
BNIP3L	CDH12	2
DNAJC21	SGCZ	2
DBN1	UIMC1	2
PJA2	UIMC1	2
CCNG1	SLCO6A1	2
DCP2	IL17B	2
APC	REEP2	2
EFNA5	NSD1	2
GPBP1	TENT2	2
MEF2C	TNPO1	2
CWC27	PLPP1	2
ADGRV1	CLPTM1L	2
ARSB	DAB2	2
CERT1	DAB2	2
CLPTM1L	PRLR	2
CDH12	PRLR	2
CPLANE1	SPEF2	2
MLLT1	PRLR	2
CCDC47	TERT	2
SCARB2	SGMS1	2
MSH5	SENP2	2
PCYT1A	ZDHHC19	2
ATG7	TBL1XR1	2
UROC1	ZXDC	2
BRK1	FANCD2	2
TAFA4	TMF1	2
LMOD3	TAFA4	2
CHCT1	ZBTB38	2
CIDEC	PLBD2	2
PCYT1A	TAF6L	2
ARMC9	LAPTM4B	2
CLK1	NAPRT	2
ATOH8	TMEM248	2
ASXL2	PPWD1	2
INHA	STK11IP	2
HSPD1	PGAP1	2
ASB3	MTA3	2
ARMC9	BLVRB	2
CIB4	TXNDC11	2
PACSIN2	RRP7A	2
CABIN1	HPS4	2
COMT	YPEL1	2
ASIP	B4GALT5	2
PHF20	SPAG4	2
FLAD1	GTF2I	2
AJAP1	CYTH3	2
MMACHC	TTC23L	2
GSE1	MICOS10	2
GNB1	TSC2	2
NRG4	SCNN1D	2
DENND4B	PEBP1	2
CTNNBIP1	SIK3	2
CA6	SCMH1	2
PLCB1	WTIP	2
MEF2B	RPRD1B	2
BLVRB	PRX	2
BCAM	PPP1R37	2
CLIP3	HNRNPUL1	2
SBNO2	TULP2	2
PLVAP	RAB8A	2
MBD3	PALM	2
LDLR	YJU2B	2
FKBP8	HAUS8	2
TRAPPC8	ZNF616	2
AHCY	WRAP53	2
ASPSCR1	HGS	2
CEP112	TLK2	2
CACNA1G	RECQL5	2
NFE2L1	NPEPPS	2
C1QL1	KIF18B	2
GJC1	SKAP1	2
ARHGAP23	RPL23	2
CHD3	RAD51C	2
NFIC	SPATA33	2
DPEP2	SLC12A4	2
KCTD5	TSC2	2
MGA	NUSAP1	2
ITPKA	NUSAP1	2
ESRRB	FHOD3	2
PPP2R5C	PRKD1	2
GTF2A1	POMT2	2
BATF	FLVCR2	2
BRMS1L	ZNF839	2
METAP2	PAH	2
NTN4	PAH	2
FRS2	NTN4	2
IKZF4	TAFA2	2
SPATS2	TSPAN8	2
ANKRD52	DYRK2	2
DAZAP2	RASSF3	2
PYM1	SLC16A7	2
FGD4	SLCO1A2	2
CCDC117	TNNI2	2
COX8A	SCAMP4	2
PIK3R2	TSPAN18	2
FN3KRP	KCNQ1	2
CDIN1	VPS26B	2
BBS1	RBM14	2
CAPRIN1	CD151	2
MADD	POU2AF1	2
AMBRA1	LRP4	2
BAMBI	TXNDC11	2
GBF1	NOLC1	2
AS3MT	SUFU	2
BTRC	MICU1	2
GPHN	KMT2A	2
BCOR	RARA	2
GTF2I	RARA	2
RARA	TNRC18	2
NPM1	RARA	2
NPM1	RARG	2
RARB	TBL1XR1	2
RARA	TBL1XR1	2
IRF2BP2	RARA	2
CDC6	PML	2
HNRNPC	RARA	2
NUP98	RARA	2
PRPF19	RARG	2
NUP98	TNRC18	2
FGFR1	SQSTM1	2
GMPS	KMT2A	2
CFLAR	CTDSP1	2
HOXD11	NUP98	2
CA7	USP22	2
KMT2A	PRPF19	2
KMT2A	LAMC3	2
PLAG1	RUNX1	2
FGFR1	FGFR1OP2	2
NSD3	NUP98	2
ACTR3B	KMT2C	2
MAD1L1	TTYH3	2
ETV6	LMBR1	2
CASP8AP2	KMT2A	2
KMT2A	SMAP1	2
PDGFRB	TRIP11	2
JADE2	NUP98	2
MAEA	UVSSA	2
RASGRF1	TMEM154	2
KMT2A	SORBS2	2
KMT2A	PDS5A	2
FNDC3B	MECOM	2
CIP2A	KMT2A	2
BMP2K	HOXD10	2
BCL11B	ZEB2	2
ABI2	KMT2A	2
IL2RB	MYH9	2
DDX20	TBX15	2
PRMT1	TLE6	2
MKNK2	RNF126	2
DOCK6	YJU2B	2
RDH11	VTI1B	2
ETV6	SMCO2	2
BMAL2	ETV6	2
C2CD2L	ZNF585B	2
KMT2A	VAV1	2
KMT2A	ME2	2
NUP98	SETBP1	2
KMT2A	TOP3A	2
DCPS	KMT2A	2
ARHGEF17	KMT2A	2
ETV6	GOT1	2
ADD3	NUP98	2
DHH	RHEBL1	2
OLR1	XIAP	2
CTCF	NETO2	2
HHEX	NUP98	2
CTNNB1	ETV6	2
GATA2	HOXA9	2
MLLT10	XPO1	2
FLI1	MN1	2
CRLF2	CSF2RA	2
PAX5	RHOXF2	2
DACH2	PAX5	2
JAK2	OFD1	2
P2RY8	PAX5	2
BCOR	PAX5	2
HOXA9	MED12	2
AFF2	TOP2B	2
LMO2	STAG2	2
JAK2	RFX3	2
PAX5	WDR5	2
DENND1A	ZCCHC7	2
FKBP15	PAX5	2
KANK1	PAX5	2
JAK2	USP25	2
SERINC3	ZCCHC7	2
NCOA5	PAX5	2
ABL1	LSM14A	2
JAK2	ZNF274	2
PAX5	TMPRSS9	2
PAX5	ZNF521	2
MPRIP	PAX5	2
JAK2	TERF2	2
PAX5	ZNF276	2
CBFA2T3	PAX5	2
NUTM1	ZNF618	2
PAX5	PML	2
JAK2	STRN3	2
CDKN2A	TRA	2
ESRRB	PAX5	2
SMARCA2	ZNF384	2
ATF7IP	JAK2	2
DBX1	PAX5	2
PAX5	TAF3	2
GATAD2A	LYN	2
LYN	NCOR1	2
NOTCH1	TRB	2
GRM3	PAX5	2
ELN	PAX5	2
AUTS2	PAX5	2
PAX5	POM121	2
CUX1	ZNF398	2
HOXA9	TRB	2
IL2RB	TRB	2
EVX1	RUNX1	2
CUX1	NUTM1	2
IKZF1	NUTM1	2
ELMO1	ETV6	2
LMO1	TRB	2
LMO2	TRB	2
TRA2A	UBASH3B	2
MYB	TRB	2
AHI1	TRB	2
MYB	TYK2	2
ID4	IGH	2
ARID1B	ZNF384	2
ABL1	SNX2	2
CDK6	TLX3	2
CD74	PDGFRB	2
CAMK2A	CD74	2
PDGFRB	SSBP2	2
AGGF1	PDGFRB	2
PDGFRB	ZMYND8	2
PDGFRB	TERF2	2
BRD9	NUTM1	2
KMT2A	MATR3	2
HNRNPH1	MLLT10	2
ABL1	CENPC	2
DUX4	ERG	2
AFF1	NUTM1	2
JAK2	ZBTB20	2
ABL1	FOXP1	2
FOXP1	PAX5	2
IKZF1	SETD5	2
PDGFRB	SATB1	2
CCDC12	SETD2	2
EEFSEC	KMT2A	2
DCP1A	KMT2A	2
ABL1	INPP5D	2
PDGFRB	ZEB2	2
ETV6	INO80D	2
ABL1	RCSD1	2
JAK2	TPM3	2
SMARCA2	ZNF362	2
ABL1	SFPQ	2
DMRTA2	PAX5	2
ABL2	PAG1	2
LCK	TRB	2
TAL1	TRB	2
ARID1B	MEF2D	2
HNRNPH1	MEF2D	2
CSF1R	MEF2D	2
HNRNPM	MEF2D	2
SPI1	STMN1	2
DHX9	TAL1	2
HLF	TCF3	2
ATXN7L3	UBTF	2
GGNBP2	MYO19	2
CREBBP	DNAJA3	2
COPS2	NIBAN3	2
CEBPB	IGH	2
CEBPG	IGH	2
CEBPA	IGH	2
EPOR	IGH	2
NKX2-1	TRA	2
CDK2AP1	ETV6	2
KMT2A	STK4	2
FLI1	TCF3	2
LMO1	TRD	2
LMO2	TRA	2
BCL9L	KMT2A	2
CSTF3	LMO2	2
NOL4L	PAX5	2
NFIA	RUNX1T1	2
HTN3	MSANTD3	2
ASNS	DAGLB	1
LAMC1	NMNAT2	1
ACTB	MAML2	1
ARID1B	MAML2	1
IGF1R	THBS1	1
FOSB	SETD1B	1
FN1	TIMP1	1
CITED2	SRF	1
AFF2	ZDHHC9	1
APOD	GLI1	1
ALK	IKBKG	1
COPS4	TBC1D9	1
PDLIM5	USP8	1
CCDC12	CDKN2A	1
TOP2B	UBA3	1
EWSR1	SP3	1
ALS2	UBE2F	1
CAMTA1	IK	1
HNRNPM	LEUTX	1
ETV4	TAF15	1
FUS	NFATC4	1
DCTN2	FGFR2	1
NUTM2B	YAP1	1
ARL6	POT1	1
MN1	ZNF341	1
CCDC152	RICTOR	1
MACROD2	PDGFRA	1
BRAF	MYLK	1
E2F6	FKBP4	1
DOCK10	KMT2A	1
MAP2K1	NCOR1	1
LHFPL6	RORA	1
RB1	RNASEH2B	1
NTRK3	TMTC2	1
KMT2A	PHLDB1	1
INTS4	KMT2A	1
SPECC1L	TERT	1
CSMD3	MYC	1
AGPAT5	TXNDC16	1
HMBOX1	ZFAND3	1
ROS1	TBC1D32	1
CRLS1	KCNK17	1
CDKL3	SKP1	1
C3ORF70	LRRC15	1
GPR160	NCEH1	1
PLSCR1	SLC25A36	1
PODXL2	TXNRD3	1
NUP210	RSRC1	1
DVL3	SCN11A	1
PIK3R4	ZNF621	1
USP19	VEPH1	1
NICN1	RASA2	1
DBR1	DCAF1	1
ARL6	ZNF660	1
MYL3	NSUN3	1
NEK4	SFMBT1	1
PPP4R2	ZCWPW2	1
EPHA6	NPEPPS	1
RUVBL1	TXNDC11	1
MRPS35	NAA50	1
BRSK2	LRCH3	1
PAFAH1B2	TBCCD1	1
PIK3CA	TAF1D	1
TBL1XR1	UEVLD	1
CSTF3	ECT2	1
HIPK3	MBNL1	1
ELMOD1	HPS3	1
GANAB	STXBP5L	1
ABI3BP	EXT2	1
CNTN4	RSF1	1
NAALAD2	SETD5	1
EFHB	TYR	1
CTDSPL	PRCP	1
ACVR2B	KRTAP5-2	1
FYCO1	PPME1	1
AP2A2	SFMBT1	1
ARL6IP5	TPH1	1
PDE12	PPFIBP2	1
CADM2	SLN	1
RAPGEF4	RCAN2	1
BHMT2	BIRC6	1
ALK	IAH1	1
CACNA2D4	WDR43	1
BCL2L1	HM13	1
HM13	RLF	1
BCL2L1	PPT1	1
BCL2L1	ZNF684	1
BCL2L1	ZFP69B	1
BCL2L1	RIMS3	1
BCL2L1	EXO5	1
BCL2L1	BMP8B	1
ALK	PLEKHM2	1
ALK	ZMYM1	1
TBCB	UBE4B	1
EP400	TRIT1	1
TRMT1L	XPR1	1
NOTCH2NLA	TXNIP	1
RLF	UBE2J2	1
C1QTNF12	RLF	1
MFSD2A	ZMPSTE24	1
MYCL	SMAP2	1
GNL2	SF3A3	1
RLF	SMAP2	1
COL9A2	RLF	1
PIK3C3	TWSG1	1
GCGR	LRRC45	1
MPRIP	TP53	1
CREBBP	RHBDF1	1
SORD	SPG11	1
HEATR3	PPP4R3A	1
MTHFD1	SYNE2	1
CIT	RFC5	1
CHPT1	UTP20	1
GNS	PAWR	1
ACRBP	ENO2	1
EI24	NECTIN1	1
CCDC81	PICALM	1
FAT3	PAK1	1
GAB2	NARS2	1
GLB1L2	KDM2A	1
MRPL49	SLC25A45	1
DUSP8	MYEOV	1
PRRG4	TM7SF2	1
MTCH2	TENM4	1
MYO7A	PSMC3	1
HSD17B12	MYO7A	1
ALKBH3	TCIRG1	1
CCDC6	CTNNA3	1
GPR158	WAC	1
CCDC7	UBE2D1	1
OXR1	YWHAZ	1
COX6C	OXR1	1
ATP11B	DCUN1D1	1
TSPO	TTLL1	1
CEP250	DPM1	1
GIPC1	PKN1	1
ANO2	ERC1	1
C12ORF4	CD9	1
PPT1	RLF	1
BMP8B	CAP1	1
BMP8B	RLF	1
ANKMY2	CRPPA	1
CEP85L	SCML4	1
LPP	TPRG1	1
PXYLP1	SPSB4	1
KLC3	PPP1R37	1
DNM2	KCNN1	1
RPAP3	SCAF11	1
ANO2	FBXL14	1
TFB2M	ZNF695	1
ITPR2	KRAS	1
SLC5A11	SS18	1
MXI1	NUTM2B	1
CELSR1	TP53	1
RASGRF1	TMEM87A	1
MYH10	NRG1	1
NSUN2	TBL1Y	1
GCNA	OGT	1
DLG3	MED12	1
NUGGC	YIPF6	1
GNA12	ZC4H2	1
ACOX3	VAMP7	1
HS6ST2	NPFFR2	1
GPC3	PPARG	1
HPRT1	LRRC2	1
ARFGEF2	ATP6AP1	1
ITCH	NDUFA1	1
ARHGEF9	MSI2	1
ACOX1	PPP2R3B	1
CD99	ZC3H7A	1
HNRNPF	TMLHE	1
GABRE	SERINC2	1
SPTAN1	ZER1	1
MEGF9	PSMD5	1
EPB41L4B	PTBP3	1
FGD3	SYK	1
FXN	TJP2	1
IL33	UHRF2	1
CDC37L1	RCL1	1
KANK1	NFX1	1
ERCC6L2	PTPRD	1
A1BG	KDM4C	1
DCAF12	EXOSC2	1
SMARCA2	ZBTB5	1
PTPRD	UNC13B	1
FAM219A	SHB	1
RUSC2	SHB	1
DCTN3	MELK	1
ABL1	DDX27	1
ABCA1	RAB5C	1
ALDOA	RPL7A	1
ELAVL2	USP31	1
AP1G2	MAPKAP1	1
FAM120A	SLC2A13	1
RECQL	WNK2	1
GSN	HSPA8	1
ARHGAP39	ZNF251	1
NDUFB9	NSMCE2	1
MTSS1	TATDN1	1
CYC1	SLC52A2	1
ASAP1	MRPL13	1
EIF3E	PTK2	1
GDF6	TSNARE1	1
ANKRD46	VPS13B	1
SNX31	SPAG1	1
PABPC1	SNX31	1
PABPC1	RNF19A	1
NIPAL2	PTDSS1	1
AZIN1	NCALD	1
ELOC	STAU2	1
CRISPLD1	LY96	1
CPA6	VIRMA	1
ASPH	TACC1	1
CHRAC1	SNTG1	1
FDFT1	TNKS	1
DMTN	TNFRSF10A	1
EPHX2	PTK2B	1
BIN3	PHYHIP	1
PLAT	TRAPPC9	1
FNTA	MTERF3	1
KAT6A	VPS13B	1
ASH2L	FAM110B	1
ADAM9	UNC5D	1
CLU	MYH9	1
DECR1	NRIP1	1
CCN5	NTAQ1	1
COX6C	TDRD12	1
ISYNA1	PABPC1	1
TOX	ZNF700	1
CNBD1	PTPN2	1
SEPTIN9	ZFTRAF1	1
ERBB2	TATDN1	1
ASPH	CHMP1A	1
ALDOA	INTS9	1
CHMP1A	PLPBP	1
STK3	ZNF280D	1
NDRG1	SNW1	1
NEIL2	TTC7B	1
CAB39L	CPQ	1
PTPN11	ZNF706	1
KRT78	NRG1	1
ANK1	NECAP1	1
MATN2	SHANK2	1
ANKRD46	LRRC4C	1
ANO3	LYPLA1	1
FGFR1	NTM	1
CHMP4C	ITGB1	1
CDK1	NRG1	1
NELFB	ZNF713	1
AVL9	PSCA	1
NDUFB2	TMEM178B	1
BRAF	MRPS33	1
CALD1	EXOC4	1
ORC5	POLR2J3	1
VPS50	ZNF727	1
BET1	PHTF2	1
RCC1L	TMEM120A	1
MAD1L1	ZNF316	1
SDK1	SLC29A4	1
CARD11	GNA12	1
GLCCI1	ICA1	1
COBL	KBTBD2	1
COBL	FKBP9	1
EGFR	RHBDD2	1
DNAAF5	ZNRF3	1
CRPPA	YWHAB	1
GNA12	URI1	1
ARPC1A	TH	1
GNGT1	NUDT5	1
ANAPC2	EYS	1
JARID2	SGCZ	1
ACTB	CDC5L	1
TULP4	ZDHHC14	1
PPP1R14C	TAB2	1
AIG1	TIAM2	1
AHI1	HIVEP2	1
RSPO3	TBC1D32	1
HDDC2	TPD52L1	1
MTRES1	PDSS2	1
OSTM1	SNX14	1
PXDC1	SLC22A23	1
BTN3A3	FBXL4	1
HIVEP1	JARID2	1
DCDC2	MBOAT1	1
GMPR	JARID2	1
KIF6	ZNF322	1
HFE	TAF8	1
STK38	ZNF184	1
CDKAL1	GUCA1A	1
EHMT2	SRPK1	1
GNMT	PTK7	1
DNAH8	KCNK17	1
HSP90AB1	MRPL14	1
ABHD16A	VARS1	1
ADGRF1	TNFRSF21	1
B4GALT5	MUC22	1
DCBLD1	ZNF550	1
CCNE1	ZFAND3	1
ILF3	MAPK13	1
ALDOA	ANKS1A	1
CERS3	PPARD	1
ANKS1A	TNFAIP2	1
AKT1	ANKS1A	1
ANKS1A	KTN1	1
CDKAL1	EEF1AKMT3	1
CDKAL1	MSRB3	1
NEBL	PRL	1
ANKS1A	CALML3	1
AKR1C1	C6ORF136	1
TBCA	ZNF462	1
ERBIN	MYOM2	1
AMACR	GNA12	1
ANKS1A	DPYSL3	1
CEP162	TTC33	1
C5ORF46	SPINK1	1
ARHGAP26	VDAC1	1
DMXL1	TNFAIP8	1
HSPA4	MAN2A1	1
EFNA5	MCC	1
DCP2	TBCA	1
CCNB1	OCLN	1
PLPP1	SLC38A9	1
MCIDAS	PLPP1	1
CCT5	DAP	1
CD40	CD74	1
CAPN12	PPIP5K2	1
CPSF6	EXOC3	1
PLAAT4	TGFBI	1
ASPH	CLCN3	1
CHCHD2	OTUD4	1
CPE	MSMO1	1
LRBA	RXFP1	1
LRBA	SMARCA5	1
ELOVL6	PLA2G12A	1
MOB1B	RUFY3	1
GRPEL1	TBC1D14	1
SH3TC1	SORCS2	1
RNF4	ZFYVE28	1
CFAP99	RNF4	1
MAN2B2	TACC3	1
GPR78	POLN	1
FGFR3	JAKMIP1	1
KLHL5	LNX1	1
PDS5A	SMIM14	1
KLHL5	TMEM156	1
ATP10D	NOA1	1
NFXL1	OCIAD2	1
AP1B1	CLCN3	1
CLCN3	EEF2	1
ADGRL3	PGLYRP2	1
GATAD2A	RNF4	1
KCNIP4	ZNF430	1
CLCN3	P4HB	1
MRPL1	ZNF652	1
PSMD11	SLC4A4	1
NQO1	SEC31A	1
FGFR3	PMFBP1	1
RAD51	SLC2A9	1
CCSER1	NOVA1	1
CLCN3	TMBIM6	1
CLCN3	TALDO1	1
GUCY1A1	SIK3	1
KPNA4	PTPRD	1
EEFSEC	NSMCE2	1
FAM83H	SRGAP3	1
EGFR	GYG1	1
CTNNB1	SEM1	1
CDKAL1	PPARG	1
CDKAL1	IRAK2	1
SCN11A	SYNJ2	1
MB21D2	RPS14	1
LSM3	MRPL22	1
HINT1	PLXNB1	1
CACNA2D3	TTC23L	1
ACOX3	CD96	1
DYNLT2B	TFRC	1
DYNLT2B	PCYT1A	1
LPP	RNF168	1
HTR3E	YEATS2	1
LIPH	TMEM41A	1
CLDN11	FNDC3B	1
MUC13	PLCH1	1
GFM1	TMCC1	1
NCK1	PCCB	1
KBTBD12	RAB7A	1
PARP14	SLC49A4	1
NAA50	QTRT2	1
CMSS1	CRYBG3	1
SETMAR	SUMF1	1
PPARG	TSEN2	1
EMC3	RPUSD3	1
MKRN2OS	PPARG	1
IQSEC1	PPARG	1
HRH1	TSEN2	1
ATG7	FHIT	1
NGLY1	TOP2B	1
STT3B	ZNF860	1
PPARG	WDR48	1
GPD1L	STT3B	1
GPD1L	OSBPL10	1
CMTM7	CMTM8	1
RHOA	USP4	1
CSPG5	SMARCC1	1
SHISA5	UQCRC1	1
DCAF1	RHOA	1
NEK4	RFT1	1
NISCH	PBRM1	1
IP6K1	RHOA	1
DALRD3	PRKAR2A	1
FBLN1	TFRC	1
CRYBA4	PPARG	1
PPIL2	TRAK1	1
MED12L	PABPC1L	1
ARSG	TMCC1	1
CFAP92	PSMB3	1
JAGN1	MYO18A	1
TRIM37	ZNF385D	1
HERC2	WDR48	1
PPFIA1	WNT7A	1
RBMS1	RIGI	1
EMC2	TANK	1
PXDN	UTRN	1
LPIN1	TBC1D7	1
EIF2AK2	HLA-C	1
EIF2AK2	HLA-B	1
COMMD1	FARS2	1
CDS1	UGT1A9	1
CDS1	UGT1A8	1
CDS1	UGT1A7	1
CDS1	UGT1A5	1
CDS1	UGT1A4	1
CDS1	UGT1A3	1
CDS1	UGT1A1	1
CCDC14	HADHB	1
FN1	ZNFX1	1
ARMC9	DIS3L2	1
TNS1	USP37	1
MLPH	PIKFYVE	1
HDAC4	SATB2	1
HSPD1	SF3B1	1
AGPS	NFE2L2	1
LCT	PTPN4	1
ACOXL	SSB	1
ACOXL	KLHL23	1
CCDC138	LIMS1	1
CIAO1	LIMS1	1
RNF149	TBC1D8	1
CREG2	TBC1D8	1
LYG2	REV1	1
LYG1	REV1	1
CNOT11	NPAS2	1
FAM178B	NEURL3	1
CNNM4	NEURL3	1
BABAM2	PLB1	1
FAM228B	UBXN2A	1
BABAM2	DTNB	1
ADGRF3	IFT172	1
RHOQ	STPG4	1
CALM2	RHOQ	1
PELI1	VPS54	1
EXOC6B	HNRNPLL	1
CIAO1	SH2D6	1
PLEKHB2	RPL18	1
EEF2	EIF2AK2	1
ARHGAP25	DNM2	1
ABHD2	BIRC6	1
MAP3K20	PKP2	1
MBOAT2	TPCN2	1
ADAM17	LTO1	1
APLP2	EIF2AK2	1
LIPF	TBC1D8	1
PLXDC2	VAMP8	1
PRR5	TSPO	1
FBLN1	TRMU	1
MAPK8IP2	TAFA5	1
FBLN1	SBF1	1
RANGAP1	SNU13	1
PPP6R2	SELENOO	1
LGALS1	NOL12	1
L3MBTL2	TEF	1
FAM118A	SBF1	1
RBFOX2	SLC25A17	1
MYH9	TRIOBP	1
SYN3	TIMP3	1
NF2	NIPSNAP1	1
LARGE1	SLC5A4	1
C1QTNF6	SYN3	1
SPECC1L	UPB1	1
GNB1L	MED15	1
RUNX1	WDR4	1
PDE9A	PKNOX1	1
ABCG1	PDXK	1
MORC3	PCP4	1
DOP1B	MORC3	1
CRYZL1	ITSN1	1
BACE2	CFAP298	1
APP	C2CD2	1
C21ORF91	NRIP1	1
BACH1	MAP3K7CL	1
COL6A2	DDX27	1
APP	MMP9	1
ZNF335	ZSWIM3	1
LAMA5	TAF4	1
MYBL2	TOX2	1
ASIP	TRPC4AP	1
C20ORF203	RBM39	1
RALY	TTI1	1
ASIP	CPNE1	1
BCL2L1	NOL4L	1
DNAAF9	EIF2S2	1
CSNK2A1	ZNF343	1
BANF2	EIF6	1
CEP250	NINL	1
PCSK2	PYGB	1
FREM1	SLAMF7	1
CDC42SE1	IPPK	1
ARID1A	HNRNPK	1
MYOC	PPP2CB	1
OXR1	WARS2	1
ESYT2	NBPF15	1
H2AC6	HP1BP3	1
ADCY2	RPAP2	1
FAM53A	STPG1	1
ACOX3	ZMYM6	1
LARS2	NVL	1
GOLPH3L	SEC13	1
DGCR2	SERINC2	1
DDX27	MXRA8	1
EIF2AK2	SERINC2	1
PAPPA2	RPS19	1
NLRP8	PRRC2C	1
DOCK6	F11R	1
CCNL2	TYK2	1
C3	EXO5	1
DDI2	FBXO15	1
NIPAL3	PPP4R1	1
DNAJC11	KRT13	1
ABHD17C	PRAMEF6	1
SERINC2	YY1	1
DHRS2	GSTM2	1
KCNK1	ZDHHC20	1
POLR1D	SMYD2	1
ABL2	XRRA1	1
ANKRD13D	FCRL4	1
CXCR5	EFHD2	1
ANXA8	SPATA17	1
PTPRC	VIM	1
DDX21	S100A2	1
DNMBP	EFCAB14	1
DDX21	RHOC	1
B3GALNT2	LYST	1
KISS1	PLEKHA6	1
IL19	MAPKAPK2	1
CFH	CRB1	1
CADM3	NEK7	1
QSOX1	TOR1AIP1	1
ARHGEF11	XPR1	1
NME7	TIPRL	1
MGST3	UCK2	1
FCGR2A	TMEM63A	1
ARHGEF2	KHDC4	1
ASH1L	PKLR	1
TDRKH	UCK2	1
GORAB	SRGAP2B	1
NDUFS2	PSMD4	1
ANXA9	TUFT1	1
SNX27	THEM4	1
ENSA	RPRD2	1
CHTOP	S100A13	1
CERS2	SETDB1	1
BNIPL	THEM5	1
ANXA9	MRPL9	1
GRHL3	IRF6	1
CRYBG2	S100A6	1
CORT	UBE4B	1
CENPS	UBE4B	1
FBLIM1	SPEN	1
ELOA	NOC2L	1
MACO1	MAN1C1	1
IL22RA1	STPG1	1
FAAP20	GNB1	1
CDK11A	GNB1	1
DDI2	DNAJC16	1
CASZ1	DFFA	1
PUM1	SLC66A1	1
EPB41	PIGV	1
BSDC1	ZBTB8OS	1
ADGRB2	FABP3	1
EPB41	GMEB1	1
SMAP2	ZMPSTE24	1
CAP1	SCMH1	1
GLIS1	NDC1	1
EPS15	FAF1	1
CC2D1B	EPS15	1
PRKACB	SAMD13	1
DR1	FNBP1L	1
BCAR3	EVI5	1
ABCA4	ARHGAP29	1
FRRS1	PALMD	1
ABCD3	ARHGAP29	1
GPR61	STXBP3	1
EEIG2	SLC25A24	1
FXYD3	ZNFX1	1
TRPC4AP	ZNF430	1
ACTR5	ZNF682	1
NLRP12	ZNF665	1
ECH1	ZNF570	1
DEDD2	ZNF526	1
TDRD12	ZNF507	1
CHMP2A	TRIM28	1
TNNI3	ZNF607	1
PRX	TBCB	1
ERCC1	SCGB2B2	1
PPP1R37	RELB	1
DPY19L3	NUDT19	1
GPI	ZNF875	1
FCGRT	RPL13A	1
PLD3	TYK2	1
FBL	PLEKHF1	1
NOSIP	UNC13A	1
COL5A3	ZNF564	1
CRTC1	UPF1	1
CBARP	STK11	1
DOCK6	SPC24	1
ANKRD24	RANBP3	1
MED16	MEX3D	1
MBD3	ZNF823	1
ATG4D	ILF3	1
GPX4	MIDN	1
CYP4F12	MYO9B	1
CIRBP	CNN2	1
BRD4	PGLYRP2	1
ARHGAP45	CNN2	1
AP3D1	DOT1L	1
ADAT3	DAZAP1	1
ABCA7	STK11	1
ABCA7	CIRBP	1
NANOS3	ZNF254	1
PI4KA	TTC39C	1
EPB41L1	RBBP8	1
GNAS	TYMS	1
CFAP53	MYO5B	1
DCC	KIAA1328	1
CABYR	OSBPL1A	1
CEP192	LDLRAD4	1
ADORA2B	TIMP3	1
P4HB	ZNFX1	1
BCAS3	ZMYND8	1
TULP2	UBE2G1	1
ALDH16A1	B9D1	1
ACOX1	UNC13D	1
BAIAP2	RNF213	1
NAT9	PGS1	1
MFSD11	PRCD	1
METTL23	RNF157	1
HID1	SUMO2	1
CSNK1D	DUS1L	1
ARL16	CSNK1D	1
CA4	SLC16A6	1
BRIP1	RHBDF2	1
DYNLL2	METRNL	1
THRA	TLK2	1
MED24	WIPF2	1
IKZF3	NPEPPS	1
KANSL1	NSF	1
HOXB3	MAPT	1
CDK12	RAPGEFL1	1
AP2B1	LLGL2	1
FBXL20	KRT27	1
ARHGAP23	GOSR2	1
AARSD1	FBXL20	1
PLXDC1	TADA2A	1
PSMB3	SRCIN1	1
CWC25	SRCIN1	1
RAD51D	RFFL	1
MLLT6	TCAP	1
MLLT6	PNMT	1
ACACA	GRB7	1
ACACA	TADA2A	1
NLK	SMURF2	1
BCAS3	NF1	1
KRTAP2-1	PSMD11	1
ASIC2	RAB11FIP4	1
AATF	CRLF3	1
SARM1	SUPT6H	1
PHF12	PIPOX	1
NUFIP2	VTN	1
EFCAB5	NSRP1	1
MYO18A	RNF135	1
RPH3AL	YWHAE	1
NLRP1	NUP88	1
ABR	RTN4RL1	1
MYOCD	STX8	1
CDRT4	NCOR1	1
ADORA2B	PIGL	1
MED9	MPRIP	1
EPN2	KCNJ18	1
SEC14L4	SIAH1	1
NPRL3	UBE2L3	1
CD19	ZNF430	1
FHOD3	NFAT5	1
BRD7	MSI2	1
SPG7	ZNF276	1
KLHDC4	SLC7A5	1
C16ORF74	GINS2	1
VAC14	ZNF276	1
CES2	SLC9A5	1
CES2	PLEKHG4	1
CCDC113	NFAT5	1
CNOT1	GOT2	1
ADGRG1	GINS3	1
FTO	TMEM231	1
PHKB	VPS35	1
IFT140	SPSB3	1
LUC7L	NPRL3	1
CREBBP	PRSS22	1
CCP110	RSL1D1	1
ERI2	LDAF1	1
DCUN1D3	LDAF1	1
SMG1	SULT1A2	1
DOC2A	SMG1	1
MAPK3	SEPHS2	1
MVP	SEZ6L2	1
ITGAX	PHKG2	1
MAP2K5	PSMD8	1
RPL13	SLC12A6	1
MAN2A2	UNC45A	1
IGF1R	TTC23	1
ADAMTSL3	AKAP13	1
PEAK1	VPS33B	1
CIB2	PEAK1	1
MAN2C1	PTPN9	1
FOXB1	MYO1E	1
INTS14	SLC24A1	1
HERC1	INTS14	1
DPP8	PARP16	1
AQP9	RNF111	1
BNIP2	GNB5	1
DNAAF4	RAB27A	1
GABPB1	TRPM7	1
SRP14	TRPM7	1
EHD4	TRPM7	1
GOLGA8A	SLC12A6	1
GNAS	SUPT16H	1
CDKN3	GRN	1
RPS6KA5	TTC7B	1
CCDC88C	DGLUCY	1
EML1	SPATA7	1
SIVA1	SUSD6	1
PAPOLA	SIPA1L1	1
RAD51B	SIPA1L1	1
MNAT1	SYT16	1
MTHFD1	PLEKHG3	1
FRMD6	PCNX1	1
ATG14	MED6	1
L2HGDH	PLEKHH1	1
MAP4K5	RPL36AL	1
MIPOL1	PRORP	1
MIDEAS	NUBPL	1
ENTPD5	NUBPL	1
ADCY4	CIDEB	1
MMP14	VRK1	1
MMP14	PPM1A	1
ARMH4	DAD1	1
RNASE10	STRN3	1
DHRS4L2	RNF31	1
METTL3	SALL2	1
KLF5	SUPT16H	1
ATP11A	SPACA7	1
GGACT	PCCA	1
DOCK9	SLC15A1	1
KBTBD6	TEX29	1
LPAR6	TPP2	1
TPT1	TSC22D1	1
CDADC1	RB1	1
KPNA3	MLNR	1
IFT88	ZMYM2	1
MICU2	ZDHHC20	1
PAN3	XPO4	1
B3GLCT	POMP	1
ARPC3	TYROBP	1
GRIP1	SPINT2	1
FKRP	XPOT	1
AFG3L2	LYZ	1
ABR	ACAD10	1
IRAK3	TLK2	1
DIP2B	ERBB2	1
PCBP2	YWHAE	1
ATP2B1	SHCBP1	1
NPIPB2	TBC1D15	1
CHMP1A	CPSF6	1
DHRS2	GAPDH	1
COL4A2	ELK3	1
DNAJC15	PPM1H	1
MED13L	TAOK3	1
ATXN2	BRAP	1
ANKLE2	ZNF605	1
CHPT1	FBXO21	1
PPFIA2	ZFC3H1	1
CNOT2	LGR5	1
CNOT2	GNPTAB	1
PTPRR	TPH2	1
ATP2B1	PTPRR	1
CAPS2	YEATS4	1
LYZ	YEATS4	1
NUP107	RAP1B	1
KCNMB4	PTPRR	1
FRS2	NUP107	1
BEST3	CCT2	1
FRS2	SCAF11	1
EPYC	XPOT	1
KCNMB4	SRGAP1	1
NUP107	TMBIM4	1
KCNMB4	MSRB3	1
C12ORF56	RXYLT1	1
HOXC13	SLC16A7	1
LIMA1	TAOK3	1
PAN2	SARNP	1
ESYT1	PA2G4	1
CCNT1	LALBA	1
AAAS	ATP5MC2	1
PEX5	PRB1	1
ETV6	PRH2	1
DUSP16	GPR19	1
CREBL2	GPR19	1
ATF7IP	PLBD1	1
PIK3C2G	PLEKHA5	1
ANO2	BICD1	1
BMAL2	CCDC91	1
CTTN	DDX27	1
DHX35	MYO7A	1
CTNND1	ZNFX1	1
FARSA	NARS2	1
CARS1	HAUS8	1
DEAF1	SH3GL1	1
GUCY1A2	NLK	1
FOSL1	JPT1	1
MYO1D	TPCN2	1
FAR1	GRN	1
ANKRD11	STARD10	1
IFT140	SHANK2	1
SUPT16H	UPK2	1
CAPN1	SUPT16H	1
AP1G2	IGF2	1
COA8	EHF	1
LGR5	PRDX5	1
CNTN5	YAP1	1
DCUN1D5	PDGFD	1
AASDHPPT	CARD16	1
MYEOV	YAP1	1
MRPL48	PRSS23	1
PPP6R3	SHANK2	1
ATG16L2	MRPL48	1
LTO1	SHANK2	1
KMT5B	UNC93B1	1
GSTP1	KDM2A	1
CTTN	SHANK2	1
CTSW	FIBP	1
CPT1A	GAL3ST3	1
C2CD3	MYEOV	1
AHNAK	RAD9A	1
CAPN1	TNKS1BP1	1
BSCL2	TTC9C	1
SCGB1D2	TMEM258	1
MS4A4A	TCN1	1
OOSP1	STX3	1
HNRNPUL2	MTA2	1
SYT8	TNNI2	1
EPS8L2	RASSF7	1
MICAL2	RRAS2	1
CSRP3	E2F8	1
COPB1	SPON1	1
CD44	CREBZF	1
MADD	PIK3C2A	1
ARHGAP1	PHF21A	1
AMBRA1	CKAP5	1
DOCK1	RBFOX2	1
FAM25C	PITPNB	1
APP	TAF3	1
TMX4	ZNF485	1
PFKP	PSG1	1
URI1	ZNF33A	1
L3MBTL4	TRDMT1	1
DDX21	RPL38	1
MRPL10	MTPAP	1
FRMD4A	MRTFB	1
ITFG1	PIP4K2A	1
AP1G2	FAM204A	1
DRGX	KTN1	1
FNBP4	SVIL	1
ITPRIP	SH3PXD2A	1
HPS1	PYROXD2	1
PTEN	RNLS	1
LIPF	PTEN	1
MICU1	NRG3	1
ADK	SEC24C	1
NRBF2	REEP3	1
GDI2	PFKFB3	1
AKR1C1	PFKFB3	1
DIP2C	GDI2	1
NET1	USP6NL	1
FAM107B	WDR37	1
DCLRE1C	NMT2	1
KIAA1217	SPAG6	1
MYBPC1	PARPBP	1
CHEK2	PPP2R2A	1
MTCP1	TRB	1
JAK2	SMCHD1	1
MN1	SSX1	1
KLF14	SS18	1
CYP39A1	SEC14L1	1
FN1	NFATC2	1
ANGPTL2	USP6	1
BICC1	INPP4A	1
CBL	USP8	1
CEP57	MTMR2	1
GPR137	ZDHHC5	1
CELF1	DDIAS	1
CREB3L1	STIP1	1
PAK3	SH2D1A	1
ANXA1	BGN	1
CDCA2	FRMPD4	1
FDCSP	RTL9	1
FBXO36	PHKA2	1
KRT19	SLC38A5	1
FADS2	ZNF185	1
CTAG2	TTLL10	1
TNC	WHRN	1
CD274	RLN2	1
PDCD1LG2	RIC1	1
MLANA	RIC1	1
GDF15	PTBP3	1
NIBAN2	SHMT1	1
ANXA1	SPINT1	1
NR6A1	ZFYVE26	1
ANXA1	OAS3	1
COL22A1	ZFAT	1
SLC26A7	STK3	1
MTSS1	TCEA1	1
DNAJC5B	SPIDR	1
MCM4	UBE2V2	1
PCM1	PEBP4	1
PBK	ZNF395	1
P4HB	PLAT	1
KRT13	PLAT	1
GRN	PLAT	1
ITM2B	RPL30	1
NDRG1	STAT6	1
LPL	PEX5	1
KRT5	PLAT	1
CUL2	RB1CC1	1
AGR2	ANXA1	1
HSPB1	PLAT	1
PTPRN2	RBM33	1
CALD1	TMEM140	1
FBXL13	MUC3A	1
ADAP1	SUN1	1
AGMO	MEOX2	1
GPNMB	KLHL7	1
DDX27	HSPB1	1
JUP	PTN	1
CLDN7	HSPB1	1
ACTB	YWHAE	1
BZW2	INTS6	1
HSPB1	STAT6	1
FAR1	PDIA4	1
COL1A2	HSPA8	1
ARMT1	CNTFR	1
PERP	PLAT	1
FAM120B	TBP	1
PACRG	SASH1	1
ME1	PGM3	1
GMPR	MYLIP	1
H2BC5	H3C4	1
JARID2	MDGA1	1
RSPH9	VEGFA	1
MCM3	PKHD1	1
DSP	KRT14	1
GNL1	SOCS1	1
KRT5	MAP7	1
DSP	KRT5	1
EYS	SOX6	1
AOPEP	UBE2D2	1
ANXA1	TGFBI	1
LARP1	NDRG1	1
KIF6	PARP8	1
CCT5	HLA-B	1
MAPK9	ZFP2	1
LMAN2	NOP16	1
HSD17B4	TNFAIP8	1
AP3B1	CTNNA1	1
TBCA	WDR41	1
GPX8	ITGA2	1
CDH18	MTMR12	1
CD74	ITGB2	1
CCT5	LYPD3	1
ACADVL	CD74	1
CCT5	KRT19	1
CCT5	KRT16	1
CCT5	JUP	1
CCT5	SRSF5	1
CCT5	PCBP2	1
ACP2	CD74	1
CCT5	SEC24C	1
ADAM2	FHIP1A	1
BZW2	S100P	1
FAT1	SORBS2	1
HNRNPD	SCD5	1
PARM1	SDAD1	1
CABP4	HERC6	1
CENATAC	SLC2A9	1
ANXA1	RAB7A	1
ANXA1	COL7A1	1
ECT2	SUB1	1
MUC4	TNK2	1
FNDC3B	TPRG1	1
EPHB3	NAALADL2	1
RPL22L1	SEC62	1
MECOM	SEC62	1
EIF5A2	PRKCI	1
ANKUB1	PAK2	1
IL20RB	STAG1	1
ESYT3	PIK3CB	1
SNX4	ZNF148	1
OSBPL11	SLC12A8	1
DTX3L	FAM162A	1
ARL8B	ITPR1	1
ATG7	TAMM41	1
RAF1	RPL32	1
EFHB	SGO1	1
CLASP2	GLB1	1
IP6K2	UQCRC1	1
IP6K2	NCKIPSD	1
TMEM50B	XXYLT1	1
BCL2L1	NCEH1	1
DERL2	MELTF	1
MYO1D	ROBO1	1
FOXP1	PKM	1
IL20RB	RASSF8	1
HEG1	YAP1	1
CD86	KMT2A	1
ANXA1	COL3A1	1
ACTR3	VPS13B	1
PLAT	SDC1	1
ADAP1	LRP1B	1
C1D	UBE3C	1
CFB	TMSB10	1
CCT5	XRCC5	1
SCLY	UBE2F	1
COQ10B	MOB4	1
HIBCH	NEMP2	1
BAZ2B	SLC38A11	1
MCM6	RAB3GAP1	1
ANAPC1	LIMS1	1
HS1BP3	WDR35	1
HNRNPLL	SRSF7	1
PLEKHH2	THADA	1
ITM2C	THSD4	1
ABCA12	MICU1	1
CSNK1E	TMEM184B	1
CSNK1E	PLA2G6	1
HSCB	KREMEN1	1
CHEK2	LARGE1	1
ASCC2	MTMR3	1
ERG	MX1	1
HLCS	TSPEAR	1
APP	DYRK1A	1
SDC4	WFDC5	1
EPB41L1	IFT52	1
PLAGL2	TM9SF4	1
CBFA2T2	RALGAPB	1
AHCY	NCOA6	1
ASXL1	EIF2S2	1
ASXL1	BPIFB2	1
ACTR5	AHCY	1
ITPA	PLCB1	1
KIZ	SLPI	1
ABHD12	UQCC1	1
ABHD12	TTI1	1
PLAT	S100A9	1
PLAT	SFN	1
AHCYL2	RHBDL2	1
S100A9	TCOF1	1
CCT5	S100A8	1
CCT5	SFN	1
CLCN3	PRDX6	1
FOXP1	S100A9	1
CLASP1	SFN	1
AGAP1	SPATA6	1
ACTL8	RFX2	1
CLSPN	LGALS3BP	1
LCE1C	MAP2K1	1
ALG6	DUT	1
CCT3	STAT6	1
NDUFV1	S100A9	1
NDUFV1	S100A2	1
FAR1	SH3BGRL3	1
NDUFV1	PTPRF	1
KISS1	PIK3C2B	1
ASH1L	RGS7	1
GATAD2B	S100A11	1
BCL9	GOLPH3L	1
PLEKHM2	SPEN	1
DVL1	SDF4	1
KLHL17	PLEKHN1	1
PEX14	PGD	1
HES2	OTUD3	1
C1ORF159	NOC2L	1
STX12	WDTC1	1
EPHB2	SYNC	1
TMEM54	TRIM62	1
COL16A1	SPOCD1	1
ITGB3BP	RCC1	1
PUM1	RAP1A	1
P3H1	SLC2A1	1
ARMH1	KIF2C	1
MOB3C	PIK3R3	1
CENPS	PATJ	1
AK5	ZZZ3	1
AK5	USP33	1
CLCA1	SH3GLB1	1
RBM15	ZYG11B	1
CAPZA1	MIER1	1
PTPN22	RSBN1	1
PHTF1	RSBN1	1
PHTF1	PTPN22	1
EFCAB6	FARSA	1
ZNF667	ZSCAN5B	1
FFAR2	ZNF529	1
HNRNPUL1	ZNF527	1
AP2A1	ZNF473	1
AKT2	ZNF226	1
TGFB1	VRK3	1
IGFLR1	PSENEN	1
PRKD2	RCN3	1
HIF3A	PPP5C	1
PPP2R1A	SMIM17	1
NUP62	TBC1D17	1
AP2A1	NUP62	1
AP2A1	IL4I1	1
GNG8	HNRNPUL1	1
BRSK1	HNRNPUL1	1
FOSB	ITPKC	1
ASPDH	EMC10	1
CTU1	TMEM143	1
BCL3	CEACAM16	1
ARHGEF1	SNRNP70	1
TEX101	ZNF763	1
TEX101	ZNF700	1
GADD45GIP1	PPP5C	1
MAN2B1	ZNF709	1
MICOS13	SAFB	1
PIAS4	YJU2	1
CALR	LDLR	1
GADD45GIP1	HOOK2	1
FZR1	GNG7	1
DAND5	GCDH	1
CIB3	CYP4F11	1
CALR	ZNF799	1
BRD4	SLC1A6	1
BORCS8	TM6SF2	1
ARHGAP45	GRIN3B	1
ABCA7	ARHGAP45	1
SERPINB5	SERPINB7	1
OSBPL1A	SS18	1
SLC1A5	UBTF	1
MXRA7	UBE2O	1
SYNGR2	TMC8	1
KCTD2	SUMO2	1
MYO15B	NUP85	1
BAHCC1	MED13	1
EIF1	OGFOD3	1
DHX8	ST6GALNAC2	1
PTGES3L	RGS9	1
AARSD1	RGS9	1
DBF4B	WIPF2	1
KAT2A	STAT3	1
MED24	SNX11	1
ACBD4	MAP3K14	1
CDC27	HROB	1
ACBD4	LRRC37A	1
MAP3K14	NDEL1	1
KRT36	PLXDC1	1
MED24	MIEN1	1
PGAP3	PNMT	1
MYO18A	RARA	1
BLMH	SSH2	1
SMOX	TRADD	1
CMIP	PLCG2	1
PSKH1	PSMB10	1
HAS3	SNTB2	1
CMTM4	DYNC1LI2	1
ANKRD11	E4F1	1
FLYWCH1	PKMYT1	1
PKD1	UBE2I	1
ABCC1	NDE1	1
BOLA2	CORO1A	1
ATP2A1	ATXN2L	1
KRT13	THSD4	1
MAP2K5	PIAS1	1
RNF111	SLTM	1
BCL2L10	GNB5	1
B2M	PATL2	1
GNAS	SNW1	1
MIPOL1	PDE4A	1
C3	SUPT16H	1
KRT14	SUPT16H	1
EVL	YY1	1
PAPOLA	VRK1	1
CCDC88C	TTC7B	1
BRF1	NUDT14	1
MIDEAS	ZFYVE1	1
MIDEAS	NUMB	1
PSMA6	SNX6	1
GOLGA5	RNF212B	1
MYO5C	VWA8	1
KLF5	PIBF1	1
ERBB3	RPN2	1
GAPDH	GNAS	1
ETV6	MACROD2	1
KRT13	STAT6	1
PXN	RAB35	1
CDK2AP1	MPHOSPH9	1
CLIP1	ZCCHC8	1
GNS	TBC1D30	1
ELK3	KRT6A	1
LARP4	SPRYD3	1
KRT6A	STAT6	1
CDCA3	ZNF384	1
SNX32	SRRD	1
MYH9	NDUFV1	1
BCL3	GRIK4	1
PATL1	RFX2	1
MRPL11	OSBPL1A	1
KRT17	NDUFV1	1
JUP	NDUFV1	1
ITGA3	NDUFV1	1
CHRM4	FOXK2	1
DDX6	SLC37A4	1
DCUN1D5	MMP1	1
DYNC2H1	MMP1	1
DYNC2H1	ENDOD1	1
ANO1	PPFIA1	1
PGM2L1	RAB6A	1
CPT1A	SYT12	1
CAPN1	MRPL49	1
ALDH3B1	PC	1
FCHSD2	LDLRAD3	1
KDM2A	PGA3	1
CD59	LMO2	1
DDB2	MADD	1
CSTPP1	LRP4	1
DDX21	RPS5	1
DDX21	KRT13	1
NEBL	ZNHIT3	1
MYH11	YME1L1	1
BLNK	TLL2	1
BTRC	PTEN	1
PAGE4	SBF2	1
RABGAP1	RC3H2	1
DENND1A	MAPKAP1	1
ANXA1	TLN1	1
ARFGEF2	EEIG1	1
BCO2	TMEM38B	1
SLC30A8	TRAPPC9	1
LY6D	LY6E	1
CA13	E2F5	1
AGPAT5	KCNU1	1
LETM2	NSD3	1
PLAT	SUPT16H	1
ACTB	NOP53	1
HSPB1	THSD4	1
ANKS1A	SGK3	1
ANK1	MAPK14	1
PTPRK	RNF217	1
MMP9	UTRN	1
PPL	UTRN	1
HSP90B1	UTRN	1
HLA-DRA	KRT5	1
ANKS1A	KRT5	1
ANKS1A	KRT1	1
PCBD2	TENM2	1
CATSPER3	TENM2	1
ARHGEF37	PPARGC1B	1
ARHGEF37	CSNK1A1	1
TENM2	TXNDC15	1
DAP	PSKH1	1
CXCL14	SUPT16H	1
GHR	GPR68	1
CLCN3	PI3	1
CLCN3	GRN	1
ARHGEF7	KLHL2	1
CDKAL1	KCNMB2	1
OSTN	XXYLT1	1
CMSS1	NIT2	1
PCBP4	POC1A	1
L3MBTL2	MELTF	1
AP2M1	TYK2	1
EPHB1	SLCO3A1	1
CDIN1	FBXL2	1
HSPB1	TTN	1
GNAS	ITGAV	1
AGAP1	USP40	1
NCKAP5	TMEM163	1
ITGB4	PLEKHB2	1
BIRC6	KRT15	1
ITGA6	UBE3B	1
KLHL22	MED15	1
ARFGEF2	PMEPA1	1
MKKS	SLX4IP	1
RPL30	S100A2	1
CHD1	S100A2	1
DDX27	ENO1	1
GNAS	SMAP2	1
HDLBP	SFN	1
FXYD3	S100A2	1
SFN	TYK2	1
HIVEP3	RPH3AL	1
COL11A1	GRN	1
S100A8	SUPT16H	1
SUPT16H	TMEM54	1
COP1	KRT6A	1
NIBAN1	NRXN2	1
CXCR5	S100A2	1
EBNA1BP2	SVBP	1
ARHGAP45	SBNO2	1
PRSS57	RNF126	1
ICAM3	RAVER1	1
COLGALT1	CYP4F11	1
THOC1	USP14	1
COL1A1	RPL18	1
KRT14	TYK2	1
SSH2	UBE2O	1
PRR11	SUZ12	1
CLDN7	KRT19	1
ACTG1	USP7	1
CTCF	GFOD2	1
SNRNP25	USP31	1
KIF22	PAGR1	1
ARIH1	SENP8	1
DENND4A	SLC24A1	1
MOK	PRND	1
KRT13	SUPT16H	1
AP1G2	KRT13	1
COCH	STRN3	1
CHD8	SUPT16H	1
CUL4A	LAMP1	1
KPNA3	SLC7A1	1
SLC7A1	UBL3	1
EEA1	GNAS	1
KRT5	TYK2	1
ARHGDIA	ERBB3	1
PCTP	SLC38A1	1
DYNC1H1	ERBB3	1
FOS	KRT5	1
MYL6	SUPT16H	1
CHST11	TXNRD1	1
GRIP1	HELB	1
ERBB3	KRT6A	1
CSAD	NPFF	1
FAR1	KRT13	1
LRRC4C	RAI1	1
AHNAK	SUPT16H	1
CXCR5	KRT6A	1
ERBB3	PCNX3	1
KRT1	PKP3	1
CNTN5	SIK3	1
GUCY1A2	HEPHL1	1
PPFIA1	RBM14	1
CCND1	LTO1	1
ARHGEF17	P2RY2	1
DAGLA	MS4A10	1
PLEKHA7	STX3	1
TEAD1	UVRAG	1
COL4A2	NRAP	1
EGFR	PPARGC1A	1
ICMT	RPS6KA3	1
FGFR3	MAEA	1
CSNK2A1	KIF16B	1
MGST3	ZMAT5	1
MKNK2	MOB3A	1
C2CD3	MS4A7	1
CHM	KLHL4	1
ATRX	DACH2	1
GUF1	HUWE1	1
BGN	TTN	1
SETX	TTF1	1
AJM1	PHPT1	1
DENND1A	PRRX2	1
AOPEP	FANCC	1
BNC2	RIC1	1
COL18A1	HSPA5	1
DDX27	GSN	1
COL17A1	TNC	1
MAMDC2	TPD52	1
CDPF1	GRHL2	1
RABEP1	RPL8	1
PTPRN2	UBE3C	1
ELAPOR2	SRPK2	1
MTURN	PLEKHA8	1
HNRNPA2B1	RABEP1	1
CD9	IQCE	1
DBNL	EEA1	1
FAR1	FSCN1	1
CLXN	COL21A1	1
SNX14	SYNCRIP	1
FARS2	PHACTR1	1
CFB	RPL18	1
ABCF1	RPL18	1
ANKH	SLC20A2	1
HLA-C	TCOF1	1
ADAMTS19	KIF2A	1
CPLANE1	NPR3	1
ARFGEF2	CLPTM1L	1
ATRNL1	IQGAP2	1
ACSL1	FAT1	1
SPINK2	TMPRSS11D	1
ANAPC4	TBC1D19	1
ADH7	CXCR5	1
FGFR3	TPRG1	1
IL20RB	NCK1	1
DRD3	NAALADL2	1
CD96	PHLDB2	1
ABI3BP	TBC1D23	1
SCAP	SMARCC1	1
CGGBP1	MITF	1
EAPP	USP13	1
CTNNA2	GLIS3	1
HSPB1	MYO1B	1
ACTB	POTEE	1
C6ORF62	TAF1B	1
ADAM23	PLPP1	1
CANX	IL1R2	1
ATP6V1E2	GRIK1	1
ITGB6	PLA2R1	1
ANKRD39	FAM178B	1
BIRC6	HDLBP	1
CD8B	USP39	1
NCL	RBM25	1
ATP5MC3	GSTP1	1
DTNB	EXOC6	1
HUNK	SIK1	1
ELOC	PKN2	1
MYO6	S100A8	1
PRRC2A	SFN	1
KIF26B	TEF	1
IL18R1	MCOLN2	1
R3HDM4	S100A9	1
MAB21L3	PIGN	1
MT1HL1	MT1X	1
DHCR24	THBS1	1
LAMC2	POC1B	1
ELK3	SFN	1
NUMA1	SFN	1
IKBKE	RASSF5	1
CGN	TUFT1	1
EIF4G3	LIN28A	1
EPS15	OSBPL9	1
CD2	RAP1A	1
PPP1R37	ZNF224	1
ALDH16A1	FLT3LG	1
COL5A3	OLFM2	1
NR2F6	USHBP1	1
DNM2	LDLR	1
PIGN	RNF152	1
ARFGEF2	KRT14	1
MRO	SUPT6H	1
PTRH2	VMP1	1
EFTUD2	KRT24	1
DCAKD	MAP3K14	1
FNDC8	NLE1	1
ATPAF2	TOM1L2	1
FAM83G	GRAP	1
FTO	ZNF536	1
SNTB2	TANGO6	1
PDCD7	ZNF609	1
ANKRD34C	EIF2AK4	1
JMJD7	SPG11	1
AGBL1	THBS1	1
AP1G2	FARSA	1
CDC42BPB	TRAF3	1
DACT1	RAD51B	1
MIA2	MIA2	1
EBPL	LPAR6	1
COL6A2	ELK3	1
DDX27	NCOR2	1
MYL6	ZNFX1	1
ELK3	TLE5	1
P4HB	YBX3	1
COL4A1	ELK3	1
HSPH1	PLEKHA5	1
CHST11	RFX4	1
CERS5	RACGAP1	1
NACA	PTGES3	1
CBS	CTTN	1
CKM	SIAE	1
HNRNPM	PC	1
FCHSD2	GLOD4	1
POLR2G	SLC3A2	1
HBG2	TRIM22	1
MYO19	STK32C	1
CYP2C18	KRT14	1
EEA1	VIM	1
ANK3	SLC16A9	1
ARHGAP12	SORCS3	1
RACK1	TRIM52	1
HLA-B	HLA-E	1
PLEKHA1	TACC2	1
NLGN4Y	VAMP7	1
UBA1	YWHAZ	1
DCUN1D4	GPM6B	1
FAM171B	ZNF75D	1
COL3A1	RPS4X	1
AATF	PCDH11X	1
PHF8	SLCO1C1	1
NCS1	TOR1B	1
INIP	SHOC1	1
RAD23B	ZNF462	1
GABBR2	TBC1D2	1
ASPN	BICD2	1
COL5A1	SPATA31D3	1
CD274	PLGRKT	1
DNAJB5	UNC13B	1
GALT	GLIPR2	1
CNTFR	KIF24	1
CLTA	GNE	1
CHMP5	SPINK4	1
CHMP5	GALT	1
CD72	TLN1	1
IPPK	VTI1B	1
ARG2	IPPK	1
GAPDH	TNC	1
TOP1MT	ZC3H3	1
BOP1	PLEC	1
DPY19L4	NDUFAF6	1
ATP6V1C1	VPS13B	1
EIF3E	NCOA2	1
FUT10	RNF122	1
NSD3	TCEA1	1
ANK1	POMK	1
ASH2L	NSD3	1
NACA4P	TTC38	1
FDFT1	POFUT1	1
EFCAB8	PLAT	1
EIF2S2	LETM2	1
SAMD12	YIF1B	1
ADHFE1	LAMA3	1
FOXN1	PRKDC	1
ELP3	MYO5C	1
DCUN1D5	NCOA2	1
ANO1	PSD3	1
CNTNAP2	ESYT2	1
AKR1B15	BPGM	1
SMO	STRIP2	1
CAV2	TES	1
CAV2	CUX1	1
CACNA2D1	CDK14	1
ANKIB1	GNAI1	1
GTF2IRD1	HSPB1	1
DTX2	ZP3	1
NFE2L3	TPST1	1
KBTBD2	PDE1C	1
GGCT	ZNRF2	1
SIRPB2	TYW1	1
FNDC1	TULP4	1
CENPW	SESN1	1
EZR	POLH	1
ANKS1A	DCDC2	1
ITPR3	RPS10	1
DST	HMGN1	1
EYS	GPI	1
DSG1	DSP	1
KIAA1328	SUPT3H	1
MIF4GD	RSPH3	1
CLNS1A	DCBLD1	1
MCTP1	TNC	1
ARHGAP26	PCMTD1	1
ADAM9	ERCC8	1
PCBD2	SEC24A	1
ELOVL7	SMIM15	1
ITGA2	NDUFS4	1
ACACA	CCDC192	1
ESYT2	ZNF595	1
PLEKHG4B	ZNF718	1
RWDD4	SORBS2	1
ARFIP1	DCTD	1
C4ORF3	PDE5A	1
AFP	CXCL1	1
CRACD	TMEM165	1
POLR2B	REST	1
STIM2	TBC1D19	1
CWH43	SLAIN2	1
FHIP1A	MYO18B	1
CMTM4	SULT1E1	1
CCDC88C	RASGEF1B	1
TBL1XR1	TRMT9B	1
FGL1	ITGB5	1
CYTH3	TP63	1
EXOC2	FRMD4B	1
COL8A1	SHROOM3	1
OPA1	XXYLT1	1
GMNC	PPP1R2	1
DLG1	HRG	1
HTR3C	YEATS2	1
ATP11B	NAALADL2	1
EPHB1	PCCB	1
HACL1	METTL6	1
COL7A1	PFKFB4	1
ROCK1	RPL29	1
JUP	TFRC	1
FNDC3B	KLF13	1
HEBP1	IL20RB	1
CRYBG3	MYBPC1	1
C12ORF75	MKRN2	1
PRKCD	SLC4A8	1
CTTN	FHIT	1
ASCC1	RAP2B	1
ANAPC16	RAP2B	1
CCDC146	TGFBRAP1	1
HADHA	PRKAR1B	1
CFAP20DC	DDX1	1
COL6A2	TMSB10	1
KCTD18	TRAK2	1
PGAP1	ZDBF2	1
ALS2	KLF7	1
HIBCH	PMS1	1
MYO1B	NCKAP1	1
ASNSD1	PMS1	1
CIR1	NFE2L2	1
CCDC148	PSMD14	1
ACTR3	SLC4A10	1
FAM178B	MRPL30	1
ANKRD23	FAM178B	1
LPIN1	ROCK2	1
ADAM17	ITGB1BP1	1
GTF2A1L	PPP1R21	1
AAK1	GALNT14	1
SERTAD2	TGFA	1
CCDC142	M1AP	1
DES	MYBPC2	1
COPS8	RIN3	1
RBX1	SLC25A17	1
DMC1	SLC25A17	1
ATXN10	TUBGCP6	1
NIPSNAP1	ZMAT5	1
ACR	SMARCB1	1
PLA2G6	SCARF2	1
KREMEN1	MAPK1	1
BID	UBE2L3	1
COL6A2	MYH9	1
PWP2	TRAPPC10	1
APP	TMEM50B	1
FNDC11	HELZ2	1
CTSA	WFDC3	1
CASS4	ITCH	1
RPRD1B	VSTM2L	1
RALY	RPN2	1
KIF3B	PXMP4	1
EIF2S2	NCOA6	1
AHCY	TASP1	1
NINL	TTLL9	1
DEFB123	GINS1	1
ACOT11	FANCC	1
LRP12	PTPRF	1
DNAAF5	SMYD3	1
LAMB3	NAMPT	1
MICALL1	RNPEP	1
LPIN1	TIMM17A	1
JUP	PKP1	1
BAHCC1	IVNS1ABP	1
ACTG1	SPRR1B	1
JPT2	NAV1	1
CSDE1	CYB5B	1
GBA1	OTUB1	1
CARD16	MAST2	1
F3	TOP6BL	1
CHRM3	FMN2	1
LIN9	PARP1	1
C1ORF131	EGLN1	1
CSRP1	IPO9	1
C1ORF21	IRF6	1
GPR161	MPC2	1
DEDD	UFC1	1
ARHGEF2	UBQLN4	1
EFNA1	FLAD1	1
SPRR2D	SPRR2G	1
SPRR1B	SPRR2G	1
SPRR2E	SPRR2G	1
EFNA3	SHC1	1
CRCT1	SPRR2A	1
PCNX2	TP73	1
PEX14	UBE4B	1
SPEN	SRARP	1
CLSTN1	PGD	1
CASZ1	PEX14	1
CAMTA1	PER3	1
DLGAP3	KIAA0319L	1
CAP1	KCNQ4	1
IFT25	NDC1	1
SAE1	ZC3H4	1
PRR12	SNRNP70	1
GMFG	LRFN3	1
BCKDHA	HNRNPUL1	1
BICRA	ZNF793	1
OAZ1	ZFP36	1
SH3GL1	STAP2	1
MYO9B	SPC24	1
DAND5	MOB3A	1
CRLF1	KXD1	1
DOT1L	IRF4	1
ELAVL1	PRR36	1
COLGALT1	PGLS	1
DSG2	DSG4	1
LAMA3	SNRPD1	1
ANKRD12	RIOK3	1
GDPD1	NRIP1	1
OAZ1	STARD3	1
PARD6G	TAOK1	1
NEDD4L	UBE2G1	1
CENPX	P4HB	1
FN3KRP	FOXK2	1
HELZ	PSMD12	1
CEP112	TANC2	1
INTS2	MED13	1
HELZ	WIPF2	1
TLK2	TOP2A	1
NSF	STRADA	1
COL1A1	PPP1R9B	1
COPZ2	NFE2L1	1
JUP	NT5C3B	1
DHX8	KRTAP4-1	1
BECN1	GPATCH8	1
MED24	PPP1R1B	1
IFT20	VTN	1
MPDU1	WRAP53	1
GABARAP	GPS2	1
C16ORF95	ZCCHC14	1
ATP8B4	TYMP	1
CSNK1G1	INTS2	1
PEAK1	USP31	1
ALDH1A3	IGF1R	1
IDH3A	SH2D7	1
SIN3A	SNUPN	1
GRAMD2A	PKM	1
IQGAP1	SPPL2A	1
MYEF2	USP8	1
EIF2AK4	EPB42	1
MYL4	PAPLN	1
ATP5MJ	BRF1	1
LIN52	ZNF410	1
PLEKHH1	VTI1B	1
AHSA1	DLST	1
ATP6V1D	GPHN	1
NIN	SAV1	1
ABHD12B	FRMD6	1
FANCM	FKBP3	1
AP2B1	RAB20	1
ATP4B	GAS6	1
LLPH	SLC2A11	1
ERC1	GRK3	1
PPP1R12A	TPGS2	1
KANSL2	PSMC6	1
CAPS2	KCNC2	1
GLS2	TIMELESS	1
NACA	RBMS2	1
MUC19	NELL2	1
COPS7A	RPLP0	1
PRR4	SPSB2	1
PHB2	RBP5	1
DCTN2	PLEKHA5	1
C1S	PTPRO	1
AEBP2	PIK3C2G	1
ALG10	IGFBP6	1
DENND5B	TSPAN9	1
BMAL2	RASSF8	1
HSCB	LRP5	1
KIAA1549L	KLHL22	1
BPIFB2	MUC5B	1
MRE11	ZNF57	1
COL1A1	TNNT3	1
HSD17B12	RPS6KB1	1
EMP2	SORL1	1
CHSY1	PPP1CA	1
CASP1	TTC6	1
ANO1	MIDEAS	1
CEP126	YAP1	1
ARHGAP42	YAP1	1
HSPA8	VSTM5	1
CTSC	MMP12	1
ANKRD42	PICALM	1
SHANK2	YAP1	1
ARHGAP42	FAM168A	1
DPP3	UVRAG	1
TOP6BL	TSGA10IP	1
PPFIA1	RNF121	1
PPFIA1	RBM4	1
OTUB1	RPS6KA4	1
GSTP1	NADSYN1	1
LAMTOR1	UVRAG	1
FCHSD2	STARD10	1
FCHSD2	NUMA1	1
CCND1	FGF4	1
C11ORF68	DRAP1	1
ANO1	FOLR3	1
FEN1	NFRKB	1
APLP2	SLC22A10	1
NAALADL1	PATL1	1
GNG3	SLC3A2	1
RRAS2	UVRAG	1
KCNQ1	METTL15	1
EIF3M	ELP4	1
FOLH1	PACS1	1
MYO3A	SLC5A3	1
MRPS6	MYO3A	1
DMBT1	RAB3D	1
PDLIM1	TNRC6A	1
ANKRD26	ERC1	1
ADK	TAF1D	1
ASCC1	PSAP	1
CDC123	DHTKD1	1
ANKRD26	YME1L1	1
HTRA1	PARD3	1
AFF2	BMPR1B	1
AFF2	H3-3A	1
AFF2	NUCKS1	1
ETV6	TNFRSF8	1
BCAP31	PNMA5	1
FLNA	MTCP1	1
TIMM8A	TRPC5	1
COL4A5	RNF128	1
RAB9A	TRAPPC2	1
BCLAF3	POLA1	1
APOO	CNKSR2	1
NXF2	USP9X	1
FAM156B	RPS6KA3	1
SMC1A	UBQLN2	1
ERAS	RBM10	1
AKAP9	PPP2R3B	1
COL4A5	XRCC4	1
SH3BGRL	ZBTB20	1
CDK16	L3MBTL4	1
BGN	COL1A1	1
ELK3	UBA1	1
KMT5B	SLITRK4	1
CDK11B	DMD	1
RBM10	SEC16B	1
DBH	STKLD1	1
NTMT1	PRRX2	1
ODF2	URM1	1
INPP5E	SEC16A	1
CAMSAP1	UBAC1	1
AK1	ST6GALNAC4	1
C5	RAB14	1
GARNL3	LRSAM1	1
FBXW2	MEGF9	1
ECPAS	MRRF	1
ABCA1	ZBTB26	1
BAAT	ZNF189	1
FSD1L	SLC44A1	1
CENPP	PTPRD	1
STX17	TJP2	1
RIC1	SLC1A1	1
MLLT3	PLGRKT	1
LINGO2	PLAA	1
APTX	SMU1	1
UBAP1	ZCCHC7	1
RNF38	SPINK4	1
BRD10	PHF20	1
FAM219A	S1PR5	1
CHST9	NOTCH1	1
ERMP1	RBBP8	1
IL11RA	SRCAP	1
CEP152	PUM3	1
FGF7	KDM4C	1
AQP3	B2M	1
COL5A1	UVRAG	1
LURAP1L	WASHC2A	1
SCRIB	ZC3H3	1
SAMD12	TG	1
FBXO32	MTSS1	1
DEPTOR	SAMD12	1
ADCK5	MROH1	1
ANGPT1	CSMD3	1
NCALD	RPL8	1
COL14A1	CPQ	1
DPYS	VPS13B	1
ANKRD46	RNF19A	1
PAG1	ZNF704	1
E2F5	LRRCC1	1
ARMC1	PDE7A	1
LYN	RPS20	1
ATP6V1H	RP1	1
PPDPFL	PRKDC	1
PINX1	XKR6	1
GATA4	TRMT9B	1
IDO2	RNF122	1
FGFR1	ZMAT4	1
DKK4	VDAC3	1
IDO1	SLC20A2	1
FGFR1	PLPP5	1
NSD3	TACC1	1
KCNU1	LETM2	1
KAT6A	SMIM19	1
KAT6A	SLC20A2	1
GPAT4	KAT6A	1
FGFR1	LETM2	1
DDHD2	EIF4EBP1	1
BAG4	LETM2	1
FNTA	RANGAP1	1
FGFR1	ZNRF3	1
NRIP1	UBE2V2	1
CNGB3	SEC23B	1
ANK1	PPFIA3	1
KANSL1	NSD3	1
STK3	SULT1A4	1
STK3	SULT1A3	1
COTL1	PREX2	1
ASAH1	WWOX	1
CAPN15	NSD3	1
GSR	OTOA	1
KATNIP	LSM1	1
EIF4EBP1	HS6ST3	1
ADCY8	SCAF11	1
CA1	HTATIP2	1
FGFR1	PPFIA1	1
ANGPT1	CXCL12	1
GAD2	PAG1	1
ADAM32	IKZF5	1
MPDZ	ZPBP	1
EGFR	TCEA1	1
AGK	KMT2C	1
AGAP3	GRM3	1
BRAF	CNTNAP2	1
BRAF	BRAF	1
CHCHD3	MET	1
AASS	CADPS2	1
BRAF	SLC26A4	1
CUX1	NRCAM	1
CDK14	DNAJC2	1
CDK14	RBM33	1
LMTK2	PCLO	1
BRI3	LMTK2	1
CALCR	GNGT1	1
DMTF1	GRM3	1
CLDN12	STEAP1	1
POR	TRIM73	1
PHTF2	RSBN1L	1
MDH2	STYXL1	1
FAM20C	MKRN1	1
AOAH	ELMO1	1
ABCA13	BLVRA	1
GRB10	VOPP1	1
MRPS17	PSPH	1
CHODL	EGFR	1
ACTB	CSE1L	1
COLGALT1	PTN	1
EGFR	TEAD2	1
CAMK2B	ROCK1	1
ITGB4	PTN	1
KRT15	PTN	1
COL1A2	P4HB	1
PRKCA	SDK1	1
CLEC2L	TANGO6	1
ADAD2	NRF1	1
PTPRN2	TMEM87A	1
CDHR3	DYNC1H1	1
MON2	RCC1L	1
ACTB	GAPDH	1
PPP6R3	SSBP1	1
HSPB1	SF3B2	1
ACTR3C	SORCS1	1
GSN	UTRN	1
FUT9	SPIN1	1
FGFR1	PTK7	1
PRIM2	PRKDC	1
DSP	HNRNPA2B1	1
SPATS1	ZSCAN25	1
AFDN	GMDS	1
GTF2H5	TMEM242	1
GTF2H5	SNX9	1
EPM2A	LTV1	1
AIG1	IL20RA	1
ABRACL	MAP3K5	1
RNF217	TPD52L1	1
NKAIN2	SERINC1	1
CALHM4	RWDD1	1
HDDC2	RNF217	1
PKIB	TRDN	1
HDDC2	PKIB	1
GTF2H5	REV3L	1
POPDC3	PREP	1
PREP	SIM1	1
ASCC3	HACE1	1
ANKRD6	CASP8AP2	1
ECHDC1	MYO6	1
FILIP1	TMEM30A	1
COL9A1	LMBRD1	1
ERVFRD-1	NEDD9	1
PHACTR1	RANBP9	1
NEDD9	RANBP9	1
DEK	EYS	1
CAP2	GMDS	1
DTNBP1	JARID2	1
CDKAL1	OR2H1	1
ARFGEF3	XPO5	1
MDC1	TUBB	1
KCTD20	PNPLA1	1
KCNK5	KIF6	1
HLA-DOA	MUC21	1
CCND3	FOXP4	1
DDX39B	NCR3	1
CCND3	VPS52	1
BYSL	CCND3	1
C6ORF132	TRERF1	1
BAG6	TAF8	1
FAM83B	HTR1E	1
BEND6	TRIM38	1
MAPK14	PAQR8	1
EFHC1	MAPK14	1
LRRC1	TINAG	1
ELOVL5	SLC25A27	1
BMP5	DST	1
NKAIN2	PRIM2	1
EYS	PDXK	1
DDX27	PERP	1
IGFBP4	UTRN	1
ACTG1	CCNC	1
COL1A1	PRRC2A	1
CDK19	CIAO2B	1
NTAN1	SLC17A5	1
EFL1	KHDRBS2	1
DPF3	SASH1	1
CDK8	RPL7L1	1
ERP29	NHSL1	1
EIF4G2	UTRN	1
PIK3R1	RABEPK	1
ADAMTS16	MRPS28	1
PLPBP	ZNF622	1
NIPBL	NRG1	1
EIF4EBP1	PRKAA1	1
TECPR1	ZFR	1
HINT3	WDR70	1
KHDC1	NIPBL	1
G3BP1	SLC36A1	1
ATOX1	FAT2	1
NDST1	TCOF1	1
SH3RF2	SLC23A1	1
MEGF10	PRELID2	1
MATR3	PSD2	1
CYSTM1	DIAPH1	1
DMGDH	HOMER1	1
ANKRA2	TMEM232	1
MAP1B	PTCD2	1
PDE4D	RGS7BP	1
PDCD6	PLEKHG4B	1
PDCD6	SDHA	1
IRX4	MARCHF6	1
AHRR	CEP72	1
ADAMTS12	FBXO38	1
C7	NDUFS6	1
CDH12	SLC1A3	1
NADK2	SPEF2	1
FYB1	RICTOR	1
CPLANE1	MTMR12	1
C6	GHR	1
FYB1	GDNF	1
FAM83F	FST	1
GIPC1	UBE2D2	1
MBTD1	SRD5A1	1
CSNK1A1	NOMO1	1
MAP1B	SUPT16H	1
AMIGO2	NNT	1
KCNIP1	KCTD14	1
EGR1	FAR1	1
FGFR3	IER5L	1
COX18	ZFAT	1
AGMO	SEC31A	1
CXCL13	UTRN	1
HMGCLL1	TEC	1
SCFD2	THBS4	1
INPP4B	NAA15	1
FBXW7	INPP4B	1
PAPSS1	TBCK	1
SLC9B1	UBE2D3	1
SLC9B2	TBCK	1
FRAS1	MRPL1	1
BMP2K	CDS1	1
CCSER1	UGT2A1	1
SULT1B1	YTHDC1	1
ADAMTS3	YTHDC1	1
DNAJB14	KIT	1
IDUA	TMEM175	1
SMIM14	STK32B	1
FRYL	LCORL	1
CXADR	FAM184B	1
PTPRA	SDAD1	1
SPP1	THSD4	1
DAPK2	WDR1	1
CD38	RNASE10	1
KCTD8	SGMS1	1
NTRK2	TP63	1
POMK	ST6GAL1	1
ALKAL1	NEK11	1
PLCXD2	RIMS2	1
KMT2C	MFN1	1
PDIA4	SCHIP1	1
MET	TM4SF4	1
MRPS22	RAPGEF5	1
DNAH5	TRA2B	1
DNAJC19	RNF130	1
CTNNB1	TCOF1	1
FGF12	ZNF595	1
BDH1	PAK2	1
FGF12	MB21D2	1
FYTTD1	RPL35A	1
BDH1	DLG1	1
ACAP2	ATP13A3	1
EHHADH	OPA1	1
CLDN1	PPP1R2	1
TP63	TPRG1	1
IL1RAP	TPRG1	1
EIF2B5	LSG1	1
EHHADH	SENP5	1
TPRG1	YEATS2	1
LIPH	YEATS2	1
ABCC5	YEATS2	1
SENP2	VPS8	1
CHRD	LPP	1
B3GNT5	KLHL24	1
IGF2BP2	ST6GAL1	1
DVL3	VPS8	1
B3GNT5	CAMK2N2	1
AP2M1	MAP3K13	1
ATP13A4	NAALADL2	1
GNB4	YEATS2	1
NAALADL2	SENP2	1
LPP	SEC62	1
FXR1	KLHL24	1
DGKG	ECT2	1
CCDC39	MCF2L2	1
ATP11B	MCF2L2	1
ABCC5	DCUN1D1	1
ABCC5	ATP11B	1
FXR1	TNFSF10	1
PLD1	TNFSF10	1
FNDC3B	PLD1	1
PHC3	SLC7A14	1
FNDC3B	NCEH1	1
FNDC3B	NAALADL2	1
ATP11B	SI	1
MCF2L2	PPM1L	1
GFM1	KLHL6	1
BCHE	IQCJ	1
DLG1	ZIC1	1
HLTF	OTOL1	1
AGTR1	WWTR1	1
ATR	KPNA4	1
NMNAT3	RBP1	1
ATR	XRN1	1
NPHP3	VPS8	1
RAB6B	VEPH1	1
CP	MRAS	1
SLC25A36	SLCO2A1	1
DNAJC13	UBA5	1
IFT122	PHC3	1
RUVBL1	TMCC1	1
MBD4	TMCC1	1
ATG3	SEC62	1
LSAMP	TMCC1	1
GUCA1C	SLCO2A1	1
PHLDB2	TAGLN3	1
BOC	SIDT1	1
RPL24	SLC9A9	1
TFDP2	TFG	1
NFKBIZ	ZBED2	1
GSK3B	IMPG2	1
LNP1	TMEM45A	1
TFG	TMEM45A	1
ALCAM	EPHA6	1
ARL13B	NSUN3	1
GHRL	IRAK2	1
ANKRD28	RFTN1	1
OXSR1	SLC22A14	1
OSBPL10	UBP1	1
ALAS1	PARP3	1
PAK2	VGLL3	1
SPATA16	THOC5	1
KALRN	UQCR10	1
TCTA	VPS26C	1
POU1F1	TMPRSS15	1
LTF	ZNFX1	1
ACTN4	IGF2BP2	1
EPB41L3	LRRC34	1
SLC49A4	TTC39C	1
GRB2	PCYT1A	1
ROBO1	SYNRG	1
DHX30	RPLP1	1
PIK3CA	YLPM1	1
MYLK	TNFSF13B	1
MGAT4C	PLD1	1
GLIPR1	TRMT10C	1
ATP11B	PDE3B	1
EIF4A2	FGFR2	1
CD96	NCOA4	1
RAB18	ZBTB20	1
COL5A1	ITGB1BP1	1
GRM3	PPP4R3B	1
FN1	UTRN	1
LANCL1	PRKN	1
ID4	LRATD1	1
CCT7	UTRN	1
OSMR	USP37	1
DROSHA	FAHD2B	1
ALK	PLCXD3	1
NRXN1	PLEKHG4B	1
CANX	CCT4	1
BCL11A	EPHA5	1
PNO1	SHROOM3	1
CLCN3	TMSB10	1
NDUFA10	TMEM207	1
GPC1	MFN1	1
PTPN23	STAT4	1
NMD3	PRKRA	1
NEK11	SPC25	1
KCNMB2	NRXN1	1
EVA1A	TTC28	1
NRP2	TIAM1	1
COL6A1	EIF2AK2	1
PLEKHM3	SEC23B	1
MAPRE1	TMEM131	1
BPIFB2	KANSL3	1
FOSL2	PPDPF	1
ATG16L1	GIGYF2	1
DIS3L2	FAM124B	1
MREG	TTLL4	1
TMBIM1	TNS1	1
FN1	PECR	1
CNOT9	WNT6	1
NHEJ1	PIKFYVE	1
ATG4B	BMPR2	1
RFTN2	SF3B1	1
ABI2	MAIP1	1
HIBCH	MFSD6	1
HIBCH	INPP1	1
ATF2	CHRNA1	1
FAP	TNS1	1
CERS6	G6PC2	1
COBLL1	SLC38A11	1
CCDC148	DAPL1	1
RPRM	TNS1	1
ERBB4	NCKAP5	1
NCKAP5	PGAP1	1
ACVR1C	MGAT5	1
ARHGEF4	NCKAP5	1
ACTR3	CCDC148	1
ACOXL	C2ORF76	1
ACOXL	BCL2L11	1
EPB41L5	TBC1D8	1
IL36G	ITPRIPL1	1
TMEM127	ZAP70	1
ROCK2	SH3YL1	1
EIPR1	MYT1L	1
ASAP2	TAF1B	1
DDX1	NBAS	1
ITSN2	TRAF3IP1	1
ABI2	ALK	1
KLHL29	UBXN2A	1
GPN1	KLHL29	1
BABAM2	SPDYA	1
CENPO	HADHB	1
ADCY3	HADHA	1
CAMKMT	SLC3A1	1
PPM1B	SRBD1	1
CRIPT	EPAS1	1
PPP1CB	PSME4	1
EHBP1	FAM161A	1
CIAO1	SERTAD2	1
RAB1A	REL	1
FAM136A	TIA1	1
C2ORF42	FAM136A	1
TCF7L1	TMEM182	1
GNLY	USP39	1
CHMP3	TRABD2A	1
CHMP3	REEP1	1
CNN2	TTC7A	1
KLHL29	PSMA8	1
EIF2AK2	JUP	1
MYO9A	PMS1	1
COBLL1	NUDT15	1
COL3A1	GAPDH	1
FMNL2	HECTD4	1
FBRSL1	PDIA6	1
DRAM1	SPDYA	1
BIRC6	LYZ	1
SARNP	VAMP8	1
CAPN1	EIF2AK2	1
DDIT4	EIF2AK2	1
A4GALT	PACSIN2	1
GGA1	NOL12	1
MGAT3	SYNGR1	1
FAM227A	GTPBP1	1
ATXN10	WNT7B	1
ALG12	ZBED4	1
ZC3H7B	ZNRF3	1
NF2	ZNRF3	1
HORMAD2	SEC14L2	1
PISD	PRR14L	1
MORC2	NF2	1
MORC2	PATZ1	1
APOL3	ISX	1
PRODH	THAP7	1
GNB1L	TXNRD2	1
BCR	GNAZ	1
BCL2L13	CECR2	1
ERG	MAPK11	1
APOL2	NCAM2	1
PDXK	RRP1	1
GNAS	STX16	1
PFDN4	SLCO4A1	1
B4GALT5	ZFP64	1
DSN1	NPEPL1	1
HM13	ITCH	1
CHMP4B	EFCAB8	1
MMP24	RNF24	1
RALGAPA2	TASP1	1
DTD1	TASP1	1
ABHD12	KIF16B	1
GINS1	SYNDIG1	1
ABHD12	ENTPD6	1
FAAH	KIF24	1
PLEKHA6	RAB2A	1
SLC7A13	WDTC1	1
KCNK9	NRDC	1
AGT	DNAJB6	1
GPNMB	IRF6	1
HMCN1	PRKAR2B	1
ABCA13	CAP1	1
EYS	GALNT2	1
RASA1	RGS18	1
CTNNA1	HEYL	1
CLCN3	PKP1	1
IRF2	MORN1	1
CD46	TFG	1
ATP11B	POU3F1	1
NSUN4	TFRC	1
CNN3	OSBPL10	1
LIMK2	RASAL2	1
RANBP1	SPSB1	1
ITSN1	MATN1	1
DDX27	PRDX1	1
EFCAB8	FNBP1L	1
NHEJ1	ZNF124	1
GPR37L1	NFE2L2	1
TRAF3IP1	ZBTB8B	1
ADAM23	RCC1	1
AGO3	VRK2	1
CASP8	TTLL7	1
PHGDH	WDPCP	1
RYR1	SEMA4A	1
COL5A3	THRAP3	1
CMPK1	TNNT1	1
ATP5PB	PIEZO2	1
ARID1A	RPL4	1
AHNAK2	CD244	1
IFI16	NUMB	1
LAMC2	OAS2	1
ETNK1	HMCN1	1
NAA25	PRRC2C	1
AGRN	NOC4L	1
FADS2	S100A8	1
ENO1	UVRAG	1
FNBP1L	NAV2	1
CELSR2	FAR1	1
PACC1	PSAP	1
CDK1	USP24	1
PRKACB	SFMBT2	1
KIF26B	SMYD3	1
AKT3	KIF26B	1
AHCTF1	TFB2M	1
GGPS1	TBCE	1
B3GALNT2	GNG4	1
CENPF	EGLN1	1
LGR6	PPP1R12B	1
DDX59	KIF14	1
CAMSAP2	KCNH1	1
B3GALT2	CFH	1
DENND1B	RGL1	1
MR1	XPR1	1
RASAL2	SOAT1	1
LHX4	QSOX1	1
DPT	TOMM20	1
ABL2	GPR161	1
FCGR3A	XPR1	1
NECTIN4	NTRK1	1
KIRREL1	PYHIN1	1
CD1A	KIRREL1	1
F11R	SPTA1	1
F11R	PFDN2	1
F11R	NTRK1	1
F11R	NR1I3	1
MEF2D	UBQLN4	1
SPRR1A	SPRR2E	1
RAB13	SLC39A1	1
CERS2	SEMA6C	1
S100A7A	S100A9	1
BOLA1	RPRD2	1
PIAS3	RNF115	1
PIP5K1A	SCNM1	1
PGLYRP4	S100A2	1
GATAD2B	PRKAB2	1
CKS1B	EFNA3	1
TCEA3	ZBTB40	1
AHDC1	WASF2	1
STPG1	USP48	1
RER1	RPL22	1
AGRN	PUSL1	1
CDK11B	MXRA8	1
AURKAIP1	INTS11	1
DNAJC16	FHAD1	1
BSDC1	PNRC2	1
RAB42	YTHDF2	1
ELOVL1	SMYD3	1
EGLN1	KDM4A	1
SH3D21	THRAP3	1
CAP1	RLF	1
FGGY	KIF2C	1
FGGY	ZYG11B	1
DAB1	MYSM1	1
ACADM	FOXJ3	1
IFI44L	MIGA1	1
GNG5	TTLL7	1
ABCD3	AK5	1
ABCD3	SLC44A3	1
MFSD14A	PALMD	1
ATP1A1	SORT1	1
FBLN1	PAK4	1
MMP11	ZNF714	1
DEFB132	NOTCH3	1
GALP	ZSCAN5A	1
WTIP	ZNF850	1
IGSF23	ZNF836	1
ZNF814	ZSCAN18	1
ZNF787	ZNF814	1
CATSPERG	ZNF571	1
CKM	ZNF480	1
NLRP4	ZNF331	1
PTOV1	VRK3	1
CD22	SIPA1L3	1
CEACAM5	RPS19	1
MBOAT7	TARM1	1
C19ORF47	GARRE1	1
ACTN4	FBXO17	1
CADM4	ETHE1	1
EPN1	U2AF2	1
C5AR1	DHX34	1
ARHGAP35	DHX34	1
DEDD2	GSK3A	1
CCDC61	PPP5C	1
CBLC	PVR	1
BCL3	HIPK4	1
ACTN4	KIRREL2	1
ACTN4	APLP1	1
TSHZ3	ZNF571	1
LSM14A	URI1	1
C19ORF12	ZNF749	1
CCNE1	URI1	1
TLE5	TNNT1	1
GATAD2A	RPL28	1
CYP2S1	UPF1	1
PDE4A	ZNF653	1
SCAMP4	ZNF625	1
ANKRD24	YJU2	1
LRRC8E	TJP3	1
NFIX	TICAM1	1
SMARCA4	ZNF791	1
LINGO3	PLEKHJ1	1
PDE4A	S1PR5	1
NDUFA11	ZNF846	1
KHSRP	ZNF441	1
CRLF1	ELL	1
EIF3G	ZNF560	1
CARM1	OLFM2	1
SIGLECL1	ZNF714	1
CPAMD8	ZNF98	1
ZNF557	ZNF714	1
UNC13A	ZNF492	1
CDC45	RIT2	1
CHST9	ZNF675	1
SERPINB13	SERPINB5	1
MBD1	MYO5B	1
ME2	MRO	1
ARK2C	ZBTB7C	1
MALT1	NOL4	1
RNF125	TRAPPC8	1
FHOD3	GALNT1	1
GAREM1	PIEZO2	1
NPC1	TMEM241	1
METTL4	YES1	1
PSMG2	PTPN2	1
EIF4A1	RBX1	1
NOTCH3	UBTF	1
AATF	FTL	1
YWHAE	ZNF180	1
RABEP1	RPL18	1
UNK	WBP2	1
CEP295NL	UBALD2	1
ASPSCR1	TBCD	1
SAP30BP	TSEN54	1
MRPS7	SLC16A5	1
MIF4GD	SDK2	1
JPT1	NUP85	1
FAAP100	NPLOC4	1
ENGASE	RBFOX3	1
CEP112	GNA13	1
DCAF7	SLC16A5	1
DDX5	POLG2	1
DHX40	RNFT1	1
FKBP10	RPS6KB1	1
ARL17B	MSI2	1
CDC27	HLF	1
NME1	NMT1	1
LRRC46	NFE2L1	1
FKBP10	JUP	1
CBX1	HOXB8	1
ARL4D	DNAJC7	1
MED1	SLC39A11	1
SEZ6	SLC38A10	1
RHBDL3	RHOT1	1
NF1	SLC46A1	1
FAM222B	TLCD1	1
DHRS13	FAM222B	1
CPD	NF1	1
EIF5A	MKS1	1
MYH3	YWHAE	1
CRK	YWHAE	1
CYB5D1	WDR81	1
CAMTA2	SPAG7	1
RABEP1	RPAIN	1
CHRNE	PELP1	1
NTN1	STX8	1
FGF11	MYBBP1A	1
ANKFY1	MYBBP1A	1
METTL16	RFLNB	1
CAMKK1	ITGAE	1
ARHGAP44	SLC13A5	1
AKAP10	PSMD11	1
ALDH3A2	SLC47A1	1
CLEC16A	YDJC	1
GSE1	RPL28	1
CXCL17	LITAF	1
CTU2	ZC3H18	1
ATP2C2	WFDC1	1
JPH3	OSGIN1	1
MLKL	TMEM231	1
ADAT1	KARS1	1
PRMT7	ZFP90	1
NFAT5	NOB1	1
MTSS2	VAC14	1
CDH3	TANGO6	1
MT1H	NUP93	1
EMP2	TERF2	1
METTL22	PMM2	1
MAPK8IP3	TMEM204	1
JPT2	NHERF2	1
CREBBP	NAA60	1
CREBBP	ELOB	1
CAPN15	NME4	1
CAPN15	DECR2	1
AXIN1	PGAP6	1
ARHGAP17	SNRNP25	1
METTL9	TNRC6A	1
HIRIP3	XPO6	1
LAT	ZNF768	1
FBRS	ZNF689	1
SNUPN	ZNF233	1
PKM	TNNT1	1
CHSY1	PCSK6	1
FAM174B	LRRC49	1
ADPGK	BBS4	1
BBS4	HEXA	1
CELF6	PKM	1
ANXA2	RHCG	1
CIAO2A	OAZ2	1
CSNK1G1	PPIB	1
SPPL2A	TNFAIP8L3	1
FAM227B	FGF7	1
EIF2AK4	FEM1B	1
TMEM87A	VPS39	1
VPS18	ZFYVE19	1
PDIA3	STARD9	1
ITPKA	RTF1	1
DPH6	PRTG	1
EMC7	KATNBL1	1
CDIN1	ENTREP2	1
AVEN	RYR3	1
LPCAT4	MTMR10	1
GABRG3	OCA2	1
LTBP4	SUPT16H	1
LRP10	MSL1	1
ITPK1	RPS6KA5	1
CCDC88C	RIN3	1
MTA1	PACS2	1
CEP170B	ITPK1	1
DYNC1H1	EIF5	1
DICER1	PAPOLA	1
CDCA4	CLBA1	1
GPR68	NUMB	1
FCF1	FOXN3	1
PCNX1	TTC9	1
EIF2S1	PLEKHH1	1
FNTB	MNAT1	1
DDHD1	PLEKHG3	1
GCH1	WDHD1	1
PELI2	SAV1	1
FBXO33	PELI2	1
SFTA3	SLC25A21	1
FOXG1	NPAS3	1
AP4S1	FAM177A1	1
AP4S1	HEATR5A	1
ABHD12B	RNASE1	1
NPAS3	OXA1L	1
ACIN1	HAUS4	1
DOP1B	PIBF1	1
MACROD2	MPHOSPH8	1
ARHGAP35	SLC7A1	1
GPC6	SMG1	1
CHAMP1	UNC79	1
LAMP1	TFDP1	1
ATP4B	TFDP1	1
ATP11A	TFDP1	1
GRTP1	PCID2	1
F10	MCF2L	1
CUL4A	TMEM255B	1
CDC16	COL4A2	1
ATP11A	F7	1
ABHD13	IRS2	1
GPC6	ITGBL1	1
KLF12	TBC1D4	1
COMMD6	KLF12	1
ESD	ITM2B	1
AKAP11	DGKH	1
LYZ	THOC5	1
SLC16A7	TTC28	1
MGME1	VPS29	1
GNAS	TXNRD1	1
ALG10B	TAF4	1
ACVRL1	SUPT5H	1
PPFIBP1	ZNF329	1
ATP8B1	SLC11A2	1
DLGAP1	LRRC23	1
AEBP2	MBP	1
CDC6	MPHOSPH9	1
LYZ	STRADA	1
CYP27B1	PRPSAP2	1
KRT19	PLEKHA5	1
CD9	SPG11	1
KIF21A	MIPOL1	1
PCDH9	WASHC4	1
DDX55	ZNF664	1
CCDC63	TCTN1	1
SPPL3	UNC119B	1
ACADS	SPPL3	1
MLXIP	SETD1B	1
OASL	RNF10	1
DDX55	RFLNA	1
KNTC1	MLXIP	1
BRAP	HECTD4	1
CHFR	GOLGA3	1
ACSS3	OSBPL8	1
CCT2	FRS2	1
PPM1H	TSPAN8	1
CAND1	CNOT2	1
CUX2	KMT2D	1
SMAGP	TFCP2	1
ANKRD52	RNF41	1
NCKAP5L	PRKAG1	1
DDX23	KMT2D	1
ERBB3	SUOX	1
DIP2B	LARP4	1
BAZ2A	PRIM1	1
AAAS	ITGB7	1
NELL2	SMAGP	1
BCL2L14	MSRB3	1
DDX47	YBX3	1
APOLD1	YBX3	1
DUSP16	WNK1	1
DYRK4	SPSB2	1
FOXJ2	LPCAT3	1
FAM234B	YBX3	1
C1S	CD4	1
CLEC1A	H4C16	1
DERA	MGST1	1
C2CD5	CMAS	1
EPS8	MED21	1
INTS13	TM7SF3	1
SMCO2	STK38L	1
BMAL2	STK38L	1
CTSC	GNB1L	1
CNTN5	TTYH1	1
CTNND1	KRT19	1
NAV2	PDXDC1	1
PPP1CA	PPP2R3C	1
CSTF3	HSP90AA1	1
C11ORF65	PIBF1	1
ERBB3	MDK	1
ERC1	SPI1	1
ARHGAP32	TP53AIP1	1
DYNC2H1	TMEM123	1
ARHGAP42	TMEM123	1
EED	TMEM126A	1
NOX4	TENM4	1
OAF	PPFIA1	1
CNTN5	PPP6R3	1
PAK1	STIP1	1
FAM168A	TMEM135	1
CTSF	YIF1A	1
MRPL21	TPCN2	1
NAALADL1	SNX15	1
CATSPERZ	RELT	1
ALDH3B1	PPFIA1	1
PACS1	PCNX3	1
MYEOV	NADSYN1	1
FRMD8	PACS1	1
CFL1	DPF2	1
CTTN	MRGPRF	1
CCDC88B	RELT	1
ANO1	FGF19	1
MS4A18	STIP1	1
MS4A8	SHANK2	1
EEF1G	PPP6R3	1
STX5	WDR74	1
C11ORF98	INTS5	1
FADS1	TMEM138	1
LTBP3	TSPAN32	1
PRMT3	TCN1	1
IRAG1	SBF2	1
EIF4G2	SBF2	1
PPFIBP2	TSG101	1
PHRF1	PTDSS2	1
DENND2B	NRIP3	1
IPO7	WEE1	1
GTF2H1	PSMA1	1
DENND2B	TMEM9B	1
CARS1	OSBPL5	1
FGF3	LGR4	1
EIF3M	MPPED2	1
LRRC4C	PPFIA1	1
FNBP4	SDHAF2	1
OR4C46	OR9Q1	1
ALKBH3	ANO3	1
API5	FOLH1	1
CELF1	PTPMT1	1
CELF1	MTCH2	1
CD82	TSPAN18	1
PTPRT	WAPL	1
PLCE1	STAU1	1
LHX1	SAMD8	1
KRT19	PFKP	1
PCLAF	PDZD8	1
CCPG1	ZNF33B	1
MAP4K5	RPEL1	1
P4HA1	TRIM77	1
AKR1C1	CCDC88B	1
RGS10	TIAL1	1
ADD3	MXI1	1
ATRNL1	ZNF518A	1
ARMH3	OGA	1
ALDH18A1	PDLIM1	1
FFAR4	KIF11	1
EXOC6	FFAR4	1
SFTPD	VCL	1
MSS51	P4HA1	1
CFAP70	ECD	1
DLG5	POLR3A	1
ECD	PCDH15	1
MAPK8	PARG	1
DIP2C	ZMYND11	1
AKR1C3	AKR1E2	1
CAMK1D	SEC61A2	1
KIAA1217	THNSL1	1
CCNY	GJD4	1
CCNY	CREM	1
COL7A1	UCN2	1
IGL	PRDM16	1
PPARGC1A	VGLL3	1
PLOD2	RBM6	1
EWSR1	UBP1	1
ALK	VAX2	1
EWSR1	ZBTB41	1
HMGA2	NEGR1	1
PPP1R12A	PTPRQ	1
PLAG1	SDCBP	1
BBS9	BRAF	1
NFIX	STAT6	1
NTRK1	NUMA1	1
ATXN1L	NUTM2A	1
FOXO4	OGT	1
BCOR	CLGN	1
CDK5RAP2	KANK1	1
TIMP3	ZCCHC7	1
PLAG1	ZFHX4	1
MTUS1	NRG1	1
HMBOX1	NRG1	1
PLAG1	SOX10	1
FGFR1	PARD6B	1
GRHL2	RCOR1	1
NRG1	PPHLN1	1
ALX4	NCOA2	1
TEAD1	TOX	1
GTF2I	NCOA2	1
BRAF	SNX8	1
BRAF	SEPTIN7	1
BRAF	TRIP11	1
BRAF	FOXN3	1
BRAF	DAAM1	1
BRAF	OSBP	1
JAZF1	NUDT5	1
BRAF	EPB41L2	1
BRAF	DST	1
MYOCD	SRF	1
RECQL	ROS1	1
PDGFRB	RUNX1T1	1
BRAF	CDC42SE2	1
BRAF	MCC	1
CDX1	SQSTM1	1
KDM3B	PDGFRB	1
PDGFRB	UBE2I	1
PDGFRA	SEC31A	1
MAML3	NR1D1	1
DUX4	KDM2B	1
BRAF	ROBO1	1
RAF1	RBMS3	1
RAF1	TMF1	1
LPP	VPREB1	1
NF1	SETD2	1
RET	TFG	1
GRHL1	TLE1	1
FN1	PDGFRB	1
COL3A1	PDGFRA	1
ACVR2A	RAF1	1
BCL6	GRHL1	1
FN1	MERTK	1
ALK	RND3	1
COL3A1	IL34	1
NFATC3	SRSF7	1
GRHL1	RCOR1	1
FUBP1	PDGFRB	1
NTRK1	SH3BP1	1
GAS2L1	NTRK1	1
FN1	NTRK1	1
CPSF6	NTRK1	1
EWSR1	NACC1	1
GPS2	KMT2B	1
UBE2G1	USP6	1
DYRK2	HMGA2	1
MSRB3	TMBIM4	1
PTGES3	PTPRB	1
CNTN1	USP15	1
EWSR1	ZBTB44	1
MAML2	NR1D1	1
FUS	POU2AF3	1
CBX6	KMT2A	1
CBX6	PYGO1	1
KMT2A	PYGO1	1
HMGA2	YAP1	1
GRIK4	KMT2A	1
ENDOD1	YAP1	1
ARHGAP42	MAML2	1
CREM	SMARCA4	1
KMT2A	LDB1	1
C12ORF42	HMGA2	1
CTNNA1	PAK2	1
EPHB3	PAK2	1
ATP1B3	PAK2	1
LRIG1	PAK2	1
PAK2	TM9SF4	1
BCOR	CIITA	1
MBNL2	NUTM1	1
ATXN1	NUTM2A	1
BRAF	PDE10A	1
AK5	ALK	1
PUF60	TFE3	1
SH3KBP1	USP8	1
KANK1	VLDLR	1
NAB2	NCOA2	1
ETV1	FUS	1
ESR1	NR4A3	1
RASA1	USP8	1
TFG	ZBTB10	1
PAK2	RAF1	1
RAF1	TLN2	1
KIF5B	RAF1	1
BCS1L	RAB2A	1
KHDRBS1	NTRK1	1
CRK	USP8	1
GSKIP	TRIP11	1
FARP1	USP8	1
HMGA2	TUBGCP6	1
PTPN11	USP8	1
HMGA2	SNRPF	1
WIF1	ZDHHC17	1
HMGA2	LEMD3	1
ATF1	OSBPL8	1
ASIC1	ATF1	1
ARID2	CCDC60	1
ANO6	LRIG3	1
GRIN2B	MAPKAPK5	1
CIT	GRIN2B	1
DDIT3	ERGIC2	1
CREB3L1	PAX5	1
HTRA1	TANC1	1
SRGAP2	SRGAP2B	1
CIITA	DEXI	1
DCPS	ST3GAL4	1
AFAP1L2	VWA2	1
HTATSF1	VGLL1	1
GLI1	PAMR1	1
FOXO1	NSD3	1
BRAF	SPPL2A	1
MYOCD	PAX3	1
NTRK3	PTPN9	1
HMGA2	RAB3IP	1
MAP3K2	TMEM163	1
ARFGEF2	SLC9A8	1
ANKRD11	PKD1L3	1
IQCE	ME2	1
MYB	PEX7	1
KIF2C	RUNX1	1
AFG2B	RUNX1	1
ABHD12B	PYGL	1
ARID2	ASB8	1
BANK1	ELMO1	1
ATP13A3	XXYLT1	1
C17ORF75	GOSR1	1
CYP2F2P	NUP98	1
NIPBL	NPIPA7	1
FOSB	POTEI	1
FOSB	MAPK1IP1L	1
CLTC	FOSB	1
C8ORF34	MGMT	1
DNAJB6	SHH	1
ELAPOR2	TMEM243	1
COL28A1	EIF2AK1	1
EIF2AK1	OGDH	1
HNRNPA2B1	SLCO1A2	1
NRG2	ZNF208	1
MINDY3	SIL1	1
NR2F1	PTEN	1
PTEN	THAP9	1
NDUFS1	SLC25A51	1
BRK1	THADA	1
ERBB4	LCLAT1	1
ASAP2	MGMT	1
CAMTA1	RSU1	1
FAM171A1	PRKCZ	1
CUBN	PRKCZ	1
CUBN	ERRFI1	1
MACF1	TASOR2	1
ERI3	RERE	1
ACOT7	ZFP69	1
EBNA1BP2	RRAGC	1
CNDP2	ESCO1	1
MLLT6	MRPL45	1
NXN	VPS53	1
ADPRHL1	NAXD	1
CCND2	NINJ2	1
FAM171A1	MINDY3	1
BCL6B	TP53	1
MARCKSL1	PIK3CD	1
EPB41L5	GLI2	1
GLI2	NYAP2	1
ROCK1	TCF4	1
CYP17A1	SUFU	1
KLC1	TERT	1
IGH	NFKB1	1
FER	ITK	1
ETV6	FGFR3	1
CD28	VAV1	1
STAP2	VAV1	1
DERA	GLI1	1
RBMX	TFE3	1
TFE3	ZC3H4	1
OPHN1	RAD51B	1
TFE3	TRAF3	1
RAD51B	RRAGB	1
PSPC1	TFE3	1
TFE3	ZBED6	1
HTR4	ST3GAL1	1
PDZRN3	RASSF1	1
EWSR1	SSX4	1
NTRK2	UFD1	1
COL14A1	TAF2	1
ARFGEF1	HOOK3	1
CPQ	FGFR2	1
FXR2	PPP1R18	1
MDM2	RUNX2	1
CCND3	KCNMB4	1
CCNB1	TP53	1
FOS	VGLL4	1
CTNNB1	DICER1	1
COL5A2	FOS	1
PDGFB	TTC28	1
BCR	LRP5L	1
NFATC2	THRAP3	1
NTRK3	RALGPS2	1
FLVCR1	TATDN3	1
CATSPERD	ZNF565	1
TP53	ZNF565	1
DNAH17	PGS1	1
EXOC7	PRPSAP1	1
ITGB3	TP53	1
ABR	DNAH2	1
KIF1C	SNUPN	1
CD63	DPM1	1
ARID2	TP53	1
NTRK3	ZFC3H1	1
ADGRD1	PXMP2	1
MDM2	ZFC3H1	1
KMT2A	RALGAPA2	1
RB1	STIM1	1
FOSL1	RELA	1
NSUN6	PITPNC1	1
CLTC	MALRD1	1
FOS	MYO1B	1
CEMIP	FOS	1
HMBOX1	NTRK3	1
COL14A1	HMGA2	1
NFIC	SAMD1	1
GOLT1B	MARS1	1
FRMD6	PTH	1
NTRK3	UPF2	1
PLAG1	SNAI2	1
HMGA2	SOX5	1
FOSB	PPP1R10	1
COL1A1	FYN	1
FOS	RUNX2	1
FOSB	PTBP1	1
FOXR1	PHF1	1
CREBZF	PHF1	1
KDM2A	WWTR1	1
CSMD1	MEAF6	1
MEAF6	SUZ12	1
HABP4	KMT2A	1
KMT2A	MAP3K5	1
CCNJL	KMT2A	1
KMT2A	USP46	1
FER1L5	KMT2A	1
KMT2A	SLC25A24	1
TCL1A	TRA	1
KMT2A	NKD1	1
PIR	VEGFD	1
BMP1	SFTPC	1
INMT	MINDY4	1
FAM162B	ZUP1	1
LMAN2	MXD3	1
HSD17B11	HSD17B13	1
ARPC4	TTLL3	1
C2ORF74	SANBR	1
VAMP5	VAMP8	1
ACR	SHANK3	1
ADORA2A	SPECC1L	1
IFNAR2	IL10RB	1
SNRPB	ZNF343	1
SIRPB1	SIRPD	1
F11R	TSTD1	1
CHIA	CIMAP3	1
FARSA	SYCE2	1
ELAVL1	TIMM44	1
CFAP53	MBD1	1
TPPP3	ZDHHC1	1
AGRP	ATP6V0D1	1
NKX2-1	SFTA3	1
ARF3	FKBP11	1
C11ORF91	CD59	1
NOLC1	PPRC1	1
NDUFB8	SEC31B	1
SPTAN1	USP6	1
H3-3B	PLAG1	1
CALD1	USP6	1
CALU	USP6	1
PDLIM7	USP6	1
STAG1	USP6	1
KIF1A	USP6	1
CAMTA1	COL1A1	1
MYL12A	USP6	1
SLFN11	USP6	1
EIF5A	USP6	1
SREBF1	USP6	1
UBC	USP6	1
NACA	USP6	1
LDHA	USP6	1
IGF2BP2	LSM12	1
GRM1	MYO10	1
GRM1	ZEB2	1
AFF2	LARGE1	1
EWSR1	EZHIP	1
BEND2	YAP1	1
LHFPL3	NTRK2	1
BRAF	TRIM22	1
MYBL1	QKI	1
RAF1	TBL1XR1	1
ALK	SFPQ	1
CHST11	KDM2B	1
KDM2B	YAP1	1
FGFR2	ZCCHC24	1
GTSE1	MN1	1
ATRX	PASD1	1
ABCB1	SEMA3D	1
NT5DC1	SORD	1
MAPK9	PRELID2	1
ERGIC1	EXOC3	1
ANKH	TENM2	1
CTNND2	TRIO	1
CDH18	RETREG1	1
MYLK	TXK	1
LSAMP	STAG1	1
ALK	TENM3	1
GULP1	LRP1B	1
GULP1	MYCN	1
BAZ2B	NBAS	1
CYRIA	RIF1	1
CCNT2	NBAS	1
ACOT11	SSBP3	1
WNK4	ZNF787	1
C17ORF80	VCF1	1
NDUFA12	USP44	1
RNF121	TRIM37	1
FOXR1	KMT2A	1
BRAF	TOM1L2	1
SEC23IP	VGLL3	1
MRTFB	TEAD1	1
BRF2	FGFR1	1
FBN1	ROS1	1
AFF3	PHF1	1
ARL1	KYAT1	1
BRD10	NUDT11	1
TRIO	ZNF558	1
CDX2	IRF2BP2	1
ASCC2	GGNBP2	1
ARFGAP3	ATM	1
CCDC6	JAK2	1
FLT3	GOLGB1	1
FGFR1	MYO18A	1
CPSF6	FGFR1	1
DIAPH1	PDGFRB	1
PDGFRB	TP53BP1	1
NIN	PDGFRB	1
BIN2	PDGFRB	1
BMP2K	PDGFRA	1
PDGFRA	USP25	1
PDGFRB	SPTBN1	1
CSF3R	SPTAN1	1
PDGFRB	WDR48	1
NF1	SCAMP5	1
EFCAB6	HMGA2	1
FLT3	ZBTB44	1
CPSF6	PDGFRB	1
PDGFRB	WNK1	1
GOLGB1	PDGFRB	1
PDE4DIP	PDGFRB	1
CYFIP2	XRCC4	1
CLINT1	EDIL3	1
LRBA	VPS8	1
MBNL1	MECOM	1
ASXL2	KAT6A	1
IKZF1	PRDM16	1
TAL1	TMEM91	1
ANP32A	IGF1R	1
SCFD1	ZNF592	1
ITPR2	KMT2A	1
KDM4C	UNC13B	1
RINL	SYK	1
ELMO1	TNRC18	1
PSMG4	WNK2	1
MAP3K7	MYB	1
GOLGB1	IQCG	1
C5ORF15	CAB39	1
CIR1	GPR155	1
GLI2	IKZF2	1
GLI2	RBMS1	1
CARD11	PIK3R3	1
AKAP13	RC3H1	1
MYCBP	SLC25A33	1
DR1	HIPK1	1
CIC	EXOSC5	1
MEP1B	TTC39C	1
ACSF3	ZC3H18	1
B2M	MORF4L1	1
RAD51B	USP32	1
DOCK9	TMTC4	1
DIP2B	FAM186A	1
WBP1L	ZFP64	1
CFAP70	USP32	1
NFKB2	PPFIA1	1
CELF2	WBP1L	1
ARHGAP12	FRMD4A	1
SOHLH1	SRF	1
KDM6A	MAN1A1	1
ACTL6A	BGN	1
IGLL5	SSR4	1
MEI1	SYTL5	1
IGK	SSR4	1
IGK	TSC22D3	1
SCML2	TMSB10	1
TPM4	TSC22D3	1
IGH	SSR4	1
RALGDS	RXRA	1
BRD3	RALGDS	1
EDF1	RALGDS	1
EDF1	RABL6	1
EDF1	EHMT1	1
HSPA5	IGL	1
GCDH	RPS6	1
DDX5	SEMA4D	1
IGH	JAK2	1
CCDC85C	PUM3	1
AGO2	ST3GAL1	1
LRATD2	MYC	1
NSMCE2	RIMS2	1
EIF3E	MTDH	1
KLF10	YWHAZ	1
AZIN1	KLF10	1
CPA6	PRKDC	1
KAT6A	NEFL	1
KIF13B	TTC28	1
IGH	PLEC	1
IGH	RPL8	1
DUSP4	IGH	1
NDRG1	UBC	1
DENND3	UBC	1
UBC	ZNF706	1
KLRG2	TRIM24	1
MAFK	TTYH3	1
MAFK	PDGFA	1
ACTB	MAFK	1
GET4	MAFK	1
ACTB	SREBF2	1
GLCCI1	IGLL5	1
ACTB	TPM4	1
MAFK	OAZ1	1
ACTB	KLF2	1
FAM20C	RNF213	1
CHP2	ZMIZ2	1
B2M	MAFK	1
IGH	PDIA4	1
EGFR	IGH	1
FNDC3A	HIPK2	1
CHCHD3	EEF1G	1
ARID1B	TMEM181	1
MTHFD1L	ZBTB2	1
AIG1	PDSS2	1
HDAC2	SOBP	1
HACE1	LIN28B	1
BCKDHB	NR2E1	1
NEDD9	TMEM170B	1
CDKN1A	PTP4A1	1
HLA-C	IGL	1
HLA-B	IGL	1
CCND3	IGL	1
HLA-B	IGLL5	1
CITED2	DYNLRB1	1
NCOA3	TRERF1	1
CDKN1A	PMEPA1	1
PNRC1	TPM4	1
AIF1	MAP3K14	1
PRKN	SIAH1	1
ATP6V0C	CDKN1A	1
B2M	CDKN1A	1
IGH	SOX4	1
HLA-E	IGH	1
HLA-C	IGH	1
CDKN1A	PAPOLA	1
CDKN1A	IGH	1
IRF4	LTBR	1
CDKN1A	UBC	1
CDKN1A	DUSP5	1
RHPN1	TNIP1	1
FER	RACK1	1
FCHO2	SPINK6	1
IGL	PCBD2	1
PDCD6	TPM4	1
CDYL2	RACK1	1
B2M	TXNDC15	1
CD74	IGH	1
FSTL5	PPP3CA	1
NFKB1	PPP3CA	1
CCSER1	PARM1	1
AASDH	CLOCK	1
COX7B2	GNPDA2	1
FBXW7	NCOA3	1
CCNG2	TPM4	1
CCNG2	OAZ1	1
FGFR3	OAZ1	1
DOT1L	FGFR3	1
FBXW7	PITPNA	1
FGFR3	NOC4L	1
FGFR3	PIDD1	1
PIK3CA	TNFSF10	1
HHLA2	SIDT1	1
KLHL24	TPM4	1
KLF2	WDR6	1
MAGI1	NPC1	1
SH3BP5	TXNDC11	1
MAP3K13	RPL4	1
B2M	WDR6	1
ACTR8	GOLM2	1
H1-10	IGH	1
IGH	WDR6	1
IGH	NT5DC2	1
IFT122	MYCBP2	1
IGK	ST6GALNAC4	1
HSPA5	IGK	1
IGK	TRIB1	1
IGK	RPL8	1
IGK	PDIA4	1
ACTB	IGK	1
ARMC9	CCND3	1
CDKN1A	YPEL5	1
EZR	IGK	1
CITED2	IGK	1
HLA-F	IGK	1
HLA-E	IGK	1
HLA-C	IGK	1
HLA-B	IGK	1
CDKN1A	IGK	1
IGK	RACK1	1
CANX	IGK	1
CD74	IGK	1
IGK	RPS23	1
CTNNA2	FBXW7	1
CXCL8	IGK	1
FGFR3	IGK	1
KLHL24	RND3	1
BCL2L11	WDR6	1
IGK	ST6GAL1	1
IGK	SEC61A1	1
H1-10	IGK	1
ADA2	IGK	1
GNAS	IGK	1
IRS1	RHBDD1	1
PAPOLG	REL	1
AFTPH	PELI1	1
HDLBP	IGK	1
IGK	RPL37A	1
FRZB	IGK	1
DHRS9	IGK	1
IGK	SDC1	1
IGK	PELI1	1
CXCR4	KLF2	1
BCL2L11	OAZ1	1
ARID5A	TPM4	1
FOSB	YPEL5	1
IGK	RPL28	1
IGK	RPL18	1
IGK	PPP1R15A	1
IGK	NOP53	1
IGK	ZFP36	1
FTL	IGK	1
IGK	PRKCSH	1
IGK	OAZ1	1
IGK	JUNB	1
IGK	JUND	1
EEF2	IGK	1
IER2	IGK	1
GADD45B	IGK	1
CXCR4	DDX5	1
ARID5A	SLC38A10	1
IGK	UBALD2	1
IGK	P4HB	1
HGS	IGK	1
ACTG1	IGK	1
EIF1	IGK	1
CCL3	IGK	1
ATP2A3	IGK	1
DPEP1	IGK	1
CYBA	IGK	1
HERPUD1	IGK	1
HBA1	IGK	1
IGK	TLE3	1
B2M	IGK	1
IGK	SERF2	1
IGK	KLF13	1
IGH	PTMA	1
IGH	ITM2C	1
IGH	RND3	1
BCL2L11	CALM1	1
IGH	RHOB	1
FOS	IGK	1
IGK	NFKBIA	1
IGK	TPT1	1
CXCR4	UBC	1
PELI1	UBC	1
HSP90B1	IGK	1
BCL2L11	LSP1	1
IGK	SYVN1	1
IGK	RPS3	1
EEF1G	IGK	1
HBB	IGK	1
BMI1	CXCR4	1
DUSP5	IGK	1
IGK	RRP12	1
IGK	PSAP	1
IGK	KLF6	1
IGK	VIM	1
PIM3	SBF1	1
DYRK1A	TRAPPC10	1
ADRM1	SLCO4A1	1
PMEPA1	RBM38	1
RBM39	VAPB	1
ARF1	CDKN1A	1
CDKN1A	SKI	1
RASAL2	RPS14	1
ATF3	FGFR3	1
IGL	JUN	1
HNRNPU	IGK	1
IGK	IRF2BP2	1
ARF1	IGK	1
IGK	TP53BP2	1
ATF3	RND3	1
ARID5A	ATF3	1
BTG2	IGK	1
IGK	LMNA	1
IGK	TXNIP	1
IGK	S100A8	1
IGK	S100A6	1
CXCR4	SKI	1
DDOST	IGK	1
IGK	THEMIS2	1
GADD45A	IGK	1
ATF3	KLF2	1
OAZ1	SERINC2	1
LMO4	TPM4	1
GGNBP2	PTP4A2	1
ATF3	B2M	1
GATAD2B	PRC1	1
LRRK1	ST3GAL3	1
FCRL4	IGH	1
GARIN2	SF3B4	1
IGH	THEMIS2	1
IGH	PABPC4	1
B4GALT2	PPFIA1	1
RPS13	ZYG11B	1
ATF3	DUSP5	1
ARF1	COQ8A	1
ARF1	ATF3	1
MAPKAPK2	NR1I3	1
AGBL4	CAMTA1	1
DIPK1A	EVI5	1
DENND1B	VAV3	1
CD48	CSDE1	1
CSDE1	ST3GAL3	1
IGL	ZFP36	1
IGL	PPP1R15A	1
KLF2	PIM3	1
OAZ1	SCO2	1
EEF2	IGL	1
ADGRE5	IGL	1
RBM38	TPM4	1
ADRM1	TPM4	1
BBC3	FOSB	1
CIC	ERF	1
BLVRB	DEDD2	1
TPM4	ZNF787	1
TPM4	ZNF580	1
CIC	TPM4	1
OAZ1	PTOV1	1
ELL	UPF1	1
TPM4	ZBTB7A	1
TCF3	TPM4	1
RNF126	TPM4	1
OAZ1	TPM4	1
LPAR2	TPM4	1
KLF16	TPM4	1
ISYNA1	TPM4	1
ELL	TPM4	1
CSNK1G2	TPM4	1
BRD4	TPM4	1
RNF126	TMEM259	1
KLF2	TMEM259	1
SGTA	ZBTB7A	1
RNF126	SBNO2	1
ISYNA1	SBNO2	1
DAZAP1	RNF126	1
PTBP1	ZBTB7A	1
PTBP1	SBNO2	1
OAZ1	PTBP1	1
KLF2	PTBP1	1
KLF16	PTBP1	1
OAZ1	ZBTB7A	1
OAZ1	TMEM259	1
OAZ1	SGTA	1
OAZ1	SCAMP4	1
OAZ1	SBNO2	1
OAZ1	REXO1	1
MKNK2	OAZ1	1
KLF16	OAZ1	1
KDM4B	OAZ1	1
ISYNA1	OAZ1	1
EEF2	OAZ1	1
KLF2	MYO9B	1
DOT1L	MKNK2	1
KLF2	MED16	1
LMNB2	SGTA	1
KLF2	RNF126	1
CCL25	ICAM5	1
ICAM1	TYK2	1
FZR1	ZBTB7A	1
ATP5F1D	DAZAP1	1
CSNK1G2	RNF126	1
CSNK1G2	REXO1	1
BSG	RNF126	1
BSG	KLF2	1
BSG	KLF16	1
BRD4	KLF2	1
ARID3A	RNF126	1
AKAP8	KLF2	1
RPS16	ZNF90	1
GREB1L	TMEM241	1
CCL3	IGL	1
IGLL5	NF1	1
ASIP	FOXK2	1
ACTG1	KLF2	1
DDX5	FOSB	1
LIMD2	OAZ1	1
DDX5	OAZ1	1
DDX5	KLF2	1
CHRNE	KLF2	1
METRNL	SLC16A3	1
HDAC5	SCPEP1	1
CASC3	PPP1R1B	1
SPNS2	UBE2G1	1
EPN2	MYOCD	1
MED9	PEMT	1
IGL	MAF	1
BFAR	MACROD2	1
RNF166	TPM4	1
OAZ1	RNF166	1
CSNK1G2	CYBA	1
ABCA3	RPS16	1
OAZ1	SNN	1
OAZ1	PGAP6	1
ATP6V0C	OAZ1	1
CETP	NLRC5	1
ACSF3	TXNDC11	1
FTO	LITAF	1
ATP6V0C	UNKL	1
TNFRSF17	TXNDC11	1
PRSS27	SRRM2	1
ABCA3	CREBBP	1
CAPN15	UBE2I	1
CAPN15	SHISA9	1
CAPN15	PGAP6	1
RUSF1	USP7	1
B2M	RBM38	1
B2M	OAZ1	1
B2M	ISYNA1	1
BLOC1S6	IREB2	1
B2M	GABPB1	1
B2M	KLF13	1
IGH	PIM3	1
IGH	XBP1	1
IGH	RBM38	1
GNAS	IGH	1
IGH	PPP1R15A	1
ERF	IGH	1
IGH	TPM4	1
IGH	OAZ1	1
IGH	LMNB2	1
IGH	KLF2	1
IGH	JUND	1
IGH	JUNB	1
IER2	IGH	1
CALR	IGH	1
RPS19	SNX6	1
IGH	WWOX	1
IGH	TNFRSF17	1
IGH	PPIB	1
EXOC3L4	TRAF3	1
BTBD7	GOLGA5	1
AKT1	MTA1	1
CEP128	TRAF3	1
FOS	IGH	1
IGH	NFKBIA	1
DYNC1H1	GZMB	1
GAS6	IGH	1
CEP83	RRBP1	1
UBC	ZFP36	1
FOSB	UBC	1
KLF2	UBC	1
TPM4	UBC	1
RNF126	UBC	1
OAZ1	UBC	1
BSG	UBC	1
SOCS2	TPM4	1
CACNA1C	CDC37	1
ERN1	UBC	1
HSP90B1	LRRC28	1
IGH	UBC	1
ITPK1	SFSWAP	1
IGH	LTA4H	1
UBC	VPS37B	1
ANKLE2	ULK1	1
SRSF9	UBC	1
SFSWAP	UBC	1
NCOR2	UBC	1
KMT5A	UBC	1
CORO1C	UBC	1
CLIP1	UBC	1
ATP2B1	UBC	1
CPSF6	UBC	1
IGLL5	RPL27A	1
TPM4	WNT11	1
CFL1	TPM4	1
CCND1	TPM4	1
CCND1	OAZ1	1
CCND1	MED16	1
AHNAK	KLF2	1
NDC80	PRCP	1
CCND1	DDX5	1
ANKRD11	ETS1	1
B2M	CCND1	1
IGH	MRPL21	1
GANAB	IGH	1
IGH	LSP1	1
HBB	IGH	1
AHNAK	UBC	1
FAM168A	STARD10	1
AHNAK	SF1	1
LSP1	SF1	1
IGL	KLF6	1
BMI1	IGLL5	1
DUSP5	TPM4	1
FOSB	KLF6	1
CWF19L1	PRKAR1A	1
BMI1	DDX5	1
MPRIP	SPAG6	1
CORO7	NFKB2	1
EIF3A	IGH	1
IGH	PSAP	1
IGH	KLF6	1
BCAT1	CREM	1
DUSP5	PDCD4	1
CTNNA3	DNAJC12	1
AR	CCL25	1
FLT3	MEF2C	1
MRC1	PDGFRB	1
FAM193A	RGS12	1
BRAF	OSBPL11	1
BOD1L1	TBL1XR1	1
CRELD1	JAGN1	1
DOCK3	RBM6	1
PRKAR2A	USP4	1
HYAL2	SEMA3B	1
PXK	USP4	1
PRSS16	PTMA	1
PPP1R7	RAMP1	1
GRK3	SYCE3	1
ACO2	ISX	1
ZNF74	ZNRF3	1
PAFAH2	STMN1	1
HNRNPR	NADK	1
GADD45GIP1	MED26	1
HDAC5	NPEPPS	1
CERS1	PARP4	1
EPSTI1	TSC22D1	1
TEAD4	TSPAN9	1
CITED2	NR4A3	1
NIPBL	NR4A3	1
BGN	PTP4A2	1
ASTN2	PTPN3	1
NRG1	PLPBP	1
PMS2	USP42	1
KCTD7	TAX1BP1	1
BRAF	STK35	1
CFB	HLA-B	1
C7	KRT19	1
LAMTOR3	SH3D19	1
CCDC50	NLGN1	1
KCNMB3	NECTIN3	1
KLHL18	NUP210	1
CYB561D2	PBRM1	1
NME6	NT5DC2	1
BAP1	GNL3	1
BAP1	PLXNB1	1
BAP1	CCDC66	1
POLR1A	SETD2	1
KLF7	RFTN2	1
NF2	PI4KA	1
GSTT1	NF2	1
DDX27	SLPI	1
DTD1	RRBP1	1
LRSAM1	SPAG17	1
EDIL3	MAN1C1	1
DCN	ITLN1	1
ITLN1	NDUFV1	1
DDAH1	DNAI3	1
ESRRG	PHTF1	1
ECH1	MAP1S	1
NF2	PIEZO2	1
NSRP1	ZNF536	1
AATF	SYNRG	1
ATP6V0D1	CFDP1	1
MAPKBP1	PLCB2	1
C1R	COL6A1	1
CILP	CPNE8	1
ANKS1B	PTPRQ	1
BDNF	CLTC	1
MSLN	UVRAG	1
PHLDB1	UBE4A	1
ZEB1	ZNF438	1
ELF5	ZFPM2	1
EWSR1	TEAD3	1
INO80C	POLA1	1
KANK1	KCNV2	1
ABO	HTR3B	1
LRP12	SLC25A32	1
GRM8	IMPDH1	1
CACNA2D1	HGF	1
RABGEF1	TAX1BP1	1
MAN1A1	MCM9	1
C4A	TNXB	1
HSP90AB1	LRRC1	1
TASP1	TRDN	1
HIPK3	RPL7L1	1
PDE4D	PLK2	1
NR4A3	SEC24B	1
ITGA9	NDUFA8	1
MECOM	MSL2	1
CCDC50	TBC1D5	1
OSBPL10	ZNF660	1
OSBPL10	ZNF197	1
ACY1	BAP1	1
COL8A1	TAFA4	1
COL7A1	SEPTIN9	1
MAP3K8	TFDP2	1
SGO2	SPATS2L	1
ARPC2	RNASEH2B	1
MAP3K8	SPAG16	1
MAP3K8	VRK2	1
CHEK2	NPTXR	1
CKS1B	MTREX	1
FIRRM	OR5H14	1
C3	ITLN1	1
ITLN1	RPL19	1
AQP10	UBAP2L	1
EPB41	PRAMEF12	1
CFAP107	EPB41	1
EDN2	NASP	1
MYH14	ZNF578	1
DOK6	RTTN	1
TMEM241	TTC39C	1
KIF1C	SPAG7	1
MAP2K4	RAD51D	1
TERF2IP	ZFP1	1
KCTD19	PIEZO1	1
PHAF1	SLC9A5	1
KCTD19	ZNF319	1
CHD9	MMP2	1
GFER	TRAF7	1
GRAMD2A	SENP8	1
MAPKBP1	RPUSD2	1
EPB42	MAPKBP1	1
EHD4	MAPKBP1	1
EPB42	RPUSD2	1
FRMD6	GNG2	1
DIAPH3	PCDH9	1
FAM124A	SPRYD7	1
FAM216A	IGF1	1
CHRNB4	STK33	1
DENND2B	HBG2	1
ARHGEF18	MAP3K8	1
ARMH3	RIOK3	1
FAM117A	MAP3K8	1
AFAP1L2	MAP3K8	1
ANKRD22	MAP3K8	1
MAP3K8	PITRM1	1
MAP3K8	MTPAP	1
BCORL1	PRR14L	1
GREB1	SS18	1
CDC42	PLAG1	1
GATAD2B	MMRN1	1
SS18	VEZF1	1
MXI1	NUTM2A	1
BCORL1	NUTM1	1
FGFR1	TLN1	1
FGFR1	SCARA5	1
FGFR1	TIMP3	1
GTF2I	RALGPS1	1
EGFR	MYH9	1
DOCK3	FGFR1	1
GBE1	TRPS1	1
FGFR1	TTLL4	1
FGF1	FN1	1
FGFR3	FN1	1
ALK	MYH10	1
MXD1	NUTM1	1
FGFR1	USP33	1
ATP2B4	GLI1	1
GLI1	TNFAIP3	1
ERO1A	FGFR1	1
LMBR1	LTBP1	1
SPTBN1	YWHAQ	1
LTBP1	VWA8	1
MXD4	NUTM2G	1
NTRK1	SARM1	1
PAX7	PPARGC1A	1
FOXO6	PAX3	1
FOXO4	GLI1	1
COX14	PTEN	1
CITED2	ESR1	1
NLGN4Y	SHISA6	1
ERC1	USP9Y	1
CMC4	PDZD4	1
CLIC2	MAMLD1	1
SLC25A43	TMEM35A	1
DIAPH2	PLAC1	1
ABCB7	ATRX	1
EDA	TEX11	1
PDHA1	SMPX	1
GLRA2	REPS2	1
ARHGAP6	MOSPD2	1
CTPS2	RGN	1
CYRIB	STAG2	1
ERICH1	HDX	1
ALG13	TNS3	1
AEBP1	SLC38A5	1
PREP	SLC6A8	1
BGN	SEC63	1
PLP1	SCAF8	1
CNKSR3	PLP1	1
MAGT1	MAN1A1	1
NDUFAF4	RBBP7	1
CBS	SH3BGRL	1
BGN	ZNFX1	1
CDH4	FGF16	1
NAPA	PLAC1	1
FPR2	TMEM255A	1
DMD	HNRNPM	1
PLAUR	WDR45	1
ATP9B	ATRX	1
GPC3	RPTOR	1
ATRX	SNTB2	1
GABRB3	GNL3L	1
NXF3	USP12	1
PLP1	TBC1D30	1
KICS2	NXF3	1
ATP7A	PTPRR	1
ATRX	CRACR2A	1
ANO6	EDA	1
DMD	TMEM117	1
TEX13B	TSPAN18	1
ARHGEF6	NDC1	1
NUF2	PHEX	1
F11R	NHS	1
RBBP7	TTC24	1
GATAD2B	REPS2	1
SUCO	TASL	1
DMD	LIX1L	1
RXRA	SEC16A	1
RAPGEF1	REXO4	1
CAMSAP1	LCN8	1
CRAT	TTLL11	1
EEIG1	RAD23B	1
PAX5	PTPA	1
NR6A1	PSMB7	1
CDK5RAP2	DENND1A	1
SLC31A1	TLR4	1
FBXW2	NXNL2	1
SEC16A	SNX30	1
SVEP1	TJP2	1
FAM120A	SUSD1	1
AOPEP	ZNF462	1
IPPK	PTCH1	1
GALNT12	ROR2	1
LCN2	RMI1	1
DENND1A	PCSK5	1
APBA1	SUSD1	1
ASPN	TUT7	1
PIP5K1B	PTAR1	1
KIF27	TRPM6	1
KDM4C	RIC1	1
BNC2	MLLT3	1
FOCAD	UBE2R2	1
UNC13B	ZCCHC7	1
SLC25A51	UBAP2	1
ATOSB	IGFBPL1	1
GLIS3	IL17REL	1
NCAM2	RORB	1
OSTF1	SMARCA4	1
CNN1	TPM2	1
ANKRD18A	ZNF521	1
CIZ1	SLC16A3	1
RECK	SMG6	1
NIBAN2	VPS35L	1
ACSF3	ZNF483	1
ADAMTSL3	SLC25A25	1
IL11RA	WDR72	1
GALT	WDR72	1
AKNA	ENOX1	1
AKNA	SLC7A1	1
BLTP3B	NOTCH1	1
PBX3	TMBIM4	1
MRRF	NR4A1	1
HSPB8	INIP	1
COL27A1	MGST1	1
TULP3	UGCG	1
AUH	CPM	1
NAV3	UBQLN1	1
GNA14	TMTC2	1
NAP1L1	OSTF1	1
TUT7	WIF1	1
CARNMT1	KIF21A	1
PTPRD	TRHDE	1
COL5A1	RNH1	1
JAK2	PKNOX2	1
PSIP1	TMEM9B	1
NDUFV1	TPM2	1
CAMSAP1	STAU2	1
ISCA1	WWP1	1
SEC16A	SLCO5A1	1
SCARA3	TPM2	1
TRAPPC9	ZC3H3	1
NSMCE2	TAF2	1
EXT1	NSMCE2	1
COL22A1	NSMCE2	1
CSMD3	NDUFB9	1
CHMP4C	ZNF251	1
JPH1	PLEC	1
BOP1	NECAB1	1
CLVS1	TAF2	1
ADCY8	CSMD3	1
ANGPT1	TNFRSF11B	1
ANGPT1	SPAG1	1
STAU2	VPS13B	1
UTP23	WWP1	1
E2F5	RUNX1T1	1
TRAM1	ZFHX4	1
CRISPLD1	MSC	1
MSRA	SPAG11B	1
BNIP3L	HMBOX1	1
DPYSL2	HMBOX1	1
PPP2R2A	SMIM19	1
ADAM18	EIF4EBP1	1
HIRA	NSMCE2	1
NSMCE2	PCNT	1
ATRN	UQCRB	1
ASH2L	CASS4	1
LSM1	NCOA6	1
PLEKHA4	ZNF16	1
LIG1	MTFR1	1
ARFGEF1	YJU2	1
IL4I1	SLC39A14	1
NEO1	ZFAT	1
SLC27A2	ZFPM2	1
CHD8	TG	1
LGR5	ZFP41	1
CCDC91	PTK2	1
LIN7A	SDC2	1
PTDSS1	RXYLT1	1
HSD17B6	MTERF3	1
ACSS3	STAU2	1
CA3	DERA	1
ATP2B1	C8ORF34	1
ARFGEF1	LGR5	1
FGD6	ZDHHC2	1
EIF4EBP1	MTRFR	1
ASH2L	MLXIP	1
MYBPC1	TACC1	1
ASH2L	TSPAN8	1
ATP6V0D2	PPP6R3	1
ETS1	UBE2V2	1
CLU	SF3B2	1
FAM135B	SORBS1	1
INA	PDP1	1
ABL1	PTPRN2	1
CHCHD3	CSMD1	1
BAALC	RAPGEF5	1
LMBR1	UBE3C	1
ABCF2	WDR86	1
TPK1	ZNF398	1
HIPK2	STRIP2	1
GIMAP8	NUP205	1
AHCYL2	FAM180A	1
EXOC4	GALNT17	1
IMMP2L	SND1	1
CNTNAP2	ST7	1
ST7	TBXAS1	1
LAMB1	NRCAM	1
HBP1	LAMB1	1
CUX1	POP7	1
GTPBP10	SLC25A13	1
CACNA2D1	PTPN12	1
GNAT3	LIMK1	1
AUTS2	SEMA3A	1
POM121C	TMEM248	1
KBTBD2	PHTF2	1
CUL1	GNA12	1
BRAT1	SDK1	1
GET4	PDGFA	1
MAD1L1	RPA3	1
EIF2AK1	PHF14	1
CACNA2D1	ETV1	1
AOC1	OSBPL3	1
EVX1	JAZF1	1
ANLN	DGKB	1
ADCY1	CDK13	1
EIF3B	YKT6	1
HUS1	TNS3	1
EVX1	TXNRD2	1
DNAAF5	LAMA5	1
LAMB1	TYK2	1
NFIX	SEMA3A	1
GLI3	THOC1	1
ATP1B2	SLC37A3	1
KMT2E	MAP2K3	1
EXOC4	PRMT7	1
CALD1	THSD4	1
EIF3B	FBN1	1
NUP205	SERPINA12	1
ARHGEF7	EXOC4	1
PEX1	TPT1	1
ATP2B1	EXOC4	1
PLXNA4	TRHDE	1
CPSF6	GRM8	1
ATP23	CADPS2	1
GTPBP10	METTL25	1
PIP4K2C	SRI	1
GRB10	PIP4K2C	1
BCL9L	DGKI	1
FAM220A	SCGB1A1	1
ANLN	TMEM135	1
ACTR1A	AUTS2	1
OSTF1	UTRN	1
CEP85L	JAK2	1
EHMT1	MAPK14	1
KATNA1	RALYL	1
KCNU1	TAB2	1
LAMA2	UQCRB	1
CEP85L	CSMD1	1
PHF3	UBXN2B	1
HMBOX1	MCM3	1
LAMB4	UTRN	1
EPM2A	FOXP2	1
DLD	SHPRH	1
BTBD9	ETV1	1
GLI3	PGC	1
ERMARD	PHF10	1
KIFC1	RPS6KA2	1
C6ORF118	MRPL18	1
PPIL4	TIAM2	1
RMND1	TIAM2	1
MTHFD1L	RMND1	1
CNKSR3	FBXO5	1
NUP43	SHPRH	1
IL20RA	SCAF8	1
ESR1	SIM1	1
AKAP12	ASCC3	1
NOTCH4	RSPH3	1
HEBP2	UTRN	1
SASH1	STXBP5	1
ARFGEF3	UTRN	1
ARFGEF3	NHSL1	1
HIVEP2	MAP7	1
PEX3	SLC35F1	1
LAMA2	NHSL1	1
NHSL1	PRDM1	1
ADGB	EPB41L2	1
EYA4	MAP3K5	1
EYA4	PKIB	1
ARFGEF3	GRIK2	1
ARFGEF3	MED20	1
DSE	PLEKHG1	1
CEP85L	RWDD1	1
RNF217	RSPO3	1
RPF2	TBC1D32	1
GRIK2	LAMA2	1
ANKRD6	RNF217	1
METTL24	REPS1	1
ARMC2	SESN1	1
ARMC2	RTN4IP1	1
GRIK2	RNF217	1
GRIK2	WASF1	1
CCNC	MICAL1	1
ASCC3	WASF1	1
MAP3K4	ZNF292	1
AKIRIN2	SENP6	1
MYO6	PHIP	1
TMEM63B	TTK	1
FAM135A	FBXL4	1
EXOC2	GCNT2	1
BEND6	DUSP22	1
C6ORF52	DST	1
EYA4	GFOD1	1
GNL1	REPS1	1
CDKAL1	UBR2	1
APOBEC2	USP49	1
BYSL	UBR2	1
SUPT3H	TRERF1	1
TEAD3	ZFAND3	1
PRRC2A	TREM2	1
PPP1R18	TNXB	1
PPARD	SLC22A7	1
GLO1	UBR2	1
ATF6B	EHMT2	1
CMTR1	PPARD	1
CD2AP	ZNF318	1
KIF16B	MLIP	1
ENPP1	INSR	1
EEF2	LAMA4	1
QRSL1	ZNF236	1
ARK2N	GABRR2	1
AKIRIN2	GAREM1	1
PHF3	SYT4	1
NSRP1	WDR27	1
MAP3K4	XAF1	1
GRIN2A	MTHFD1L	1
CDIP1	NHSL1	1
DSE	GRIN2A	1
IGF1R	MAP7	1
ATXN1	SLC24A1	1
STXBP5	TNFRSF19	1
CHAMP1	PTPRK	1
DDX23	PDE10A	1
IFT81	MTHFD1L	1
TSPAN8	ZDHHC14	1
AKAP12	FRS2	1
CLEC4A	PPIL4	1
PLAGL1	PTPN11	1
SASH1	STAB2	1
HIVEP2	MYRFL	1
CNOT2	GRM1	1
UTRN	WIF1	1
HMGA2	UTRN	1
IL26	TNFAIP3	1
L3MBTL3	SLC35E3	1
CPM	IL20RA	1
KIF21A	PDE7B	1
TMEM200A	TSPAN9	1
EPB41L2	ETV6	1
CEP85L	TMEM120B	1
CCDC92	MAN1A1	1
FRK	SYT1	1
LAMA2	NUP107	1
FRS2	THEMIS	1
CCT2	DCBLD1	1
CPSF6	LAMA2	1
FMNL3	MAN1A1	1
LAMA2	SLC11A2	1
CCDC91	TRDN	1
BEST3	ZBTB24	1
CDK19	TBK1	1
METTL1	SESN1	1
REV3L	TMEM117	1
FAXC	MYRFL	1
COL9A1	CPSF6	1
NTF3	SSR1	1
ATP2B1	DCDC2	1
PTPRR	TRIM27	1
ATXN1	FRS2	1
CLIP1	FKBP5	1
BRPF3	UNC119B	1
NCR2	ZDHHC17	1
CNOT2	PTK7	1
PPARD	SRGAP1	1
AGAP2	PGC	1
MUC21	NELL2	1
ANO2	NUDT3	1
C12ORF71	POLH	1
CYP39A1	VPS33A	1
ACSS3	CYP39A1	1
ATF7IP	FAM83B	1
CD83	EHF	1
MICA	RAB6A	1
NCR3	PAAF1	1
PDLIM1	TXLNB	1
STK32C	ZBTB24	1
PRSS3	ZNF354C	1
DMXL1	NANS	1
FBXL7	PTPN3	1
GLIS3	TERT	1
CCDC25	PLEKHG4B	1
RPL8	SLC1A3	1
CDK14	EBF1	1
FGF18	NSD1	1
SCGB3A2	SPDL1	1
ARHGAP26	NSD1	1
SGCD	TNIP1	1
CTNNA1	CYSTM1	1
CDH18	SEC24A	1
HTR4	MAN2A1	1
COMMD10	FER	1
RASA1	XRCC4	1
GPBP1	MTREX	1
ARL15	PARP8	1
ARL15	ITGA1	1
DAP	TRIO	1
SEMA5A	SLC6A19	1
ANKH	ANKRD33B	1
ANKH	DNAH5	1
CDH18	TRIO	1
CDH10	FBXL7	1
CDH9	CEP72	1
CDH18	TERT	1
CDH12	ZDHHC11	1
DAB2	FASTKD3	1
GHR	ZNF131	1
CCL28	PLCXD3	1
FER	SLX9	1
MACROD2	MTREX	1
NOL4L	OTULINL	1
AXL	SQSTM1	1
HNRNPH1	INSR	1
RANBP3L	ZNF665	1
L3MBTL4	NIPBL	1
LPCAT1	MED13	1
CTNND2	IQCH	1
MAN2A1	TRIM9	1
BASP1	EML1	1
CCT5	MMP14	1
AGXT2	RNASEH2B	1
ANKLE2	MGAT1	1
GFPT2	PPFIA2	1
CNOT6	TSPAN8	1
FGF18	MDM2	1
RASSF3	STK10	1
ITPR2	SLIT3	1
MDM1	SH3RF2	1
COMMD10	NUP107	1
FRS2	PDCD6	1
AHRR	AVIL	1
CCDC127	MUCL1	1
CCT5	P3H3	1
FBXL7	MRPL51	1
RNF130	YAP1	1
CPEB4	KMT5B	1
EXOC3	TAGLN	1
DDB1	SDHA	1
FAM13B	XPNPEP1	1
FRYL	UNC13B	1
FSTL5	HMBOX1	1
DPYSL2	FSTL5	1
ARFGEF1	SORCS2	1
EXOC4	FNIP2	1
AGAP3	EXOSC9	1
DCUN1D4	IKZF1	1
CCDC170	MAML3	1
PDLIM5	RGS17	1
PLAGL1	WDFY3	1
KIF13A	UBE2K	1
HMGXB3	PPP3CA	1
NOA1	PDE4D	1
FBXO8	PALLD	1
ANXA10	PALLD	1
ARHGAP10	EDNRA	1
FGF2	FREM3	1
BLTP1	NFKB1	1
BANK1	NFKB1	1
PPA2	STPG2	1
PDLIM5	STPG2	1
AFF1	KLHL8	1
AFF1	GPRIN3	1
COPS4	GPAT3	1
AFF1	C4ORF36	1
CRMP1	ZFYVE28	1
RAB28	ZNF595	1
RBPJ	SEL1L3	1
KCTD8	WDR19	1
KIF3B	SCFD2	1
BLTP1	BTBD2	1
CSNK1G2	PDE5A	1
INSR	PI4K2B	1
RIT2	USP38	1
AFF1	WWOX	1
NAA16	USP53	1
FRYL	RB1	1
TIGAR	ZNF827	1
CPM	EVC2	1
SH3D19	VWCE	1
ZBED2	ZNF462	1
FAM135B	GOLGA4	1
DLG1	DYNC2I1	1
MKRN1	NLGN1	1
PEX5L	PTPRK	1
FARS2	KPNA4	1
SPDEF	TOPBP1	1
SLC41A3	WASF1	1
CDH18	HDAC11	1
CSNK1A1	DOCK3	1
KCNIP4	LPP	1
LRAT	NAALADL2	1
ACAD11	SETD7	1
ABCE1	ACAD11	1
INPP4B	SEC61A1	1
PRDM8	RARB	1
IHO1	NR3C2	1
GUCY1B1	PTPRG	1
FBXW7	PPP4R2	1
ETV5	XXYLT1	1
DLG1	FAIM	1
CCDC50	LSAMP	1
LPP	PLAAT1	1
FETUB	MAP3K13	1
FGF12	FNDC3B	1
ATP11B	CCDC39	1
CD86	MECOM	1
MFSD1	SPTSSB	1
CLDN11	MFSD1	1
NEK11	PLXND1	1
CD96	EEFSEC	1
LSAMP	MIX23	1
ARHGAP31	CFAP100	1
CPOX	FSTL1	1
ATG7	TSEN2	1
DAG1	XPC	1
TGFBR2	XPC	1
PLCL2	RAB5A	1
CLASP2	STT3B	1
OXSR1	PDCD6IP	1
RBM6	SETD2	1
CCRL2	SETD2	1
CLASP2	PTPRG	1
CACNA2D3	PDZRN3	1
CBFA2T2	DLG1	1
PEX5L	SULF2	1
SLC24A3	UBP1	1
BBX	VSTM1	1
NR1I2	ZNF699	1
MAP4	RBM42	1
HLTF	MIB1	1
ATP2C1	TMEM241	1
CHMP2B	RPRD1A	1
SLC38A10	TMEM207	1
SMARCC1	USP32	1
APPBP2	SETD2	1
ATAD5	QRICH1	1
FOXP1	UBTF	1
ANKRD11	NAALADL2	1
ESYT3	WDR90	1
FSTL1	RORA	1
CCDC14	RNF212B	1
LATS2	MYLK	1
ANKS1B	STAG1	1
CPM	ZBTB20	1
BEST3	GSK3B	1
ABI3BP	MYL6	1
CMSS1	KRT1	1
DAZL	GRIP1	1
TESMIN	ZBTB20	1
EPHB3	PAX2	1
GRK5	SUMF1	1
LPAR1	PPM1G	1
KIDINS220	SOX7	1
COLEC11	SOX7	1
DTNB	EXOC4	1
LRRFIP1	SLC35A1	1
GABRR1	PLEKHB2	1
EEF1E1	INPP4A	1
MTHFD1L	SH3YL1	1
KATNA1	PPM1G	1
UBE3D	VAX2	1
ANKH	R3HDM1	1
ANKH	STEAP3	1
CCDC39	PECR	1
CTLA4	MB21D2	1
POU1F1	SESTD1	1
FYTTD1	WDSUB1	1
RBM6	TTC7A	1
MRPS6	PID1	1
BACE2	TACR1	1
LANCL1	PANK2	1
GIGYF2	SP100	1
DGKD	NDUFA10	1
AGAP1	ATG4B	1
CAB39	RHBDD1	1
ARMC9	PARD3B	1
ITM2C	TRIP12	1
NYAP2	WDFY1	1
PARD3B	WDFY1	1
MREG	SMARCAL1	1
CPS1	SGO2	1
CPS1	PLEKHM3	1
PSMD1	ZDBF2	1
COQ10B	HYCC2	1
STAT1	SUMO1	1
ARHGAP15	ITGAV	1
CYBRD1	SP3	1
CACNB4	TANK	1
COBLL1	FMNL2	1
RBMS1	SLC20A1	1
NT5DC4	RBMS1	1
GULP1	KIF5C	1
ORC4	TNFAIP6	1
RIF1	TNFAIP6	1
GALNT13	SMYD1	1
ACVR2A	SUMO1	1
ACMSD	CCNT2	1
GLI2	MARCO	1
ARHGAP15	TGFBRAP1	1
DPP10	TGFBRAP1	1
ANKRD36	UGGT1	1
COLEC11	KIDINS220	1
BABAM2	FAM98A	1
SLC8A1	SRSF7	1
CALM2	TTC7A	1
KYNU	PPP4R3B	1
GFPT1	TCF7L1	1
DNM2	PTH2R	1
ARRDC5	SLC20A1	1
EPB41L5	FZR1	1
LMAN1	NBEAL1	1
PMS1	SOCS6	1
DNAH2	MREG	1
GLI2	SPOP	1
ACMSD	IL4R	1
AGAP1	SNX1	1
SH3BP4	ZNF664	1
AGAP1	TRHDE	1
ATP23	GPC1	1
COPS7B	KIF21A	1
CNOT2	ITGB6	1
ERC1	MRPS9	1
CTNNA2	NTM	1
DIP2C	ORC4	1
LTBP1	UCMA	1
PPP6R2	SGSM3	1
DNAL4	MICALL1	1
MAFF	OSBP2	1
TAFA5	ZNRF3	1
C1QTNF6	RAC2	1
NEFH	TTC28	1
EWSR1	TTC28	1
LRP5L	SGSM3	1
GAL3ST1	SGSM1	1
EIF4ENIF1	LSS	1
NCAM2	TIAM1	1
DSCAM	NRIP1	1
FAM118A	VAPB	1
ARFGEF2	TOM1	1
CRYZL1	RBM39	1
SULF2	WFDC3	1
SULF2	TSHZ2	1
B4GALT5	SLC9A8	1
BCAS1	PHACTR3	1
HNF4A	MYBL2	1
ARFGEF2	HNF4A	1
ARFGEF2	TTLL9	1
CHD6	MYH7B	1
DSN1	MROH8	1
CBFA2T2	SNTA1	1
BCL2L1	CBFA2T2	1
ATRN	RALY	1
ATRN	DNAAF9	1
PLCB1	SLX4IP	1
RIN2	XRN2	1
NAPB	SEC23B	1
CEMIP2	HMCN1	1
NDUFS2	SLC24A2	1
PBX1	PHF24	1
NUP210L	RALGPS1	1
FSD1L	OTUD7B	1
CLU	PPP1R12B	1
ARFGEF1	SHC1	1
PLAG1	PUM1	1
HOOK3	SCMH1	1
CYP7B1	EPS15	1
DNAI4	VPS37A	1
ADAM32	DOCK7	1
LYPLA1	TMEM167B	1
LYPLA1	TAF13	1
MKLN1	NME7	1
DNM3	MKLN1	1
AASS	DNM3	1
LMX1A	UBE2H	1
GATAD2B	GRM8	1
OSBPL3	SLC2A1	1
GRB10	SCMH1	1
COP1	GRM1	1
ARFGEF3	COP1	1
DNM3	JARID2	1
ATXN1	DNM3	1
PAX7	TAB2	1
NRDC	VEGFA	1
FKBP5	OSBPL9	1
GPATCH2	TRIP13	1
MPC2	NUDT12	1
CDH18	SUCO	1
DNM3	OSMR	1
MAEL	MTMR12	1
FBXL7	NRDC	1
GPRIN1	TM2D1	1
CSRP1	PALLD	1
ATF6	TENM3	1
ANKRD17	YARS1	1
MYLK	PARP1	1
ROBO2	TNNT2	1
MYLK	VAMP4	1
KALRN	USP48	1
MYLK	USP48	1
KCNAB1	KHDRBS1	1
KPNA6	TRAIP	1
C21ORF91	COLGALT2	1
DYNC2LI1	KCNN3	1
PRKD3	TMEM51	1
FGGY	SESTD1	1
MREG	SPAG17	1
HMCN1	ZSWIM4	1
DNM3	UHRF1	1
DOT1L	SSBP3	1
ENOSF1	PPT1	1
LRRC52	TMEM94	1
ALKBH5	NUF2	1
PIAS3	TSPOAP1	1
MFSD11	PHC2	1
MACF1	SHISA6	1
CUEDC1	LRP8	1
CACHD1	USP32	1
GPATCH2	N4BP1	1
RASAL2	RHBDF1	1
DNM3	SHISA9	1
CHI3L1	THSD4	1
EFL1	GPR161	1
S100A6	THSD4	1
ARNT2	CFAP144	1
TUBGCP5	TUT4	1
GOLM2	LRRC8D	1
MXRA8	SUPT16H	1
FOXJ3	RCOR1	1
KLHL1	SLC35F3	1
ACBD6	CCDC122	1
PRKCZ	TMCO3	1
WIF1	ZNF496	1
ADSS2	CAPRIN2	1
FRS2	PARP1	1
DISC1	MDM1	1
MTARC1	VPS33A	1
MTARC1	PAWR	1
MARK1	PA2G4	1
CNTN2	DYRK2	1
DENND1B	TSPAN31	1
POC1B	TNR	1
COP1	FRS2	1
AGAP2	SOAT1	1
C12ORF42	SUCO	1
DNM3	SLC41A2	1
KIFAP3	NTN4	1
PRRC2C	TMTC3	1
SCYL3	TSPAN8	1
DNM3	RAB21	1
DNM3	TPH2	1
MYRFL	VAMP4	1
MYRFL	SUCO	1
DPT	RAP1B	1
FAM78B	RAB3IP	1
DCAF6	YEATS4	1
CPM	DNM3	1
ATP1B1	IL26	1
PRRC2C	USP15	1
MDM2	SLAMF9	1
CRP	TIGAR	1
NIT1	TIGAR	1
ACSS3	GATAD2B	1
KCNN3	YEATS4	1
BCL9	BEST3	1
FRS2	RER1	1
CCNL2	CPSF6	1
FGGY	TCTN1	1
DAB1	DRAM1	1
CFAP54	DAB1	1
CEP290	FGGY	1
DAB1	HMGA2	1
C1ORF87	HMGA2	1
C1ORF141	FRS2	1
SYDE2	TCTN1	1
COP1	TAGLN	1
DPP3	FAM163A	1
PRRC2C	RSF1	1
DYNC2H1	NTRK1	1
ARRB1	LY9	1
ALX4	LMX1A	1
COP1	DNMBP	1
TET1	TMEM222	1
CDNF	PRPF38A	1
DOCK7	NMT2	1
CEP170	TSNAX	1
B3GALNT2	LBR	1
ARID4B	KLHL12	1
BROX	SUSD4	1
KDM5B	PPP1R12B	1
CNTN2	PKP1	1
ATP2B4	OPTC	1
CD55	RGS21	1
NEK7	SMYD3	1
CRB1	DENND1B	1
CDC73	SWT1	1
FIRRM	UCHL5	1
SMYD3	STX6	1
C1ORF21	INTS7	1
TNR	XPR1	1
COLGALT2	SWT1	1
NMNAT2	RGL1	1
ANGPTL1	C1ORF21	1
POU2F1	RGL1	1
DENND1B	SUCO	1
MPZL1	TNFSF4	1
DCAF6	HMCN1	1
TBX19	UCK2	1
GPR161	SFT2D2	1
CCDC181	NME7	1
DNM3	MPC2	1
KIFAP3	MPC2	1
FIRRM	KIFAP3	1
CD247	DNM3	1
ALDH9A1	MGST3	1
PCP4L1	TBX19	1
B4GALT3	ERO1B	1
COP1	PBX1	1
C1ORF105	NIT1	1
ARHGEF11	CD48	1
CHD1L	DDR2	1
ARHGEF11	SHC1	1
CD55	MEF2D	1
ASH1L	RC3H1	1
ASH1L	SELL	1
ASH1L	RIT1	1
DAP3	RPRD2	1
BCL9	C1ORF21	1
CREB3L4	FCER1A	1
LCE1C	RPRD2	1
OTUD7B	PRPF3	1
ITGA10	PEX11B	1
ACP6	PIAS3	1
PKN2	TUFT1	1
C1QC	UBR4	1
CAPZB	SKI	1
PRDM16	RPL22	1
LRRC38	NOC2L	1
DVL1	PLCH2	1
ALPL	EIF4G3	1
SPSB1	TAF12	1
KAZN	PHGDH	1
HNRNPR	PUM1	1
CASP9	SCMH1	1
OSCP1	STK40	1
MACF1	PABPC4	1
EXO5	MTF1	1
FAF1	NFYC	1
FAF1	KDM4A	1
NFIA	THRAP3	1
ATP2B4	FGGY	1
ECHDC2	ZFYVE9	1
SSBP3	TTC4	1
MYSM1	RAB3B	1
CC2D1B	FGGY	1
DAB1	TTC22	1
DAB1	OMA1	1
NFIA	TUT4	1
PKN2	RAB3B	1
GNG12	PLXNA2	1
NEGR1	ZFYVE9	1
ANKRD13C	PTGER3	1
BCL10	DPYD	1
DHRS3	INKA2	1
FMN2	TBX15	1
MAGI3	TBX15	1
AURKC	PPP6R2	1
NFIC	PPARA	1
HNRNPUL1	ITSN1	1
CBS	CNN1	1
CHST8	PSMF1	1
LSM7	RBM38	1
HOOK2	NSFL1C	1
CALR3	PLCB1	1
A1BG	ZNF569	1
FXYD1	ZNF507	1
EIF3K	ZNF226	1
CYP2S1	ZNF224	1
AP2A1	ZNF223	1
LRFN3	WDR62	1
HAS1	SAE1	1
PRKD2	STRN4	1
PPP1R37	ZNF383	1
GEMIN7	PPP1R37	1
ITPKC	MEGF8	1
GARRE1	SLC7A9	1
FAM98C	PPP5C	1
CLPTM1	NECTIN2	1
CEACAM1	CEP89	1
KANK3	ZC3H4	1
RHPN2	URI1	1
SIGLECL1	ZNF799	1
IGFL2	TPM4	1
SIN3B	TBC1D17	1
PIAS4	ZNF787	1
IL4I1	NFIC	1
CEP89	INSR	1
DOT1L	PSG11	1
RAD23A	ZNF763	1
TECR	ZNF177	1
RGL3	ZNF177	1
TIMM44	TMEM161A	1
MPND	TIMM44	1
NOTCH3	THOP1	1
SUGP1	TMEM221	1
BRME1	SIN3B	1
SHC2	ZNF559	1
PTPRS	ZNF627	1
ANGPTL4	PTPRS	1
CACNA1A	NOTCH3	1
NFIC	UNC13A	1
CRLF1	MLLT1	1
HAUS8	QTRT1	1
GATAD2A	KXD1	1
EVI5L	PGPEP1	1
EEF2	SMARCA4	1
COPE	TMED1	1
AKAP8	CALR3	1
CEP89	ZNF730	1
SIGLEC6	ZNF431	1
EPS15L1	ZNF431	1
RBFOX2	TMEM241	1
LAMP5	ROCK1	1
METTL4	ZNF627	1
CYB5A	ZNF407	1
CTIF	SMAD7	1
CFAP53	DYM	1
ARK2C	PHLPP1	1
CDH2	EPB41L3	1
SS18	ZNF521	1
NOL4	USP14	1
IMPA2	PIEZO2	1
AKAIN1	MYL12A	1
DLGAP1	METTL4	1
PI4KA	PRKCA	1
DGCR2	ZFP3	1
HLCS	TBCD	1
AP1M1	PYCR1	1
ABCA9	ZNF146	1
HELZ	OAZ1	1
TANC2	ZNF468	1
TEX14	ZNF383	1
AATF	ZNF586	1
AATF	ZNF551	1
CTNS	OLFM2	1
NOTUM	TSEN54	1
SPOP	UNK	1
CSNK1D	GSDMA	1
ABR	FOXK2	1
FOXK2	SPECC1	1
ALDH3A2	CSNK1D	1
ATPAF2	CCDC57	1
PRKCA	RAB40B	1
ABCA9	CEP112	1
ABCA9	TANC2	1
TK1	VMP1	1
CLTC	DNAH17	1
CEP112	DHX40	1
HEATR6	STXBP4	1
BRCA1	VMP1	1
HEATR6	SKA2	1
FAM117A	MRPS23	1
MAP3K14	SRP68	1
KANSL1	PYY	1
MRPL45	WIPF2	1
ACLY	TAF15	1
BLTP2	RETREG3	1
DHX8	SPACA3	1
GPATCH8	METTL16	1
CALCOCO2	WRAP53	1
ACE	PLXDC1	1
AATF	AP2B1	1
NF1	RPTOR	1
FAM222B	PRPSAP1	1
ABCA9	BLMH	1
CPD	TMEM132E	1
SDF2	SPAG5	1
SLC13A5	UTP6	1
GLOD4	NPLOC4	1
TXNDC17	VPS53	1
RPAIN	STX8	1
NEURL4	SOX15	1
MPDU1	SPEM1	1
FXR2	METTL16	1
CLEC10A	METTL16	1
MYH10	TEKT3	1
DNAH9	MPDU1	1
NXN	PRPSAP2	1
HS3ST3B1	TMEM92	1
ARHGAP44	ZSWIM7	1
ARHGAP44	SHMT1	1
AKAP10	CCL3	1
SLC47A2	SPECC1	1
COPS3	FLCN	1
NKD1	SPATC1L	1
NUP93	PPP4R1	1
ATP9B	LUC7L	1
CREBBP	WRAP53	1
ABR	XYLT1	1
ADAD2	ZC3H18	1
KLHDC4	PIEZO1	1
DYNLRB2	NFAT5	1
COG4	PMFBP1	1
AP1G1	MTSS2	1
NUP93	SNTB2	1
AMFR	PLLP	1
FTO	GNAO1	1
ABAT	PMM2	1
NUBP2	RHBDL1	1
CRAMP1	TMEM204	1
EEF2KMT	XYLT1	1
LDAF1	NDUFAB1	1
CRYM	XYLT1	1
KATNIP	NFATC2IP	1
SPECC1L	TM6SF1	1
SEMA6D	TNRC6B	1
CSNK1G1	NRIP1	1
OCA2	RBM39	1
ATF5	PDE8A	1
FBN1	URI1	1
ATOSA	CCDC102B	1
BTBD1	FBXL20	1
CSPG4	MYO1D	1
MPRIP	OAZ2	1
LLGL1	TLN2	1
ATP8B4	GAS7	1
STARD9	UBB	1
SPMIP8	TRPM7	1
BBS2	MEIS2	1
BBS2	CDIN1	1
MEF2A	SV2B	1
ITGA11	SLCO3A1	1
CHD2	DNAAF4	1
ADAMTS17	SLC12A1	1
SCAMP2	SLCO3A1	1
BBS4	NEO1	1
GLCE	SCAPER	1
PTPN9	SLC12A1	1
ADAMTSL3	ITGA11	1
PTPN9	RORA	1
LOXL1	RORA	1
INTS14	SMAD3	1
ATP8B4	TIPIN	1
PCSK6	RFX7	1
ADAMTSL3	USP8	1
TSPAN3	USP8	1
ATP8B4	LINGO1	1
FBN1	PYGO1	1
MYO5A	NEDD4	1
DNAJC17	TRIP4	1
ATP8B4	TP53BP1	1
ADAL	TERB2	1
EML1	GPI	1
ACOT2	ZNF320	1
AJUBA	CTIF	1
CCNK	HHIPL1	1
ATG2B	TDRD9	1
SLC35F4	TTC7B	1
FNTB	SEL1L	1
KTN1	SPATA7	1
CEP128	ZFYVE1	1
ENTPD5	TSHR	1
ACTN1	MAX	1
ARMH4	HIF1A	1
DAAM1	MNAT1	1
FOXN3	PELI2	1
DAD1	STYX	1
BRMS1L	NPAS3	1
STXBP6	ZNF410	1
HDHD5	MICU2	1
GRTP1	SPATC1L	1
CDK8	GCNT7	1
GNA11	TMCO3	1
ARHGEF7	DNM2	1
DMAC2	XPO4	1
RNASEH2B	TSHZ1	1
F10	KAT7	1
GGACT	INCA1	1
EPN2	PIBF1	1
AATF	SETDB2	1
MYH10	OLFM4	1
CAB39L	FXR2	1
MTUS2	SIRT7	1
ADCY9	SPART	1
ARHGEF7	SPATA7	1
COL4A2	NUBPL	1
ESR2	RB1	1
ATP11A	TMCO3	1
ATP11A	DCUN1D2	1
ADPRHL1	ATP11A	1
HS6ST3	NALF1	1
DNAJC3	PCCA	1
GPC5	UGGT2	1
KLF12	UCHL3	1
DACH1	TNFSF11	1
DIAPH3	RB1	1
RB1	RUBCNL	1
FNDC3A	LPAR6	1
ESD	FAM124A	1
COL4A1	PDS5B	1
CLDN10	DCLK1	1
FNDC3A	NBEA	1
BRCA2	NBEA	1
ATP8A2	SUPT20H	1
MYO16	SACS	1
CRYL1	MLNR	1
MPHOSPH8	ZMYM2	1
MICU2	PAN3	1
NUP58	SPATA13	1
CORO1C	RBFOX2	1
PIP4K2C	SAMM50	1
IGF1	SPATC1L	1
LIN7A	PDXK	1
ACSS3	USP16	1
BACH1	OSBPL8	1
LYZ	TOP1	1
ACTR5	MSRB3	1
CDH4	PRPF40B	1
HSPB8	ZNF71	1
CHFR	ZNF565	1
IFT81	INSR	1
ACACB	ARHGEF18	1
INSR	PLXNC1	1
EEA1	EEF2	1
LSM14A	TMTC2	1
PTPRQ	SLC44A2	1
INSR	MGAT4C	1
ACSS3	INSR	1
MYRFL	ZNF71	1
FRS2	PSMC4	1
GRAMD1A	RAB3IP	1
MYRFL	ZNF44	1
INSR	MDM1	1
DNM2	FRS2	1
ADGRE1	FRS2	1
PIP5K1C	PPM1H	1
TMBIM4	ZNF493	1
SARNP	ZNF562	1
DTX3	ZNF562	1
GARRE1	PPHLN1	1
CHD4	URI1	1
PLEKHA5	UHRF1	1
MED21	PIP5K1C	1
DYM	OAS3	1
SDK2	TMTC2	1
ACACA	METTL25	1
ACACA	GLIPR1L2	1
CPSF6	OXLD1	1
ACVRL1	ARHGDIA	1
DLG4	KRT8	1
APOBEC1	FOXK2	1
CORO1C	RBFOX1	1
BLTP3B	CACNG3	1
EEA1	N4BP1	1
PHKB	SYT1	1
N4BP1	NAV3	1
CHMP1A	FRS2	1
CACNG3	CCT2	1
PHKB	SCN8A	1
GALNT6	XYLT1	1
DERA	DNAJA2	1
HERC1	TMTC2	1
MAP2K5	MYRFL	1
CD27	EMC7	1
GLT8D2	YY1	1
TCP11L2	TTLL5	1
GPHN	NEDD1	1
NDUFA12	TRMT61A	1
TESPA1	YY1	1
PPP1R13B	PYM1	1
MOK	MUCL1	1
CLEC2B	RB1	1
HSPB8	VPS29	1
TCTN1	ULK1	1
KSR2	TRPV4	1
ATXN2	SH2B3	1
MLEC	STX2	1
MAPKAPK5	UNC119B	1
CORO1C	KDM2B	1
GOLGA3	HVCN1	1
STAB2	USP30	1
NCOR2	NUP37	1
ANKS1B	MLXIP	1
CDK17	MED13L	1
CCDC38	MAPKAPK5	1
HECTD4	LTA4H	1
AMDHD1	HECTD4	1
ABTB3	HECTD4	1
GTF2H3	NUAK1	1
EPYC	PTPN11	1
KCNC2	PPP1CC	1
MLXIP	TSPAN8	1
CEP290	KSR2	1
KDM2B	LRRIQ1	1
IFT81	TSPAN8	1
DNAH10	LIN7A	1
COX6A1	PPP1R12A	1
ALDH2	LIN7A	1
CPM	TCTN1	1
CPM	MVK	1
CIT	LYZ	1
GRIP1	TMEM120B	1
ARHGEF25	PITPNM2	1
KRT78	MSI1	1
CAMKK2	DIP2B	1
ATP2A2	COL2A1	1
CCDC63	PWP1	1
POLR3B	RBM19	1
MTRFR	NUAK1	1
CCDC60	GNPTAB	1
ELK3	SBNO1	1
ATXN2	CHPT1	1
CDK17	USP30	1
PRDM4	WASHC4	1
SLC41A2	TXNRD1	1
CDK17	TDG	1
PAH	SART3	1
BLTP3B	NUAK1	1
LTA4H	STAB2	1
ABTB3	LTA4H	1
CDK17	ELK3	1
CHPT1	TXNRD1	1
CFAP54	SLC5A8	1
ABTB3	CMKLR1	1
DRAM1	NTN4	1
ARL1	UBE2N	1
LIN7A	SLC41A2	1
NEDD1	TMTC2	1
NEDD1	PPFIA2	1
GNPTAB	TRHDE	1
ELK3	TSPAN8	1
ELK3	LIN7A	1
CFAP54	NAV3	1
BLTP3B	ZDHHC17	1
BLTP3B	TRHDE	1
ANO4	NTS	1
ACSS3	AMDHD1	1
NT5DC3	PTPRR	1
ELK3	PTPRR	1
CHST11	PTPRR	1
CFAP54	CPM	1
GRIP1	NEDD1	1
ATP23	BLTP3B	1
ANO4	KICS2	1
GAS2L3	OS9	1
GAS2L3	KRT2	1
ELK3	KRT78	1
APPL2	TUBA1C	1
BCL7A	NR2C1	1
PLXNC1	TXNRD1	1
CEP83	PLXNC1	1
RLIG1	VEZT	1
TMCC3	TRHDE	1
NTN4	TRHDE	1
NTN4	NUP107	1
NDUFA12	NUP107	1
FGD6	PTPRR	1
FGD6	TBC1D30	1
CRADD	GRIP1	1
LETMD1	NTN4	1
SFSWAP	TRHDE	1
RILPL1	TMTC3	1
DNAH10	PPP1R12A	1
OTOGL	TRPV4	1
GALNT9	METTL25	1
LIN7A	TMEM132D	1
ATP2B1	RBM19	1
ATP2B1	CORO1C	1
C12ORF75	TRHDE	1
ANKS1B	TRHDE	1
ABTB3	TMTC2	1
MYBPC1	RAB21	1
CDK17	GLIPR1	1
CEP290	VEZT	1
SYT1	ZDHHC17	1
NAV3	ZDHHC17	1
METTL25	ZDHHC17	1
TMEM19	TMTC3	1
SLC6A15	TMTC3	1
RLIG1	TMTC3	1
OSBPL8	TMTC3	1
CEP290	TMTC3	1
PPFIA2	SYT1	1
EPYC	SYT1	1
MGAT4C	RAB21	1
METTL25	PPP1R12A	1
PPFIA2	TRHDE	1
OTOGL	PPFIA2	1
ACSS3	PPFIA2	1
METTL25	POC1B	1
OSBPL8	ZDHHC17	1
OSBPL8	SYT1	1
OSBPL8	PTPRQ	1
NTS	OSBPL8	1
CSRP2	OSBPL8	1
METTL25	PTPRQ	1
ATP2B1	METTL25	1
LGR5	PPFIA2	1
ATP2B1	LIN7A	1
RAB3IP	ZDHHC17	1
IL26	TSPAN8	1
SLC35E3	TMTC3	1
PTPRR	TMTC2	1
MYRFL	TMTC2	1
LYZ	TMTC2	1
THAP2	YEATS4	1
CNOT2	TBC1D15	1
MYRFL	SLC6A15	1
KCNMB4	PPFIA2	1
NAP1L1	PTPRR	1
CPM	METTL25	1
LIN7A	NUP107	1
GLIPR1L1	RAB3IP	1
E2F7	PTPRR	1
MON2	ZFC3H1	1
DPY19L2	TRHDE	1
SLC16A7	TBC1D15	1
SYT1	TBK1	1
GRIP1	PPFIA2	1
GRIP1	LIN7A	1
LGR5	TAFA2	1
ATP2B1	GRIP1	1
ACSS3	AVIL	1
RAPGEF3	THAP2	1
RAB21	SLC4A8	1
FAM186A	OSBPL8	1
CCDC92	RAB3IP	1
FRS2	SBNO1	1
FBRSL1	FRS2	1
RAP1B	SCYL2	1
CFAP54	FRS2	1
CCT2	DEPDC4	1
FRS2	PLEKHG7	1
KCNC2	RAB3IP	1
PTPRR	SLC6A15	1
NAV3	PTPRR	1
KCNC2	PTPRR	1
MDM1	NAV3	1
GLIPR1L2	KCNMB4	1
FRS2	ZFC3H1	1
FRS2	TMTC2	1
FRS2	TBC1D15	1
FRS2	PTPRQ	1
FRS2	GLIPR1L2	1
ACSS3	FRS2	1
CPSF6	TMTC2	1
CCT2	KCNC2	1
CPM	PTPRR	1
MDM2	PTPRR	1
CPM	FRS2	1
CPM	CPSF6	1
CPM	MYRFL	1
BEST3	CPM	1
BEST3	PTPRR	1
BEST3	MYRFL	1
AVIL	RAB3IP	1
PTPRR	TAFA2	1
FRS2	TBK1	1
FRS2	TBC1D30	1
FRS2	KICS2	1
FRS2	HMGA2	1
AVIL	FRS2	1
CPSF6	TSPAN31	1
DIP2B	MDM2	1
MDM1	RBMS2	1
MDM1	PDZRN4	1
GDF3	KCNMB4	1
EEF1AKMT3	LTA4H	1
APPL2	C12ORF56	1
HMGA2	NR2C1	1
LRRIQ1	TSFM	1
TBK1	TMTC2	1
SYT1	TBC1D30	1
KRR1	TAFA2	1
SLC16A7	SYT1	1
ACSS3	SLC16A7	1
KCNC2	LEMD3	1
HMGA2	PPFIA2	1
HELB	MGAT4C	1
AGAP2	RAB21	1
FRS2	TSFM	1
PTPRR	SRGAP1	1
NUP107	SLC16A7	1
BEST3	SLC16A7	1
CNOT2	MSRB3	1
CPM	KICS2	1
DYRK2	IRAK3	1
EEF1AKMT3	PTPRR	1
DPY19L2	NUP107	1
CAND1	IL22	1
AGAP2	CNOT2	1
DPY19L2	USP15	1
TSPAN31	WIF1	1
TBK1	TMBIM4	1
TAFA2	TMBIM4	1
LRIG3	SLC16A7	1
ATP23	LRIG3	1
KICS2	USP15	1
GRIP1	RXYLT1	1
GNS	SLC16A7	1
GNS	RASSF3	1
HMGA2	SARNP	1
GRIP1	HSD17B6	1
PDZRN4	PPM1H	1
HMGA2	NELL2	1
TMEM116	TUBA1C	1
MCRS1	SRRM4	1
FMNL3	HECTD4	1
COPZ1	GNPTAB	1
NTN4	R3HDM2	1
DCTN2	EEA1	1
NAV3	ZNF385A	1
MGAT4C	SLC4A8	1
PPFIA2	SCN8A	1
KIF5A	NAV3	1
ACSS3	HDAC7	1
B4GALNT1	EPYC	1
MYRFL	ZNF641	1
MDM1	SPRYD4	1
RAB3IP	SLC38A2	1
ATF7	LYZ	1
AVIL	RPAP3	1
MARS1	MSRB3	1
LRP1	TAFA2	1
CAND1	LRP1	1
HDAC7	SRGAP1	1
AGAP2	FMNL3	1
DCTN2	SRGAP1	1
CALCOCO1	TAFA2	1
NPFF	SP1	1
ATF7	SP1	1
KRT74	RPAP3	1
ORMDL2	SARNP	1
LRP1	MCRS1	1
ATF1	LRP1	1
DIP2B	R3HDM2	1
CDK2	PAN2	1
KIF21A	R3HDM2	1
ARHGEF25	CPNE8	1
ANO2	SCN8A	1
ARID2	PTPRB	1
ADAMTS20	MYRFL	1
LRIG3	PRICKLE1	1
PRIM1	TMEM117	1
HSD17B6	SLC2A13	1
CNTN1	TMEM117	1
CPNE8	PRMT8	1
ARHGDIB	SLC2A13	1
CACNA1C	EEA1	1
FAM234B	TSPAN8	1
CACNA1C	TSPAN8	1
CACNA1C	SLC6A15	1
CLEC2B	MYRFL	1
CHD4	CPM	1
MAP3K12	TEAD4	1
ADIPOR2	SLC2A13	1
PTPN6	TIGAR	1
ERC1	TEAD4	1
C12ORF4	NDUFA9	1
CRACR2A	SYT10	1
LGR5	WBP11	1
CTDSP2	PIK3C2G	1
MUCL1	PDE3A	1
SOX5	SPSB2	1
GUCY2C	SOX5	1
AEBP2	LMO3	1
KCNC2	TM7SF3	1
TMTC1	YEATS4	1
FGFR1OP2	INTS13	1
KDM2A	SLC5A4	1
CARS1	TSHZ3	1
ARHGEF12	TANC2	1
PHLDB1	SPAG9	1
BCAS3	SYTL2	1
STAT5B	TENM4	1
INTS4	TBC1D2B	1
MMP13	SUPT16H	1
MADD	MBNL2	1
FRS2	ZBTB44	1
HECTD4	YAP1	1
MMP27	ZDHHC17	1
ATP23	DLG2	1
NUP107	PAAF1	1
BMAL1	RIC8B	1
MGAT4C	ZDHHC13	1
NUCB2	RAB3IP	1
FRS2	SBF2	1
ANO5	CPM	1
CCDC73	SLC15A4	1
ARFGAP2	HMGA2	1
IGSF9B	OPCML	1
NTM	SORL1	1
ST3GAL4	ZW10	1
SC5D	SPA17	1
ARHGEF12	CEP164	1
NPAT	OAF	1
CEP126	SHANK2	1
AMOTL1	PIWIL4	1
PIWIL4	THRSP	1
AAMDC	ARHGEF17	1
PITPNM1	RBM4B	1
FADD	RBM4B	1
CTTN	PC	1
FAM168A	SYT12	1
CTTN	PPFIA1	1
MS4A8	UVRAG	1
FAM168A	OSBPL5	1
BBOX1	PPFIA1	1
STX5	TAF6L	1
P2RX3	RTN4RL2	1
MYRF	STX5	1
SDHAF2	TPH1	1
NLRP14	PRPF19	1
GALNT18	USP47	1
PRMT3	UEVLD	1
INSC	TEAD1	1
SBF2	SPON1	1
HBE1	SERGEF	1
PARVA	USP47	1
MICAL2	NELL1	1
ANO5	CARS1	1
PRRG4	ZNF215	1
EIF3M	UEVLD	1
DEPDC7	LDLRAD3	1
CD44	EXT2	1
CRYBB1	PANK1	1
ACTA2	COL6A1	1
MFSD11	UBE2D1	1
CCDC40	PRKG1	1
DHX32	IDH3A	1
FANCI	RSU1	1
CCNK	ZNF365	1
ACTR10	MKX	1
CAMK2G	KLF12	1
HNRNPF	KLHL1	1
CUBN	RUBCNL	1
CTDSP2	GBF1	1
CCSER2	TULP3	1
MALRD1	ZDHHC17	1
EPYC	STAM	1
KITLG	ST8SIA6	1
SYT1	ZEB1	1
GBF1	TRPC6	1
HK1	TMEM135	1
PLPP4	ZNF511	1
DOCK1	STK32C	1
SORBS1	TUBGCP2	1
FBXL15	PDCD11	1
AS3MT	HERC4	1
AFAP1L2	GRID1	1
HIF1AN	KIF11	1
BTAF1	HOGA1	1
ATAD1	LRMDA	1
CHST3	ZMIZ1	1
ADK	USP54	1
MYPN	PLXDC2	1
ITGA8	MINDY3	1
PDCD11	PLXDC2	1
STAM	SVIL	1
KIAA1217	SVIL	1
AARS1	GLI1	1
GLI1	NCOR2	1
KMT2D	PRRX1	1
MLH1	SPATA4	1
FBP2	ITPK1	1
FOXP2	PHF19	1
BRAF	PTPRN2	1
AGBL3	SLC6A3	1
FOS	SLC4A4	1
CDK14	UBR3	1
ASIC2	PFDN2	1
RESF1	TSPAN2	1
CEPT1	DENND5B	1
FCRL4	IQGAP3	1
PIGK	SPATA6	1
AGBL4	PATJ	1
MACF1	SLC30A7	1
DAB1	VAV3	1
DAB1	TENT5C	1
CEPT1	WDR3	1
NOTCH3	SETBP1	1
NF2	SPATA13	1
ARFGEF2	UGGT2	1
ENOX1	ETFA	1
ENOX1	TYRO3	1
PYGO1	YAP1	1
LMO1	YAP1	1
HDHD2	IER3IP1	1
DNM3	METTL13	1
HTT	PKN1	1
ALK	C2ORF42	1
BRAF	ESYT2	1
NFAM1	PTPRZ1	1
BRAF	LSM14A	1
BRAF	CEP89	1
MET	MYO5A	1
AGAP3	RET	1
LIMA1	ROS1	1
ERC1	ROS1	1
MAP3K8	STX7	1
ROS1	SHTN1	1
ERBIN	RASGRF2	1
FIP1L1	ROS1	1
MAP3K8	SLC4A4	1
NTRK2	TFG	1
ACTB	MITF	1
LRRFIP2	ROS1	1
CACTIN	MITF	1
LRRFIP1	MET	1
ALK	SLC20A1	1
ALK	EHBP1	1
CDC42EP3	MAP3K8	1
ATP2B4	RASGRF2	1
ATP2B4	RAF1	1
PLPP3	RAF1	1
NTRK1	TP53	1
LMNA	RET	1
NTRK3	SCAPER	1
CD63	PRKCB	1
MAP3K8	SPECC1	1
MYO5A	RET	1
MAP3K8	UBL3	1
ABLIM1	MAP3K8	1
DIP2C	MAP3K8	1
MAP3K8	SFMBT2	1
CUBN	MAP3K8	1
MAP3K8	PIP4K2A	1
CCNY	MAP3K8	1
BRAF	FCHSD1	1
LCK	PUM1	1
LCK	TRPM1	1
PUM1	TRPM1	1
CIITA	RALGDS	1
CIITA	PDCD1LG2	1
CD274	CIITA	1
CIITA	RMI2	1
IL2	TNFRSF17	1
MTAP	SMU1	1
PDCD1LG2	RNF38	1
MTAP	MTMR6	1
MAN1B1	TNFRSF10D	1
SAMD12	TAF2	1
PDE7A	VXN	1
ADHFE1	PDE7A	1
EYA1	TOX	1
CHD7	SNAP23	1
IRAG2	MYC	1
CADPS2	CAPZA2	1
IKZF1	VWC2	1
TIAM2	ZNF292	1
CD109	TRAF3IP2	1
CD83	JARID2	1
ABCF1	POLR1H	1
BTBD9	GCLC	1
CDKN1A	MAPK1	1
ATP10B	SLU7	1
ANKHD1	TMCO6	1
ARSB	LHFPL2	1
IRF1	LPAR6	1
SLC7A1	ZNF608	1
PARM1	UBA6	1
PCGF3	TACC3	1
FAM193A	MSANTD1	1
NSG1	TAF4B	1
BANK1	IGH	1
TATDN2	UNC13B	1
GPR160	PLSCR1	1
MBNL1	SLC41A3	1
HACD2	MYLK	1
BCL6	CBLB	1
SENP7	ZBTB11	1
BCL6	RBM6	1
TEX264	TRAK1	1
CCDC12	KIF9	1
TMF1	UBA3	1
FOXP1	ZNF860	1
FBXO36	SP110	1
PDE1A	ZNF804A	1
ARL6IP6	CFLAR	1
ATAD2B	NGEF	1
PPP1CB	WDR43	1
GTDC1	STON1	1
BCL3	IGK	1
AP1S3	MAPK4	1
PPP6R2	SCO2	1
EWSR1	TEF	1
DRG1	RNF185	1
LSS	MCM3AP	1
BCL6	RAB29	1
MAP4	RERE	1
BCL6	RCC1	1
ABCD3	GAP43	1
CD58	SETD2	1
RCC1	ZNF217	1
ABCB10	ANKRD44	1
IGH	RAB29	1
IGH	MUC1	1
ARHGEF11	ASH1L	1
PEX10	RERE	1
FGGY	NPHP4	1
EVI5	FUBP1	1
ACADM	TLCD4	1
CD101	TTF2	1
INSR	SAFB2	1
CD70	RFX2	1
BSG	CDC34	1
PARD6G	SMAD2	1
EWSR1	STRADA	1
ALPK2	GNA13	1
AFMID	PGS1	1
ABI3	TSPOAP1	1
NLK	TAOK1	1
ANKFY1	ATP2A3	1
DYNC1LI2	ZNF610	1
CDH1	SF3B3	1
RPAP1	RTF1	1
AQR	ZNF770	1
CIITA	IGH	1
POLE2	SOS2	1
HAUS4	TEP1	1
EPSTI1	ZNF407	1
GALNT9	PUS1	1
KDM2B	MORN3	1
ANAPC7	GIT2	1
C12ORF42	IRAG2	1
CAT	POLDIP3	1
CIITA	DLG2	1
IGH	PCSK7	1
IGH	PAFAH1B2	1
DGKH	HEPACAM	1
BBOX1	CUL5	1
IGH	NFKB2	1
ARID5B	SOX5	1
BAG3	INPP5F	1
CHUK	STAMBPL1	1
NOTCH1	RXRA	1
IGH	MYCN	1
CCND1	CDC42BPA	1
CCND2	IGH	1
FOXO4	MEIS2	1
EEF1A1	NTRK3	1
BCOR	MAML1	1
AFF2	WWTR1	1
MUSK	ZNF462	1
LSM1	NRG1	1
FGFR1	FGFR1	1
PDE2A	PLAG1	1
CEP290	MET	1
BRAF	HSPA8	1
ATXN1	NUTM1	1
BRAF	UBTD2	1
CIC	FBXO4	1
PDGFRA	RAB3IP	1
PTPRG	RAF1	1
APPL2	RAF1	1
RAD51B	RBM43	1
ETS1	SLC5A7	1
MN1	ZFP64	1
CHD6	TOP1	1
HFM1	NOTCH3	1
PUM1	RAD51B	1
OLFML2B	PDE4DIP	1
DDR2	VPS45	1
IGF1R	SMARCB1	1
BRMS1L	EWSR1	1
FOS	GLI1	1
ATP8A2	SUFU	1
CDKN2A	ITCH	1
CYP7B1	NCOA2	1
EGFR	VWC2	1
CACYBP	NTRK1	1
NF1	SCIMP	1
NTRK3	SNRNP70	1
CPT1A	KMT2A	1
BIN2	BRAF	1
RAF1	SLC25A20	1
RAF1	TDRD10	1
RAF1	SHE	1
IL6R	RAF1	1
CHST7	RP2	1
ILRUN	MID1	1
HCFC1	MRFAP1	1
ATP10D	FAM133A	1
COL4A5	LSAMP	1
EFNB1	RAF1	1
BCR	ZNF711	1
CFAP47	ITCH	1
EIF2AK2	TIMP1	1
RPL18	SLC38A5	1
BGN	RABEP1	1
PLXNB3	PYM1	1
RXRA	VAV2	1
TOR4A	UAP1L1	1
RAPGEF1	ZMYND19	1
MED27	MVB12B	1
RC3H2	STOM	1
DENND1A	PPP6C	1
GOLGA1	NR6A1	1
ATP6V1G1	COL5A1	1
INIP	SNX30	1
BNC2	CDC37L1	1
FREM1	SH3GL2	1
DENND4C	MLLT3	1
ELAVL2	NFX1	1
TLN1	TMEM8B	1
BCR	CYLC2	1
MEIOSIN	SMARCA2	1
COL5A1	VAT1	1
CNTLN	ZNF106	1
COG3	PSMB7	1
NOC4L	PTGDS	1
CPSF6	SEC61B	1
TRPM3	ZNF268	1
CNTNAP3	NUMA1	1
ABCA1	PSAP	1
CDH17	VPS13B	1
EIF3H	PAG1	1
CLVS1	CSPP1	1
MRPS28	NKAIN3	1
EIF3H	PPP2R2A	1
PLEKHA2	TRAPPC9	1
GPAT4	LY6H	1
LSS	POMK	1
ESF1	SDCBP	1
GLG1	RPL8	1
FMN1	RPL8	1
PIAS1	SPIDR	1
ERBB3	RPL30	1
RAB6A	RP1	1
FAM13C	PAG1	1
SGK3	VIM	1
CLIP2	RORB	1
ADGRB1	PTPN12	1
CPQ	RABGEF1	1
NCALD	UPP1	1
ESYT2	NCAPG2	1
IFT56	MGAM2	1
BRAF	WDR91	1
AKR1B10	CNOT4	1
NRF1	RHEB	1
MKLN1	NRF1	1
DOCK4	PTPRZ1	1
BRAF	ZKSCAN1	1
ATP5MF	KDM7A	1
SBDS	TMEM248	1
BRAF	RAC1	1
GNA12	ZNF316	1
AIMP2	WIPI2	1
C7ORF50	TTYH3	1
ELFN1	FBXL18	1
BRAF	SKAP2	1
CRPPA	RAPGEF5	1
HIBADH	PALS2	1
GCK	UMAD1	1
BRAF	SEPTIN3	1
EIF3D	IQCE	1
AGR3	CENPM	1
IFNAR1	RHEB	1
BRAF	CCT8	1
ATRN	BRAF	1
DDX27	TTYH3	1
DDX27	GPNMB	1
MAD1L1	MLLT1	1
MYH10	RHBDD2	1
ASPSCR1	TTYH3	1
TUBG1	URGCP	1
BRAF	CDH3	1
CREB5	SHISA9	1
LUC7L2	TBC1D2B	1
BRAF	TBC1D2B	1
BRAF	MYO5A	1
CHST12	PLA2G4E	1
BRAF	MZT1	1
BRAF	DIP2B	1
BRAF	CCDC91	1
RASA4	SOX5	1
GAPDH	HSPB1	1
NOC4L	TTYH3	1
SIAE	VGF	1
GNA12	SHANK2	1
PEX1	VIM	1
IQCE	PSAP	1
GOLGA2	TULP1	1
KHDRBS3	PACRG	1
ERMARD	GRM3	1
MTCL3	NPC1L1	1
GPR63	NPC1L1	1
BRAF	CARMIL1	1
AFDN	CEP43	1
IGF2R	QKI	1
SAMD5	STXBP5	1
ADGB	RAB32	1
EYA4	PTPRK	1
GRIK2	MANEA	1
AKIRIN2	PPP1R14C	1
KCNQ5	RNF217	1
FARS2	GMDS	1
CDYL	FARS2	1
LYRM4	PHACTR1	1
HIVEP1	TXNDC5	1
GCNT2	TXNDC5	1
EYS	GFOD1	1
JARID2	MRS2	1
CDYL	TBC1D22B	1
CDKAL1	MICB	1
RPL7L1	UBR2	1
CLIC1	NUDT3	1
CLIC1	MSH5	1
BTBD9	DNAH8	1
DEFB110	PKHD1	1
BACH2	TBC1D22A	1
APOM	ZNF587	1
ANKS1A	MYO1F	1
TXLNB	YWHAE	1
PITPNA	UTRN	1
P4HB	SEC63	1
CLCN7	SEC63	1
HLA-A	KIFC3	1
ARID1B	RCN2	1
C6ORF52	IREB2	1
HLA-DRA	SNW1	1
CCT2	PCMT1	1
METTL24	R3HDM2	1
FAR2	SMAP1	1
EEA1	HMGA1	1
EEA1	HLA-DRA	1
GRIP1	TAF8	1
C6ORF89	HOXC10	1
EYS	PAK1	1
ACER3	ZNF451	1
PSAP	QKI	1
LAMA4	VIM	1
AOPEP	VCAN	1
HCN1	RABGAP1	1
KCNMB1	MKLN1	1
HIP1	SLC30A5	1
BRAF	SLC12A7	1
AFG1L	SLC12A7	1
CLIC5	TRIO	1
ADAM19	FNDC9	1
SPINK5	STK32A	1
FBXO38	MTREX	1
BRD8	GFPT2	1
ARAP3	DIAPH1	1
CCDC112	PGGT1B	1
PJA2	TMEM232	1
NUDT12	TMEM167A	1
EDIL3	HAPLN1	1
AP3B1	LHFPL2	1
NSA2	PCDHAC2	1
NSA2	PCDHAC1	1
NSA2	PCDHA3	1
NSA2	PCDHA13	1
CHD1	POLK	1
EFNA5	PDE4D	1
ARL15	STK32A	1
ANKRD55	SERF1B	1
CTNND2	PPARGC1B	1
BASP1	SEMA5A	1
MYO10	RETREG1	1
MARCHF11	MYO10	1
FASTKD3	MTRR	1
EXOC3	TRIP13	1
CEP72	TAS2R1	1
LIFR	TRIO	1
AGXT2	FBXL7	1
CDH12	DAP	1
FBXW11	TTC33	1
ANKH	NUP155	1
NIPBL	ROPN1L	1
ICE1	LMBRD2	1
DNAH5	DROSHA	1
BRD9	OSMR	1
GHR	SUB1	1
NIPBL	NUP155	1
DAB2	OXCT1	1
C5ORF34	RAI14	1
PAIP1	PRELID2	1
TAFA5	ZNF354B	1
TAFA5	ZFP2	1
ATXN10	ZNF354A	1
HIC2	SNX2	1
DGCR8	ITGA2	1
AHRR	CSNK1E	1
ADCY2	SAMM50	1
TPST2	ZDHHC11	1
PLEKHG4B	UFD1	1
CDH10	DDX17	1
CDH10	PI4KA	1
RPL3	ZFR	1
CYB5R3	RAI14	1
PACSIN2	RAI14	1
MICALL1	PRLR	1
FBXW11	RBM11	1
SQSTM1	TSPAN10	1
ARHGDIA	SQSTM1	1
KIF3A	TBC1D16	1
RABEP1	TGFBI	1
PDXDC1	STK32A	1
ATG10	EMC7	1
RNF111	SERF1B	1
BDP1	USP8	1
EFNA5	HS6ST3	1
COX7C	PLEKHA5	1
PRDM9	R3HDM2	1
C6	CD9	1
FGF10	PHC1	1
MARCHF3	OPCML	1
CHD1	SERPING1	1
CUL5	POC5	1
AAMDC	SLC12A7	1
PSAP	TCERG1	1
PLAU	ZMAT2	1
JMJD1C	PCDHGA6	1
C7	PSAP	1
CLNK	VAV2	1
BRAF	PAPSS1	1
CPE	OTUD4	1
DCHS2	FAM241A	1
PRDM5	RAPGEF2	1
ALPK1	NAA15	1
BDH2	MANBA	1
ABCG2	FAM13A	1
TACC3	TMEM129	1
NSG1	RGS12	1
FAM193A	FGFR3	1
EVC2	STK32B	1
FAM53A	RANGAP1	1
ACO2	C1QTNF7	1
DCUN1D4	PTPRT	1
KIF16B	PPAT	1
SLC23A2	ZBTB49	1
GINS1	STK32B	1
RPL18	ZNF827	1
EPHA5	HOXB3	1
IGFBP7	SPATA22	1
DHX8	GABRG1	1
LUC7L	LYAR	1
COL25A1	TMEM117	1
FAR1	KIT	1
CTBP1	OSBPL5	1
DMRT1	MCF2L2	1
FAM219A	NLGN1	1
BAP1	MLLT3	1
AEBP1	EIF4G1	1
SI	SUN1	1
BRAF	RAD18	1
CUX1	RAF1	1
CTNNB1	IQCE	1
HLTF	RACK1	1
RAF1	RUFY1	1
CTNNA1	RAF1	1
UFSP2	ZNF621	1
CCDC50	OSTN	1
NLGN1	SEMA5B	1
MBNL1	SERP1	1
KPNA4	WWTR1	1
HPS3	P2RY14	1
NMNAT3	SELENOT	1
P2RY13	STAG1	1
LSAMP	NPHP3	1
PLXNA1	TNK2	1
BBX	ZIC1	1
IGSF11	LSAMP	1
ARPC4	FANCD2	1
RPN1	SLC22A13	1
OSBPL10	ZCWPW2	1
ISY1	PTPN23	1
CDC25A	SMARCC1	1
DNAH1	RHOA	1
ATXN7	ZDHHC3	1
DAZL	FRMD4B	1
CMTM7	FHIT	1
CFAP20DC	CRTAP	1
ARHGEF3	FHIT	1
CFAP20DC	FHIT	1
MITF	MORC1	1
MITF	PSMD6	1
MITF	PRICKLE2	1
FRMD4B	MITF	1
FOXP1	MITF	1
GBE1	TAFA1	1
CEACAM7	XXYLT1	1
CLASP2	MFSD12	1
DCBLD2	LGALS3BP	1
CLASP2	TEX2	1
CLASP2	KRT10	1
AXIN1	CMSS1	1
CDH3	RAF1	1
DNAAF4	LSAMP	1
DCBLD2	MYO5A	1
KANSL2	ZBTB20	1
BBX	SLC38A1	1
CLASP2	CTTN	1
PPFIA1	ZNF717	1
BIRC6	SDCBP	1
BRAF	DYNC1I2	1
DTYMK	PLEKHG1	1
HLA-DPA1	TRIP12	1
RETREG1	SNTG2	1
CTNND2	POLR1A	1
MFN1	SPTBN1	1
HDLBP	PRAME	1
ACO2	POLR1A	1
DDX27	RPL37A	1
HDAC4	PER2	1
ANXA4	NDUFA10	1
KCTD18	SPATS2L	1
CASP8	CFLAR	1
BMPR2	CYP20A1	1
HOXD3	MTX2	1
ARHGAP15	NCKAP5	1
LRP1B	WDR33	1
BIN1	SAP130	1
CRACDL	SLC9A2	1
FAM228B	SNTG2	1
FAM228B	RBKS	1
EIF2B4	PPP1CB	1
NCOA1	UBXN2A	1
ALK	NCOA1	1
ADCY3	DTNB	1
ATAD2B	TP53I3	1
ATL2	SRBD1	1
ARHGAP25	MEIS1	1
CASP10	EXOC6B	1
DNAH6	MRPL35	1
BABAM2	ZNF57	1
RABEP1	SERPINE2	1
AXIN2	EIF2AK2	1
DPP10	NTRK3	1
SNW1	TMSB10	1
MAP4K4	MBNL2	1
EEA1	HDLBP	1
ACVR1	CDK4	1
ALK	RAB5B	1
ALK	CDK2	1
GAB2	TRIP12	1
AHNAK	BIRC6	1
GRAMD4	ZC3H7B	1
ST13	TRMU	1
SLC25A17	TCF20	1
CENPM	TCF20	1
MCAT	TAFA5	1
MEI1	ST13	1
ATXN10	SNU13	1
SHISAL1	TTLL12	1
ADM2	SHANK3	1
CERK	RANGAP1	1
ARHGAP8	RANGAP1	1
CSNK1E	PRR5	1
PARVB	PPARA	1
PACSIN2	SGSM3	1
CERK	PACSIN2	1
MRTFA	TAFA5	1
ADSL	GRAP2	1
FAM118A	ST13	1
CYB5R3	EFCAB6	1
DDX17	POLR3H	1
CYB5R3	RBX1	1
CERK	SHISAL1	1
CENPM	SNU13	1
LGALS2	SEZ6L	1
MED15	POLDIP3	1
TCF20	TTC28	1
EFCAB6	NF2	1
XBP1	ZNRF3	1
MYH9	ZNRF3	1
ISX	THOC5	1
DEPDC5	RNF185	1
LZTR1	TSPO	1
A4GALT	THAP7	1
MAPK1	SHANK3	1
PHF21B	PI4KA	1
ADA2	EIF3L	1
CRKL	GRAMD4	1
SLC25A1	SMTN	1
MED15	RBFOX2	1
MYO18B	PI4KA	1
TANGO2	USP18	1
CLTCL1	PI4KA	1
COMT	ZDHHC8	1
CLTCL1	DGCR8	1
CABIN1	GSTT2	1
HMGN1	UBE2G2	1
TIMP3	ZNFX1	1
MRTFA	SDCBP2	1
JAM2	SS18L1	1
ELMO2	SLC35C2	1
ADNP	RAE1	1
L3MBTL1	RAB22A	1
ATP9A	DDX27	1
EIF2S2	KCNB1	1
EDEM2	RBM39	1
MAPRE1	PLAGL2	1
EDEM2	UQCC1	1
DPM1	KIF16B	1
GNB1	NOTCH1	1
ALX3	RECK	1
GRINA	SH3BGRL3	1
NR5A2	TMEM178B	1
AEBP1	CSRP1	1
NOS1AP	POM121C	1
GTF2I	NOS1AP	1
BRAF	RNF11	1
ADGRB3	CFHR1	1
AIG1	PEX19	1
AIG1	DCAF8	1
ECE1	TRAF3IP2	1
ILRUN	PRAMEF19	1
CCT3	SQSTM1	1
OSMR	PDE4DIP	1
FBXL7	PLOD1	1
CHD1	SDC3	1
CNST	IGFBP7	1
CEP135	TRIM58	1
ESRRG	WWTR1	1
SRGAP2	TBC1D22A	1
KIF1B	TTLL1	1
CABIN1	LRRC41	1
RALY	SRGAP2	1
NFE2L2	USP33	1
LMNA	RAB4B	1
C19ORF25	SRM	1
NRDC	ZNF578	1
AHCTF1	CCDC102B	1
MAST2	NAGS	1
CEP85	RBFOX1	1
CLIC4	DNAJA4	1
RPAP1	SYTL1	1
NCOR2	S100A4	1
ELK3	S100A4	1
LMBR1L	SSU72	1
ARID1A	PRPF40B	1
ARID1A	DGKA	1
SNX7	WNK1	1
LYST	SLC3A2	1
NES	UVRAG	1
CCT3	FAR1	1
MYO7A	UBE2Q1	1
EIF4G3	PPP6R3	1
COL16A1	TSGA10IP	1
CFL1	LRRC41	1
DEPDC1	NNMT	1
S100A6	VIM	1
HSPG2	VIM	1
ALG14	HACD1	1
MIXL1	PARP1	1
ENAH	LIN9	1
HSD11B1	SYT14	1
NUCKS1	PLEKHA6	1
NUCKS1	RAB29	1
CD55	NEK2	1
CDC73	KCNT2	1
KLHL12	RABGAP1L	1
DARS2	RABGAP1L	1
LAMC1	NPL	1
CAPN2	SH2D1B	1
COP1	DDR2	1
PFDN2	RXRG	1
DDR2	KIRREL1	1
TARS2	UCHL5	1
NOTCH2NLA	UCK2	1
ARHGEF11	TPM3	1
ARHGEF11	THEM4	1
PFDN2	SLC39A1	1
IQGAP3	SHC1	1
ILF2	SNX27	1
PIP5K1A	SETDB1	1
PRPF3	RNF115	1
PRPF3	TARS2	1
H2BC18	OTUD7B	1
GATAD2B	S100A4	1
GATAD2B	S100A3	1
TNFRSF1B	VPS13D	1
FBXO6	TNFRSF1B	1
MICOS10	SLC66A1	1
ACOT7	KCNAB2	1
ICMT	NPHP4	1
CASZ1	GNB1	1
ECE1	PLA2G5	1
ALPL	CDC42	1
ATAD3C	C1ORF159	1
STX12	USP48	1
RCC1	RPL22	1
DLGAP3	SMIM1	1
CFAP144	ECE1	1
MAST2	ZNF691	1
CCDC30	ERMAP	1
TSPAN1	UQCRH	1
SCNM1	SSBP3	1
FAF1	GLIS1	1
AGBL4	NFIA	1
IL12RB2	ROR1	1
ALG6	SLC22A15	1
AKT3	CDC14A	1
DPYD	ZNF644	1
CCDC18	DBT	1
DENND2C	MICOS10	1
ASB17	TRIM33	1
ATG4C	ATP1A1	1
DPYD	SLC6A17	1
ETV3	SEC22B	1
MAN1A2	PDE4DIP	1
SEC22B	WARS2	1
NOTCH2	REG4	1
MAN1A2	ZNF697	1
NTNG1	SRGAP2C	1
NBPF26	PHTF1	1
CARD8	POLR3H	1
RBX1	ZNF442	1
SNRNP70	ZNFX1	1
SLC17A7	ZNF615	1
GARRE1	ZNF45	1
LYPD5	ZNF404	1
CLPTM1	PPP1R37	1
APOC2	PPP1R37	1
CEACAM1	LIPE	1
LIG1	NTF4	1
HNRNPUL1	TOMM40	1
GIPR	LGALS7	1
FBL	RYR1	1
CA11	DBP	1
RASGRP4	SLC27A1	1
FOXA3	KDM4B	1
NDUFA13	ZNF101	1
SLC25A42	SMARCA4	1
PGPEP1	PRKCSH	1
MLLT1	ZNF439	1
MIER2	SHC2	1
ILF3	OR1M1	1
FZR1	MFSD12	1
ECSIT	ELOF1	1
DNM2	FDX2	1
CDC34	MIER2	1
BST2	SLC27A1	1
AKAP8L	WIZ	1
CRLF1	ZNF682	1
BRD4	ZNF430	1
NFATC1	RELCH	1
CYB5A	DCC	1
PIAS2	SKOR2	1
DYM	RPL17	1
PSMG2	SPIRE1	1
RAB12	TWSG1	1
FBXO7	NPTX1	1
POLR2F	PSMD3	1
ARFGEF2	KRT10	1
MFSD12	NPEPPS	1
CRLF3	OPA3	1
APOC1	RABEP1	1
RPTOR	SLC26A11	1
KCTD2	SLC16A5	1
RNF213	TBCD	1
RHBDF2	RNF157	1
CDR2L	LLGL2	1
ARL16	RAB37	1
BAIAP2	PRKCA	1
CACNG1	PRKCA	1
CEP112	WIPF2	1
PPY	SAP30BP	1
ABCA9	ACSF2	1
BCAS3	VAT1	1
NMT1	TMEM106A	1
HDAC5	MAP3K14	1
KANSL1	VAT1	1
TANC2	TBC1D3G	1
KRT222	MED1	1
RAB34	RPTOR	1
LRRC37B	ZNF207	1
ASGR2	TAOK1	1
MSI2	NEURL4	1
FXR2	SENP3	1
ATP2A3	NCBP3	1
FBXW10	MED31	1
IRF3	RAB40C	1
MT4	MYO1D	1
BBS2	DLG4	1
NUBP2	P4HB	1
NBR1	PALB2	1
C16ORF74	GSE1	1
CBFB	ZFP90	1
ATP6V0D1	GFOD2	1
CES2	PSME3IP1	1
CHD9	RBL2	1
RMI2	ZNF821	1
JPT2	PDPK1	1
CLCN7	IFT140	1
FBXL19	KRBOX5	1
PLEKHO2	TEF	1
OTUD7A	TBC1D22A	1
PHF20	UACA	1
CYFIP1	ZNFX1	1
NFIC	RASGRP1	1
RAB8B	TAOK1	1
IGDCC4	ORAI3	1
IGF1R	RAMAC	1
ABHD17C	SCAPER	1
NRG4	PEAK1	1
CCDC33	RCN2	1
CSNK1G1	MESP1	1
SCAMP2	WDR72	1
TCF12	TPM1	1
ATOSA	MYO5A	1
IDH3A	WDR76	1
GANC	RTF1	1
GANC	SPRED1	1
SCG5	SNX1	1
MYO5A	TRPM1	1
FMN1	SNAP23	1
HERC2	OCA2	1
FMN1	TRPM1	1
PSEN1	STK4	1
ENTPD5	OLFM2	1
AREL1	DPEP1	1
ANPEP	MMP14	1
IFT43	RAD51B	1
NUMB	SLC39A9	1
ARG2	RAD51B	1
DAAM1	PRKCH	1
NRXN3	SOS2	1
CGRRF1	DTD2	1
C14ORF93	MRPL52	1
CHD8	NDRG2	1
SLITRK6	USP25	1
FARP1	GALR2	1
COL1A1	DACH1	1
TRIM13	ZFAND6	1
MED4	RB1	1
ATP8A2	PDS5B	1
KATNAL1	UBE2L5	1
S100B	TCTN1	1
DDX27	SLC25A3	1
ACVRL1	TGM2	1
PKN1	RPLP0	1
AKT2	ELK3	1
ELK3	TNPO2	1
FBXW8	GLG1	1
DYNC1LI2	TMEM117	1
MEF2A	NUP107	1
DMXL2	PTPRR	1
CDK2	UBE3A	1
NT5DC3	PSEN1	1
HSP90B1	TM9SF2	1
MYO1H	TCHP	1
FBXO21	PLBD2	1
KDM2B	SNRNP35	1
ACACB	UNG	1
SART3	SSH1	1
ANKS1B	ERP29	1
MYF6	TBC1D15	1
CSRP2	NAV3	1
NUP107	TRHDE	1
EIF4B	TMTC3	1
KRT78	POC1B	1
CNOT2	YEATS4	1
RAB3IP	TAFA2	1
GNS	RAB3IP	1
CAND1	PTPRR	1
CAND1	DYRK2	1
GNS	HMGA2	1
GNS	TAFA2	1
SHMT2	SLC16A7	1
R3HDM2	USP15	1
ATP5F1B	LRIG3	1
EEF1AKMT3	MBD6	1
ARHGAP9	CTDSP2	1
FKBP11	TMBIM6	1
INHBE	R3HDM2	1
MYL6B	RAB5B	1
LARP4	TMBIM6	1
CD63	MYG1	1
TMEM117	UBC	1
ARID2	SCAF11	1
CPM	TEAD4	1
SLC2A13	TSPAN9	1
PRMT8	TULP3	1
CHD4	TNFRSF1A	1
ETFRF1	KRAS	1
BICD1	FGD4	1
RAB6A	TRIOBP	1
FGF4	SNU13	1
BRD1	SLC3A2	1
ELMO2	GAB2	1
PAAF1	UBE2V1	1
ARFGEF2	GSTP1	1
ARFGEF2	EIF4G2	1
MRPL48	SUGP2	1
FAR1	RPL18	1
CEP295	METTL4	1
ARHGEF12	KCTD2	1
EFCAB5	POLD3	1
FAM86C1P	STX8	1
CTNND1	VAT1	1
LRP5	SMAD3	1
DDB2	LRRC9	1
DUSP16	PDE2A	1
CD81	DNM1L	1
DCPS	FAM118B	1
DCPS	TIRAP	1
DRD2	USP28	1
PCSK7	SIK3	1
NNMT	PPP2R1B	1
TTC12	YAP1	1
CNTN5	ME3	1
FAT3	ST3GAL4	1
MMP20	TYR	1
ARHGAP42	PAK1	1
INTS4	PGR	1
DYNC2H1	NARS2	1
DLG2	RAB30	1
AAMDC	NDUFC2	1
CCDC90B	DLG2	1
EHBP1L1	GRIK4	1
FCHSD2	PRCP	1
PAK1	RAD9A	1
CHKA	PAK1	1
P4HA3	UVRAG	1
ARHGEF17	SPTBN2	1
PLCB3	SNX32	1
MYO7A	SERPINH1	1
GDPD4	MRPL21	1
GSTP1	SF3B2	1
ACER3	GDPD5	1
FAM168A	MYEOV	1
CHKA	SHANK2	1
ANO1	CCND1	1
CAPN5	XRRA1	1
OR5AP2	RSF1	1
FOSL1	SYT7	1
FADS2	GDPD4	1
FAR1	TEAD1	1
PGAP2	STIM1	1
OSBPL5	SLC22A18AS	1
ANO9	CHID1	1
LDLRAD3	TRIM44	1
LDLRAD3	PHF21A	1
MTCH2	NDUFS3	1
MXI1	POLR2F	1
ARFGEF2	PSAP	1
C3	PSAP	1
ALDH16A1	CUBN	1
FASN	LOXL4	1
XYLT2	ZMIZ1	1
BLNK	UBN1	1
MPHOSPH6	PLXDC2	1
PLEKHA5	VIM	1
LARP4B	PAMR1	1
PWWP2B	STK32C	1
ADAM12	C10ORF90	1
CXCL12	GRID1	1
DDX50	TET1	1
HNRNPF	SAR1A	1
DIP2C	LARP4B	1
FRMD4A	PLXDC2	1
CELF2	MALRD1	1
MRC1	STAM	1
C10ORF67	KIAA1217	1
ADCY2	TERT	1
KIT	SRD5A3	1
EEF2	PABPC1	1
HLA-B	IQCE	1
ADAT2	VTA1	1
MAP3K5	PREP	1
RNGTT	TBC1D32	1
FILIP1	KCNQ5	1
CCT5	CRTAC1	1
LY6E	PLEKHB2	1
CAPN3	SSU72	1
ECSIT	ZNF440	1
PRSS57	TMEM259	1
DNMT1	FDX2	1
CSNK1D	TBCD	1
BCAS3	SEPTIN9	1
C17ORF78	TADA2A	1
LBHD1	NXF1	1
C11ORF98	NXF1	1
EML3	HNRNPUL2	1
DDX27	PSAP	1
EOLA2	TMEM185A	1
DMD	TSPAN7	1
CLCN5	NBDY	1
CDK16	TIMP1	1
OFD1	PSAP	1
EDF1	INPP5E	1
RALGPS1	STXBP1	1
DENND1A	PSMB7	1
DENND1A	SCUBE1	1
ASPSCR1	EDF1	1
COL5A1	DDX21	1
ARHGAP39	ZNF34	1
OXR1	ZFPM2	1
ARFGEF1	PPP1R42	1
ARHGEF10	RALYL	1
NSD3	PURG	1
DGAT1	UBASH3A	1
CYRIB	SH3GL1	1
PDAP1	ZNF789	1
ORAI2	SH2B2	1
PON2	TYW1B	1
HIP1	POM121C	1
AUTS2	GALNT17	1
C7ORF50	MAD1L1	1
ABCB5	ITGB8	1
RALA	YAE1	1
GTF2IRD1	POLD2	1
DRICH1	RASA4	1
SLC37A3	ZNF420	1
PEX11G	PTCD1	1
AUTS2	SRGAP1	1
AFDN	ATG5	1
MED20	TRERF1	1
LAMA5	SEC63	1
IRAK1BP1	NOL4L	1
C3	SEC63	1
ACTG1	ANKS1A	1
DUSP22	TP53TG3	1
MDK	SEC63	1
NEDD9	SCT	1
SDCBP	SLIT3	1
NUDT3	OCLN	1
CCT5	CSNK2B	1
CXXC5	PAIP2	1
ECSCR	FAM13B	1
CCT5	FBXL7	1
FBN2	TMPRSS6	1
DNMT3L	PFDN1	1
ALDOA	CCT5	1
CCT5	DLK1	1
CD74	NDUFV1	1
CCT5	NUMA1	1
CCT5	IGF2	1
ARAP2	PRRC1	1
FNIP2	RXFP1	1
RNF213	UVSSA	1
HSF1	PDCD10	1
COL1A2	FSTL1	1
ATP2C1	NDUFB4	1
CD96	PLCXD2	1
CPNE9	JAGN1	1
GLB1	SUSD5	1
DHX30	SMARCC1	1
DALRD3	IMPDH2	1
ATXN7	SLC25A26	1
RAB7A	TRMT1	1
FBLN2	MYH14	1
BRD4	GNAT1	1
GBE1	ZNF569	1
PARD6G	SLC12A8	1
TNFSF10	ZNF423	1
ELK3	SEC61A1	1
LDHB	RARB	1
IFITM1	IGF2BP2	1
AAK1	LHX2	1
COL3A1	SEC63	1
CLCN3	IGFBP2	1
CHIC2	TSGA10	1
BABAM2	HSPA12B	1
ASB1	RAMP1	1
GPR35	TIA1	1
ORC2	TRAK2	1
CFLAR	NDUFB3	1
C2ORF15	TSGA10	1
GREB1	LPIN1	1
FAM228B	NCOA1	1
PIGF	STPG4	1
CALM2	PIGF	1
MCFD2	TTC7A	1
BCL2L11	SERTAD2	1
RAB11FIP5	SFXN5	1
SPTBN1	ZNF536	1
C1D	SBNO2	1
IGF2	OBSL1	1
NRXN2	POLR1B	1
ALK	DDX6	1
ATXN10	PPARA	1
PMM1	SHISA8	1
CELSR1	TRMU	1
C22ORF42	TAB1	1
MRTFA	SERPIND1	1
RBFOX2	TST	1
CHEK2	THOC5	1
APOL1	UBE2L3	1
DEPDC5	PI4KA	1
CABIN1	SPECC1L	1
CECR2	DGCR2	1
CABIN1	SLC2A11	1
ATP5PO	HLCS	1
WFDC2	ZMYND8	1
KCNB1	PREX1	1
NCOA3	SULF2	1
CSTF1	RTF2	1
ATP9A	ZFP64	1
COMMD7	WFDC2	1
DZANK1	SEC23B	1
SOX13	STXBP1	1
AHDC1	FNIP1	1
SLC25A33	ZNF718	1
CAMK2D	ERMAP	1
FMN2	LRCH3	1
EPHA2	TMEM41A	1
BCAS4	INKA2	1
CEP68	NR0B2	1
CCT4	EPS15	1
SSX2IP	WDPCP	1
LSM4	RCC1	1
EIF1	TOR1AIP1	1
ACOT11	GIP	1
ECE1	IVD	1
ACBD3	RAB5B	1
PSMD13	TRABD2B	1
ATAD3C	HSPA14	1
KIF26B	SDCCAG8	1
PPFIA4	SOX13	1
DARS2	PRDX6	1
PRRC2C	SUCO	1
GPATCH4	NTRK1	1
ARHGEF11	ETV3L	1
SLC25A44	SYT11	1
ENSA	KLHDC9	1
NUP210L	TPM3	1
HJV	NOTCH2NLA	1
CHTOP	S100A1	1
FBXO42	ZBTB17	1
ATAD3A	SKI	1
PNRC2	RPL11	1
CCNL2	INTS11	1
HSPG2	SH3BGRL3	1
CDK11B	GNB1	1
FBXO42	SPATA21	1
MED18	PHACTR4	1
EPB41	YTHDF2	1
OSCP1	WDTC1	1
HIVEP3	PPT1	1
FOXJ3	ZMYND12	1
GPBP1L1	MOB3C	1
USP33	ZZZ3	1
BCAR3	DNTTIP2	1
CELSR2	ELAPOR1	1
ATXN10	ELAVL1	1
CECR2	OLFM2	1
DDX27	RPL18	1
FPR3	ZNF813	1
ZNF507	ZNF566	1
RYR1	ZNF529	1
APOC4	PPP1R37	1
ITPKC	LTBP4	1
ERCC2	MYH14	1
CKM	EMP3	1
EID2	TDRD12	1
DPY19L3	TDRD12	1
BCKDHA	CCDC97	1
ACTN4	SPINT2	1
SYMPK	TYK2	1
PSMD8	TJP3	1
ANGPTL4	LDLR	1
FKBP8	IQCN	1
OR7E24	ZNF430	1
CDC27	PTPRS	1
FBF1	UNC13D	1
ACOX1	SUMO2	1
RAB37	SEPTIN9	1
NARF	P4HB	1
KRT24	NARF	1
FN3KRP	TLK2	1
G6PC3	TIMP2	1
CEP295NL	G6PC3	1
KRT20	THRA	1
ITGA2B	LSM12	1
KANSL1	SPOP	1
EFTUD2	PLEKHM1	1
CRHR1	SPOP	1
CDC6	LRRC59	1
ATP5MC1	KPNB1	1
AARSD1	CHRNB1	1
CRYBA1	TLCD1	1
ADAP2	SUZ12	1
SMYD4	YWHAE	1
GALK1	TOM1L2	1
TOP3A	TRIM16	1
MPRIP	NCOR1	1
KCTD19	ZDHHC1	1
CARMIL2	TANGO6	1
PHAF1	SLC7A6	1
CTCF	PSKH1	1
HBZ	RAB40C	1
HBM	RAB40C	1
ADCY9	NLRC3	1
NPTXR	ZNF609	1
TLN2	USP3	1
ANKDD1A	RAB8B	1
EIF2AK4	IVD	1
COL18A1	SNW1	1
DSG2	PACS2	1
MYO16	NAXD	1
ABCC4	UGGT2	1
INTS6	NEK5	1
MCTP2	RIMKLB	1
ERBB3	TPT1	1
ATP23	SLC16A7	1
LMBR1L	TUBA1B	1
ANO2	FOXM1	1
C12ORF60	NCKAP5L	1
DENND5B	INTS13	1
BICD1	RESF1	1
THAP12	TIMP3	1
PACSIN2	SPON1	1
IDH3B	NXF1	1
DDX27	IGF2	1
MACROD1	RHPN2	1
IGF2	PRX	1
FBXL20	UVRAG	1
CREB3L1	NPEPPS	1
AIP	PRSS53	1
MACROD1	PPIB	1
MARK3	TSGA10IP	1
IGF2	YY1	1
IGF2	MTHFD1	1
SIK3	SRSF9	1
EP400	TRIM29	1
SPCS2	UVRAG	1
GAL	PPP6R3	1
AP5B1	CFL1	1
RNF214	SYT7	1
UBXN1	WDR74	1
NXF1	STX5	1
CRY2	CSTPP1	1
CELF1	RAPSN	1
HTR7	NOLC1	1
MICU1	PLA2G12B	1
CAMK2G	MYOZ1	1
ACTB	ZMIZ2	1
NFIX	PKN1	1
NPEPPS	RARA	1
ETV6	MET	1
ETV6	MAML3	1
NFATC2	NUTM2A	1
CLTC	ETV1	1
ALCAM	RAF1	1
DAZ1	DDX3Y	1
COL27A1	FAM120A	1
PAWR	TOX	1
ADRM1	ANKRD28	1
MARCHF7	RAB3GAP1	1
HAUS1	RAB10	1
PANK2	SLC23A2	1
DPT	EDEM3	1
BRD2	NUTM1	1
IRF2	NTRK3	1
ALK	GPC1	1
ALK	BUB1B	1
RBM39	SMARCB1	1
AGRN	NRG1	1
FGFR2	SH3GLB1	1
ACLY	NF1	1
FGFR2	NDC80	1
BYSL	TFEB	1
NSMCE2	NUTM1	1
BRAF	VCL	1
EZH2	ZNF425	1
SEPTIN6	UPF3B	1
NHSL2	SOBP	1
FTSJ1	QTRT1	1
DNAJC25	ZNF483	1
FOCAD	HABP4	1
ISCA1	LINGO2	1
FRMD3	U2AF1	1
APLP1	DBH	1
CCDC107	CTIF	1
C5	FAM168A	1
COMMD5	ZNF251	1
C8ORF88	SDC2	1
DLK1	PENK	1
KCNH2	TMEM176B	1
DPP6	TMEM178B	1
BRAF	NRCAM	1
RNF216	RSPH10B2	1
ADCYAP1R1	GHRHR	1
IGF2	NPY	1
ANKHD1	SLC4A9	1
MAP1B	NDFIP1	1
GINS3	PIK3R1	1
MGST2	NOCT	1
MAML3	SLC25A39	1
HTT	SLC39A11	1
MAML3	TCF7L2	1
CACNB4	YWHAZ	1
PRDM5	RPE	1
ALDH3A2	SLC30A6	1
IGF2	PTPRN	1
MB	RBFOX2	1
APH1A	CREB5	1
POMGNT1	SEZ6L	1
MICAL3	PTGER3	1
CD101	GTPBP1	1
NEGR1	NSF	1
DLK1	RGS4	1
ATP1A1	ZDHHC17	1
IGF2	SLC6A17	1
OPRD1	PTP4A2	1
AHDC1	ST3GAL3	1
GNAS	PLD3	1
LTBP4	POU2F2	1
CYB561	GNAS	1
APPBP2	RAB5C	1
RARA	ZBTB4	1
MGRN1	RNPS1	1
EML5	PTPN21	1
RPAP3	SYT1	1
FGD4	TSPAN9	1
ODAD4	PHF21A	1
ARHGEF12	MCAM	1
CLPB	PHOX2A	1
ASCL2	IGF2	1
GALNT18	TH	1
IGF2	SLC18A2	1
IGF2	UNC5B	1
FN1	NUBP1	1
CSF1	TNC	1
CSF1	PRG4	1
CSF1	S100A10	1
CD101	CSF1	1
CSF1	NOTCH2	1
DDIT3	SMARCA2	1
AP1B1	ESR1	1
NR6A1	TRHDE	1
NUP107	PAPPA	1
ASTN2	CNOT2	1
CDK4	TACC1	1
ROS1	UTRN	1
RCOR1	WDR70	1
MAPK7	NCOR1	1
NTRK3	PPFIA2	1
LGR5	NUP107	1
HMGA2	KITLG	1
CTDSP2	TAFA2	1
NUS1	ROS1	1
CIBAR1-DT	HMGA2	1
HNRNPA2B1	PLAG1	1
EBF1	HMGA2	1
HMGA2	PLPP3	1
HMGA2	LHFPL6	1
GRIP1	HMGA2	1
PLAG1	PPP2R2A	1
COL1A1	PLAG1	1
HNRNPC	PLAG1	1
CTDSP2	PLAG1	1
PLAG1	VCAN	1
PLAG1	ZEB2	1
FOXO1	JRK	1
PLAG1	TRIM13	1
ACTB	NR4A3	1
AHDC1	KMT2A	1
ANXA2	NTRK3	1
ATP7B	FOXO1	1
GATD1	RAD51B	1
AHNAK	KMT2A	1
FLI1	VAV2	1
NR4A3	SLCO5A1	1
PGR	UBR5	1
MET	RALY	1
MAN1A1	ROS1	1
ALK	KANK2	1
KMT2A	MYOM3	1
CLIC4	KMT2A	1
MEF2A	NTRK3	1
KMT2A	MRGPRF	1
DIAPH2	KMT2A	1
BNC2	HMGA2	1
COG5	HMGA2	1
HMGA1	RAD51B	1
HMGA2	TRAF3IP2	1
HMGA2	NAA11	1
ACTG2	PLAG1	1
HMGA1	PBX1	1
HMGA2	PTGER3	1
CCNB1IP1	HMGA2	1
TPCN2	YAP1	1
AGR3	CUX1	1
ITPR1	NR2C2	1
TIMP4	TRAK1	1
CNTN4	RHOA	1
LARS2	ZNF621	1
CLASP2	IL17RD	1
ARHGEF3	CACNA2D2	1
CFAP410	NR2C2	1
PDGFRB	SPECC1	1
NUDCD3	ROS1	1
RNF146	RSPO3	1
ROS1	TIMP3	1
FN1	ROS1	1
ALK	SYN3	1
ALK	NRP2	1
INSR	THBS1	1
RET	TIMP3	1
ROS1	TPD52L2	1
THBS2	USP6	1
ROS1	YWHAE	1
SUGCT	TERT	1
AHRR	TERT	1
NAB2	PDGFRB	1
EML4	PLEC	1
ALK	HAO1	1
ALK	ALMS1	1
FN1	IGF1R	1
ALK	LMNA	1
RRBP1	USP6	1
RREB1	TFE3	1
ALK	SERPINE1	1
ALK	HNRNPA1	1
JAK2	SEC31A	1
MGMT	PRRC2B	1
ELMO1	SLCO3A1	1
BRAF	GAB2	1
GIT2	ROS1	1
BRAF	MIGA2	1
ARHGAP45	BRAF	1
HMGA1	TBL1XR1	1
B4GALT5	TERT	1
LDLR	TERT	1
BET1L	FBXO25	1
FBXL7	TERT	1
FUBP1	GLI1	1
PCP4L1	SDHC	1
CEP128	NOTCH2	1
NTRK2	TBC1D2	1
ADORA2A	NTRK2	1
NTRK2	SOX6	1
GTF2I	NTRK2	1
CLIP2	NTRK2	1
CLIP2	EGFR	1
ARIH1	BRAF	1
KCTD16	NTRK2	1
NTRK2	VCAN	1
FER	MYO5A	1
KCTD8	NTRK2	1
NTRK2	PRKAR2A	1
GOLGA4	MET	1
AGAP1	NTRK2	1
EPC2	KIF5C	1
ITGBL1	KIF5C	1
DOCK9	KIF5C	1
NOS1AP	NTRK2	1
GTF2I	NTRK1	1
ABL2	GAB1	1
HNRNPU	NTRK3	1
KIF21B	NTRK1	1
NACC1	SREBF1	1
CORO1C	KIF5A	1
KDM2A	YAP1	1
FGFR2	VPS35	1
MAP4	SMARCC1	1
EYA2	NFATC2	1
FHL2	GLI2	1
DYNLL1	GLI2	1
GATA4	NEIL2	1
IL2RB	VPS13B	1
ELN	IQCE	1
EIF3B	TTYH3	1
AUTS2	NCOA3	1
DPPA5	KHDC3L	1
TAPBP	VPS52	1
PTK7	SRF	1
FKBP5	SRPK1	1
FBL	SEC63	1
ART3	SHROOM3	1
FOXP1	SOX4	1
LNP1	NIT2	1
ANKRD28	HACL1	1
ARHGEF26	TMEM135	1
GUCY1A1	SELENOI	1
SF3B6	WDCP	1
BIRC6	SPAST	1
LONP2	PLEKHB2	1
GRAMD4	LARGE1	1
TTC28	XBP1	1
THOC5	TTC28	1
JARID2	NUDC	1
PCMT1	RCC1	1
ACOT7	DGCR2	1
CEP104	RNF213	1
ABHD12B	RCC1	1
GNB1	LDHB	1
HYOU1	SZRD1	1
CDC42SE1	PI4KB	1
DDI2	FBLIM1	1
FOXJ3	HIVEP3	1
ATG4C	MYSM1	1
HENMT1	RCC1	1
ANGPTL8	PLPPR2	1
C19ORF25	REEP6	1
MVP	PPP4C	1
TMEM266	UBE2Q2	1
CRACR2A	SFI1	1
PTMS	SUPT16H	1
CCDC62	KNTC1	1
CNOT2	KCNMB4	1
FOXJ2	TSPAN9	1
ETV6	ETV6	1
CLEC4D	CLEC6A	1
ANO2	CD9	1
C1S	P3H3	1
GUCY2C	TSPAN9	1
PLAAT5	RBM19	1
DPP3	PPP6R3	1
ANO1	CDC42BPG	1
DDX21	EEF2	1
DAZAP1	ERBB2	1
CAMK2G	FGFR2	1
CDC42BPB	NTRK3	1
BRAF	PRKAR1B	1
IGF1R	NBPF1	1
FGFR2	KIAA1217	1
ALK	CDC42BPB	1
DMD	MYC	1
BCL6	GRHPR	1
BCL6	ST6GAL1	1
BCL6	NAPA	1
BCL6	IRAG2	1
AFF3	BCL2	1
IGK	KDSR	1
BCL9	IGL	1
FCGR2B	IGH	1
IGH	SOX5	1
NTRK3	STRN	1
COL3A1	USP6	1
RAB1A	USP6	1
RCC1	USP6	1
CAP1	USP6	1
NR1D1	USP6	1
PKM	USP6	1
EMP1	USP6	1
FANCC	PTBP3	1
ANGPT1	EIF3H	1
GRM1	PNISR	1
ELAC2	SPTBN1	1
CKAP5	FGFR1	1
BRAF	EGFR	1
CLIP2	RET	1
NCOA3	SRF	1
FKBP5	PRKCA	1
ACTB	FER	1
PDGFRB	SPARC	1
EGR1	GRIA1	1
HBEGF	RBM27	1
RAF1	SEPTIN7	1
CLIP1	RAF1	1
FN1	TGFA	1
BRAF	EVI5	1
EP300	PRRX1	1
RET	VCL	1
FER	SH3PXD2B	1
EWSR1	HOXB13	1
CNN3	IGH	1
EWSR1	SMARCA5	1
BACE2	CTSB	1
ETV4	FUS	1
BORCS5	LMO3	1
KANK1	PDGFRB	1
KMT2A	ZC3H13	1
ABCB1	DMTF1	1
MARCHF6	SEMA5A	1
SMARCB1	WASF2	1
CMKLR1	HNF1A	1
CRADD	ERBB3	1
TFE3	WWTR1	1
FOS	MBNL1	1
ACTL6A	WWTR1	1
MAMLD1	YAP1	1
JAK2	PTPRD	1
DCAF10	RBM20	1
PLAG1	TNC	1
DPYSL2	GFAP	1
CLU	DIS3L	1
ARID1B	PLAGL1	1
ADGRB3	HMGCLL1	1
MAML2	PLAGL1	1
DUX4	ZFTA	1
ALK	KTN1	1
AGT	CLU	1
PLAG1	TXNIP	1
RHBDL3	TMEM94	1
CDRT4	SAP30BP	1
NCAM1	RAB6A	1
MAML2	ZFTA	1
CD151	TSPAN4	1
PARD3	TBC1D16	1
OSBP	PAPSS2	1
TET1	TTC12	1
KIRREL3	LARP4B	1
PARD3	PKNOX2	1
BCORL1	EP300	1
FOXO1	STK24	1
BCOR	MAP7D2	1
BCOR	RALGPS1	1
BCOR	NUTM2G	1
BCOR	NUGGC	1
BCOR	ING3	1
EZHIP	MBTD1	1
BCOR	ZC3H7A	1
BCOR	EPC1	1
BZW2	RPH3AL	1
EPC1	EZH2	1
ING3	PHF1	1
CDKN1A	JAZF1	1
MBTD1	PHF1	1
NUTM2B	PHF1	1
HMHB1	MACROH2A1	1
JAZF1	PPP4R2	1
GXYLT2	JAZF1	1
GMPS	SYNPR	1
FOXO1	PIK3R4	1
C2ORF66	NRP2	1
PXDN	XIRP2	1
BIRC6	WTIP	1
RABGAP1L	RBKS	1
NDUFA11	RNF126	1
CATSPERD	ILF3	1
DZIP1	GPR180	1
KMT2D	RB1	1
KMT2A	TMPRSS13	1
EPC1	KDM2B	1
EED	EPC1	1
ITGA8	USP9Y	1
PCM1	PSD3	1
ABHD16A	GPANK1	1
PCDH9	SLC22A16	1
IP6K1	RYBP	1
PLCB1	STK25	1
EPSTI1	NAA16	1
FREM2	NAA16	1
HMGA2	STX5	1
HERC4	TMPRSS15	1
DNAJC1	RERGL	1
GPHN	RET	1
NUTM1	PARD3B	1
BRD3	VAV2	1
COL18A1	PCSK5	1
PENK	PLAT	1
CA3	PRKDC	1
CHGB	CLU	1
BRAF	RUNDC1	1
DPP6	IFIT3	1
CHGB	LIMCH1	1
PTGS1	SCG2	1
EIF2AK2	GNAS	1
HECW2	PRKCE	1
EML6	SPTBN1	1
ABI2	CHMP1A	1
CLPB	CTNNA2	1
CDC42EP1	GGA1	1
NBEA	TMCC2	1
HIVEP3	KCNMA1	1
PTPN2	SPIRE1	1
FSIP1	GPR176	1
CIC	DLK1	1
GNAS	PLXNC1	1
CHGB	IGF2	1
GRB2	RET	1
ADK	FHIP2A	1
ASCC1	DNAJB12	1
EWSR1	PLAG1	1
PLAG1	TCF4	1
ALK	SPDYA	1
BRD4	CRTC1	1
CD96	CSF1	1
CSF1	VCAM1	1
GON4L	SSR2	1
FGF13	SGK1	1
CASK	MESD	1
AICDA	SLC9A7	1
C3	GRHPR	1
CD274	IGH	1
MYC	ZCCHC7	1
MYC	ZBTB5	1
ADAM9	PLEKHA2	1
MYC	SOCS1	1
AICDA	MYC	1
TUSC3	YEATS4	1
COX19	DNAAF5	1
CAPZA2	TRIM28	1
IGH	IMMP2L	1
ERP29	WIPI2	1
SERPINB1	SERPINB6	1
IGL	IRF4	1
GNG7	NRN1	1
ARF3	TAB2	1
BACH2	ZDHHC13	1
LARS1	RBM27	1
CSNK2A2	MAP3K1	1
B2M	CCT5	1
EBF1	IGH	1
CD74	SUPT16H	1
ATP6V0E1	USP15	1
CD74	GCN1	1
CD74	CXCR5	1
PPA2	TOX	1
BCL6	DMRT1	1
KPNA4	PALM2	1
BCL6	MYBL1	1
MYC	RFTN1	1
COPG1	RAB7A	1
CD80	CFAP44	1
EIF3L	RAF1	1
RAB5IF	TBL1XR1	1
BCL6	C3	1
TGFBR2	ZBTB7A	1
ACTN4	FOXP1	1
MALT1	MAP4	1
BCL6	IL21R	1
BIRC3	FOXP1	1
BCL6	FBH1	1
ALK	PABPC1	1
ALK	CDK14	1
GALM	HDDC2	1
IGK	ZC3H12D	1
BHLHE40	XPO1	1
PUS10	REL	1
COMMD1	PAPOLG	1
SANBR	USP34	1
CHCHD10	DRICH1	1
ARID4B	ING3	1
RABGAP1L	TUBB1	1
ETV3	IKZF3	1
CIITA	PRDM16	1
BCAS2	IGH	1
RPF1	WARS2	1
TNNI3	TNNT1	1
FBXO46	MEIOSIN	1
BTBD2	RAVER1	1
EEF2	TYK2	1
ASF1B	KLF1	1
ESF1	RPL26	1
ATXN7L3	GPATCH8	1
CENPT	NUTF2	1
IGH	SPIB	1
IGH	NECTIN2	1
CCNE1	IGH	1
IGH	NOL4	1
IGH	TNFSF13	1
BCL2A1	IGH	1
ING1	NAXD	1
RFXAP	SMAD9	1
ACTG1	CXCR5	1
EHD1	ZFP36L1	1
PKP3	SORL1	1
DDX21	SHKBP1	1
FAM107B	PRKCQ	1
CAPZA2	LAMB1	1
GASK1B	TMEM144	1
CMC1	SLC4A7	1
STIMATE	TP63	1
MSH2	THADA	1
CACNG6	ZNF320	1
AP3D1	ZNRF4	1
POLR2E	SPPL2B	1
GNG7	SCAMP4	1
HECTD4	IFT81	1
ARID4B	RPS6KC1	1
PTPRA	TMC2	1
PELI1	XPO1	1
ENOSF1	YES1	1
GIT1	SHMT1	1
MPHOSPH9	VPS33A	1
+IGH	MYC	1
TEX10	XPA	1
LIN28B	STX7	1
ITPR3	PNPLA1	1
RAB1A	XPO1	1
IGH	ZFP36L1	1
CCDC122	VPS36	1
RABGAP1L	ZBTB37	1
HIPK2	YAP1	1
FGL2	PDGFD	1
PDGFB	TGFBI	1
EMILIN1	PDGFD	1
ERG	MAP3K7CL	1
COL11A1	COL1A2	1
EMILIN2	PDGFB	1
MYB	ZFAT	1
MYB	PAIP1	1
AFF4	IRF1	1
TFE3	UXT	1
IRX2	TERT	1
DCP1B	KMT2A	1
GATAD2B	MTCP1	1
HIP1	PDGFRB	1
BCR	PDGFRB	1
PDGFRB	RABEP1	1
NDE1	PDGFRB	1
FIP1L1	KIT	1
RUNX1	UBL7	1
RUNX1	SIN3A	1
BCR	RET	1
RUNX1	USP16	1
IGH	LHX2	1
BRK1	VHL	1
CELSR3	NCKIPSD	1
PICALM	RCC1	1
NACA	PRIM1	1
ACCS	EXT2	1
KDM2B	UTY	1
IGH	MTCP1	1
BTG1	MYC	1
NUDCD1	TRPC6	1
CDK6	IGL	1
DDX5	HNRNPA2B1	1
ERVW-1	IGH	1
CDK6	IGH	1
PDCD6	RUNX1	1
DDX5	HNRNPH1	1
AKAP13	RNF180	1
FGFR3	IGL	1
IGH	SFMBT1	1
CXCR4	GNAS	1
CXCR4	MGAT5	1
CXCR4	UBXN4	1
CXCR4	MAML2	1
IRF4	RCC1	1
ERMAP	SLC2A4	1
ANP32E	NRP1	1
BRINP2	LHX4	1
BTBD2	OAZ1	1
DDX5	SRSF1	1
ANKRD11	CDS2	1
B2M	CSNK1E	1
GPATCH8	TP53BP1	1
ARID4A	AVEN	1
ARID4A	ARMH4	1
KLF12	MED4	1
LCP1	ZC3H13	1
DNAJC15	RNASEH2B	1
HMGB1	N4BP2L1	1
CHST11	IGH	1
CCND1	FSTL3	1
CADM1	TENM4	1
NKX2-3	TRD	1
BMI1	IGH	1
ARMH3	PSD	1
NACC2	NOTCH1	1
FOXP1	PDGFRA	1
GCC2	PDGFRB	1
PDGFRA	STRN	1
PDGFRB	TPM3	1
RPH3AL	TERT	1
NR4A3	SMARCA2	1
LSM14A	NR4A3	1
FUS	NR4A3	1
HSPA8	NR4A3	1
NR4A3	TFG	1
EWSR1	NR4A2	1
AKAP8	BRD4	1
GRM1	MEF2A	1
GRM1	TBL1XR1	1
COL12A1	GRM1	1
HMGA1	LAMA4	1
FGFR3	KLF15	1
ERBB2	TADA2A	1
KCTD5	RET	1
ERBB2	GPR107	1
LSAMP	RAF1	1
RAF1	TAMM41	1
KRT8	RAF1	1
ERBB2	ISYNA1	1
ERBB2	MMD	1
ERBB2	P3H4	1
EIF1	ERBB2	1
ERBB2	SOCS7	1
ERBB2	LHX1	1
CCL23	ERBB2	1
ERBB2	SEZ6	1
ERBB2	MPRIP	1
ERBB2	NRG3	1
POC5	PRKD1	1
HMGA2	PLXNC1	1
ETV1	FGL1	1
KIFC1	PHF1	1
CCAR2	NRG1	1
BIN3	NRG1	1
CD9	NRG1	1
ERBB2	PPM1D	1
IL1RAPL2	RET	1
GRIPAP1	RET	1
ERBB2	PTPA	1
RET	TLN1	1
RBPMS	RET	1
LSMEM1	MET	1
EPHB4	MET	1
MET	SEMA3D	1
GRM3	MET	1
GPRC5C	MET	1
DPP6	RET	1
CNTNAP2	RET	1
CUX1	RET	1
GLI3	RET	1
HLA-DRB5	MET	1
HLA-DRB1	MET	1
PDSS2	TRPV2	1
ROS1	VCL	1
GPRC6A	RET	1
DSP	RET	1
CD74	MET	1
ANO3	FGFR4	1
RET	SLC12A2	1
ISOC1	RET	1
RET	ZSWIM6	1
RAI14	RET	1
RAD1	RET	1
FGFR3	PHLDB3	1
ARL9	RET	1
AMOTL2	CCDC57	1
GABPB1	LMCD1	1
RET	WWTR1	1
FGD5	RET	1
GADL1	RET	1
FGFR2	LZTFL1	1
ALK	ZFPM2	1
ALK	TRIM24	1
ALK	PON1	1
RAB17	TTLL12	1
DNER	RET	1
DNAH14	MET	1
HSPG2	PLXNB1	1
ZNF136	ZNF669	1
ERBB2	SHC1	1
RET	TRIM67	1
FGFR2	TP73	1
RET	SGIP1	1
ZNF211	ZNF587B	1
DPP9	TSPOAP1	1
CLTC	RPS6KB1	1
ERBB2	KRTAP9-9	1
ERBB2	TNS4	1
ERBB2	SLFN12L	1
ERBB2	FLOT2	1
ZNF267	ZNF720	1
TLE3	TLE5	1
SIX4	STX16	1
EXT2	LMO7	1
CSRNP2	PCSK7	1
RET	SH2D3A	1
DCC	RET	1
CCBE1	RET	1
RET	SPECC1	1
NPAS3	RET	1
MBIP	RET	1
CLIP1	RET	1
CNTN1	RET	1
GAS2	RET	1
FGFR2	SORBS1	1
MGMT	RET	1
DOCK1	RET	1
RET	SHTN1	1
ATRNL1	RET	1
LCOR	RET	1
ARHGAP19	RET	1
PLCE1	RET	1
CPEB3	RET	1
RET	UBE2D1	1
RET	TET1	1
PHYHIPL	RET	1
RET	ZNF33B	1
RET	ZNF239	1
RASGEF1A	RET	1
CHAT	RET	1
FRMD4A	RET	1
PLXDC2	RET	1
MKX	RET	1
MALRD1	RET	1
PARD3	RET	1
NFE2	R3HDM2	1
FGFR2	LGSN	1
DBP	FGFR2	1
FGFR2	PPFIBP2	1
ERBB2	RAD23B	1
ERBB2	GRIN2C	1
ERBB2	TMEM104	1
CACNG4	ERBB2	1
ERBB2	UTP18	1
ERBB2	KRTAP4-7	1
ERBB2	KRT38	1
ERBB2	HNF1B	1
ARHGAP23	ERBB2	1
AKT1	LAMTOR1	1
PRKN	ROS1	1
DCAF1	RAF1	1
RET	UXS1	1
ERBB2	NUP210L	1
CDK12	SMARCE1	1
MTIF2	PLEKHH2	1
DNAH17	ERBB2	1
ERBB2	PPM1E	1
ERBB2	PLXDC1	1
ERBB2	TEFM	1
GSE1	TPM4	1
ELMO1	RET	1
DDX5	TFEB	1
MINPP1	RET	1
ALK	CEP44	1
BCL7A	MYC	1
BACH2	BCL2L1	1
CNTRL	JAK2	1
JAK2	TLE3	1
ETV6	FGFR1	1
FGFR1	NUDCD3	1
NRF1	PDGFRA	1
IQCG	NUP98	1
BCL9	RGS17	1
CIMAP2	ETV6	1
GABRB3	RUNX1	1
RUNX1	STX2	1
ETV6	NCOA6	1
ARAP1	BIRC2	1
ETV6	FGFR2	1
BRAF	LCA5	1
BRAF	MIER3	1
ATP2B4	PRKCA	1
MPZL1	PRKCA	1
MYH9	NTRK3	1
NUMA1	SFMBT1	1
ALK	COL1A2	1
ALK	LRRFIP2	1
ALK	SP100	1
ALK	AP3D1	1
ALK	ETV6	1
KIRREL1	PRKCD	1
KIRREL1	PRKCA	1
DYNC2I2	NDUFV1	1
KCNQ3	ZHX2	1
EXOC6	EYS	1
NCKIPSD	SFMBT1	1
MAGI1	MITF	1
FOXP1	GNAS	1
FOXP1	TLE5	1
MBTD1	MON1A	1
FOXP1	ITM2C	1
TAFA5	TBC1D22A	1
PPP6R2	SAMM50	1
MYO18B	ZNRF3	1
MAPRE2	TBCE	1
EEF2	PLTP	1
ELL	FKBP8	1
APLP2	TYK2	1
CD81	TYK2	1
KMT2A	MAML3	1
ALK	SLC12A2	1
GPS2	GRHL2	1
ITGB1	PLAG1	1
FOXK1	GRHL2	1
NUTM1	WWTR1	1
FOXK1	GRHL1	1
GPS2	GRHL1	1
GPS2	GRHL3	1
RUNX1	VGLL4	1
IKZF3	RUNX1	1
BRAF	OCLN	1
PPARG	PPARGC1A	1
NCOA6	PPARG	1
BCL3	MYC	1
COL27A1	ESR1	1
PAWR	ZDHHC14	1
DDR2	UHMK1	1
AMDHD1	PAWR	1
AMDHD1	METTL25	1
FGD6	SYT1	1
FGD6	METTL25	1
METTL25	TBC1D15	1
METTL25	SYT1	1
LRTOMT	METTL25	1
NELL1	SYT1	1
NAV3	NELL1	1
KMT2A	PPP2R1B	1
ATP5PO	RYK	1
FLT3	SPTBN1	1
FLT3	MYO18A	1
NTRK2	TLE4	1
NTRK2	STRN3	1
ASAP1	BRAF	1
BRAF	PTPRZ1	1
BRAF	CTTNBP2	1
BRAF	RIN2	1
BRAF	GIT2	1
ANKS1A	ROS1	1
BRAF	FXR1	1
BRAF	TOP2B	1
NSD2	ST6GAL1	1
ATG16L1	NTRK2	1
BRAF	CLCN6	1
BRAF	GNAI3	1
NFIA	RAF1	1
PKD1	UBE2J2	1
KANK2	NTRK3	1
KIRREL3	SIK3	1
PKD1	SLIT1	1
NTRK3	ZBTB10	1
APOBEC3C	PDGFB	1
CDH13	RPS4Y1	1
PGRMC1	SMARCA1	1
PAK3	STAG2	1
EXOC2	RAB9A	1
FGFR3	RENBP	1
GDI1	TBC1D8	1
CEBPZOS	TAF7L	1
NOTCH1	VAV2	1
CEP78	GNAQ	1
NFIB	NTRK2	1
CRB2	RECK	1
CA9	PIGO	1
ATOSB	UBE2R2	1
CNTNAP3	NTRK2	1
LARGE1	TESK1	1
MYO18B	RECK	1
MYO18B	UBE2R2	1
CSNK2A1	SMARCA2	1
SRP68	URM1	1
RXRA	SF3B3	1
ABL1	CBFB	1
ASTN2	PDIA2	1
ASTN2	RAB27A	1
AVEN	CDK5RAP2	1
ADAMTS17	LPAR1	1
CDKN2A	DMXL2	1
CDKN2A	FAM124A	1
FLRT1	MED27	1
NTRK2	VCL	1
HMBOX1	NTRK2	1
NTRK2	RBPMS	1
HOOK3	NTRK2	1
PLEKHF2	TRIQK	1
DNAAF11	STAU2	1
ALKAL1	TCEA1	1
GSR	UNC5D	1
AZIN1	FGFR1	1
FAM110B	FGFR1	1
FGFR1	NRG1	1
CXADR	TRIQK	1
NTRK2	SKAP2	1
AGK	DYNC2I1	1
MET	PTN	1
BRAF	LHFPL3	1
SPACDR	TSC22D4	1
COL26A1	SMURF1	1
SGCE	ZC3HAV1	1
ADAM22	CALD1	1
ACHE	VPS50	1
GNGT1	KRIT1	1
CDK14	GATAD1	1
AKAP9	PON2	1
SLC37A3	TPST1	1
ASL	CRCP	1
CD36	FSCN1	1
CUX1	DGKB	1
NXPH1	WIPI2	1
SDK1	SNX13	1
AGAP3	CREB5	1
CHN2	TSPAN33	1
FKBP9	SPMIP4	1
AOAH	POU6F2	1
ABCA13	CREB5	1
MTERF1	VOPP1	1
LANCL2	PEX1	1
AKAP9	SEC61G	1
PDE1C	VOPP1	1
EGFR	PKD1L1	1
COBL	EGFR	1
SEPTIN14	ZNF713	1
LANCL2	ZNF713	1
SEC61G	VOPP1	1
PHKG1	SEC61G	1
CHCHD2	SEC61G	1
EGFR	PSPH	1
EGFR	LANCL2	1
FBXL18	WDR83OS	1
HECW1	ZNF260	1
CHN2	RHPN2	1
MPLKIP	NLRP11	1
CYTH3	RAB40B	1
CEMIP	ZYX	1
KATNBL1	TNPO3	1
ARGLU1	BRAF	1
KLF12	MET	1
BRAF	ZNF84	1
SLCO1C1	ZPBP	1
IL22	VOPP1	1
EGFR	MYRFL	1
EGFR	HMGA2	1
CAND1	EGFR	1
EGFR	R3HDM2	1
BRAF	CCDC6	1
KHDRBS2	TRPM3	1
CNTNAP2	IGF2R	1
SEC61G	SLC26A8	1
EGFR	TEAD3	1
DLL1	ROS1	1
CEP85L	FAM184A	1
CD24	SCML4	1
RIPK1	SERPINB9	1
ATXN1	CDK19	1
KCTD20	USP49	1
DAAM2	USP49	1
HSP90AB1	SYNGAP1	1
C6ORF89	CCND3	1
HSP90AB1	PTCHD4	1
CDC5L	PAQR8	1
GMPR	ZNF532	1
FYN	UNC13D	1
PRKN	ZNF19	1
BRPF3	STARD9	1
DAAM1	SYNCRIP	1
GTF2H3	PGC	1
BICRAL	MPHOSPH9	1
MRPL14	RAP1B	1
CAPN11	PPM1H	1
DIP2B	TFEB	1
CD2AP	MARCHF9	1
BATF2	FARS2	1
NSD1	PRKN	1
IGF2R	MTREX	1
ATP10B	NDST1	1
DPYSL3	JAKMIP2	1
CYSTM1	GNPDA1	1
PAM	ST8SIA4	1
PIK3R1	SH3TC2	1
CD180	RCAN1	1
SLC1A3	USP25	1
DROSHA	ZNF420	1
CLPTM1L	PPP2R5E	1
APC	KRT6A	1
PPM1H	SV2C	1
PRIM1	TENT4A	1
NDST3	ZNF483	1
NTRK2	PDE5A	1
CENPU	CFAP97	1
HNRNPDL	SEC31A	1
HNRNPDL	SCD5	1
GRID2	PDGFRA	1
GSX2	SCFD2	1
CLOCK	SCFD2	1
HOPX	IGFBP7	1
CHIC2	PDGFRA	1
SH3D19	ZNF721	1
NELFA	QDPR	1
GRK4	KCNIP4	1
FTL	SPP1	1
PSMD12	SEC24B	1
FASN	FGFR3	1
TARS3	WFS1	1
OS9	SORBS2	1
CCT2	PDGFRA	1
MDM2	PDGFRA	1
EXOC1	NUP107	1
BRAP	FGFR3	1
AMBRA1	FGFR3	1
PDLIM5	TIMM23	1
AFAP1	KAT6B	1
NISCH	ZFTRAF1	1
ATR	PHF14	1
HMGN3	NDUFB4	1
MAP4	NUDT3	1
DLG1	RUBCN	1
ACAP2	PIK3CA	1
SEC62	YEATS2	1
NDUFB5	NLGN1	1
NAALADL2	SLC9A9	1
EPHB1	PIK3CB	1
IQCB1	PDIA5	1
ARL13B	DLG1	1
BCL6	RAF1	1
CAV3	SLC6A11	1
COLQ	HDAC11	1
GRM7	SATB1	1
EMC3	STT3B	1
ITGA9	POPDC2	1
CMTM6	UBP1	1
CELSR1	LSAMP	1
JAGN1	ZC3H4	1
ITGB4	SMARCC1	1
GRB2	SHISA5	1
HMOX2	RHOA	1
HBA2	PCBP4	1
CDKN2B	DGKD	1
CPQ	EXOC6B	1
SND1	SPAG16	1
NIPSNAP2	UBXN2A	1
NSUN2	STK39	1
ANO7	THAP4	1
GIGYF2	TRPM8	1
GIGYF2	THAP4	1
GIGYF2	PPP1R7	1
ATG4B	DTYMK	1
CPS1	TRIP12	1
CREB1	PARD3B	1
PXDN	TRIP12	1
NHEJ1	TAF1B	1
ADAM17	NHEJ1	1
SNTG2	TRAPPC12	1
DIS3L2	NBAS	1
HS1BP3	STARD7	1
AFF3	ITSN2	1
ADD2	C2ORF42	1
ATOH8	USP39	1
FMNL2	WDR62	1
CTLA4	RHBDL3	1
ASAP2	POLR2A	1
CPNE2	HS1BP3	1
KIF5C	NTRK3	1
PRCP	SP3	1
PICK1	TAB1	1
BRD1	MAPK12	1
CDC42EP1	ZNRF3	1
AP1B1	SGSM3	1
LARGE1	MYH9	1
DRG1	MYH9	1
HMOX1	TXNRD2	1
DEPDC5	SDF2L1	1
AP1B1	IGL	1
COMT	MED15	1
KIAA1671	USP18	1
GGT5	USP18	1
NCOA6	PIGU	1
ATRN	SLC23A2	1
FMN2	NTRK2	1
ABL1	SZRD1	1
CAPZB	RABGAP1	1
CDK5RAP2	RCC1	1
AGBL4	NTRK2	1
CHI3L1	PTPRZ1	1
DBF4	GLUL	1
CMYA5	SRRM1	1
FGFR3	SOX13	1
CACNA1D	ZMPSTE24	1
CEPT1	SRGAP3	1
NFASC	SLC25A12	1
DAZAP1	HIVEP3	1
ACTN4	TXNDC12	1
EPHB2	MED13	1
SMIM22	ZNF678	1
CACHD1	PARN	1
LRRC28	NTPCR	1
ASH1L	PTPN9	1
DAB1	RYR3	1
CORT	DCUN1D2	1
GLI1	MDM4	1
GLUL	TMBIM6	1
AHDC1	TMPO	1
CDC42BPA	HYOU1	1
NFASC	RTN3	1
MEF2D	STIM1	1
CSMD2	IL2RA	1
AKT3	SMYD3	1
AKT3	GCSAML	1
AKT3	RGS7	1
PIK3C2B	PLEKHA6	1
DSTYK	PIK3C2B	1
LRRN2	SNRPE	1
LEMD1	LRRN2	1
GPR37L1	KLHDC8A	1
CHTOP	NTRK1	1
ESPN	ZBTB48	1
EIF4G3	RSRP1	1
RERE	SLC45A1	1
ESPN	PHF13	1
PER3	PGD	1
MICOS10	PARK7	1
INTS11	PRAMEF2	1
EMC1	HP1BP3	1
EPHB2	INTS11	1
ASAP3	EPHB2	1
DFFB	SLC25A33	1
CLIC4	SRRM1	1
CAPZB	UBR4	1
AGRN	PLCH2	1
SPOCD1	TEX46	1
PTPRU	UBIAD1	1
EPB41	KIF1B	1
FABP3	ZCCHC17	1
CSMD2	TMEM234	1
KHDRBS1	TMEM200B	1
CSMD2	TMEM222	1
EBNA1BP2	SLC2A1	1
GNB1	OMA1	1
EPS15	TRABD2B	1
DHCR24	USP24	1
C1ORF185	EPS15	1
C1ORF185	RNF11	1
COL6A1	ZNF432	1
BRWD1	PPP2R1A	1
CIRBP	COL6A1	1
PDE4C	ZHX3	1
SNRPD2	ZNF773	1
ERCC2	ZNF772	1
AKT2	SPTBN4	1
RPS11	TEAD2	1
PPP2R1A	ZNF665	1
DPF1	MARK4	1
FUZ	ZNF528	1
FBXO27	RYR1	1
ERF	GSK3A	1
RPL36	TTYH1	1
COX6B1	PBX4	1
AKT2	BTBD2	1
CACNA1A	VSTM2B	1
MRI1	ZSWIM4	1
RANBP3	RPL36	1
ELOF1	LONP1	1
HNRNPM	PIAS4	1
FBXW9	PRDX2	1
CRTC1	HNRNPM	1
ETFB	ZNF254	1
ATP9B	MEX3C	1
CPLX4	SMAD4	1
LAMA5	PSMD3	1
EIF1	OPA3	1
GALK1	TRIM65	1
EFCAB3	MRPL27	1
DHX58	KAT2A	1
CDC6	CDK12	1
MYO18A	NPEPPS	1
ASIC2	RHOT1	1
SEZ6	WSB1	1
ACADVL	ZBTB4	1
GPS2	SENP3	1
POLR2A	WRAP53	1
STX8	TRIM16L	1
PRM1	RANBP3	1
ERI2	ZNF160	1
SUPT6H	ZNF263	1
ANKRD11	KIAA0513	1
CHMP1A	SPIRE2	1
GALNS	TSNAXIP1	1
DDX19B	SF3B3	1
CNOT1	NDRG4	1
CRAMP1	TVP23A	1
PRKCB	TNRC6A	1
ZNF48	ZNF689	1
SNUPN	SPECC1L	1
C2CD2	CORO2B	1
DCC	NR2F2	1
TMC3	USP22	1
CDIN1	WWOX	1
NTRK3	ZNF710	1
AKAP13	IQGAP1	1
BTBD1	NTRK3	1
AGBL1	NTRK3	1
AQP9	SV2B	1
LEO1	SLC12A1	1
NRG4	RTF1	1
CDIN1	MEIS2	1
FRMD5	SCG5	1
FMN1	OTUD7A	1
CHMP4A	GAS7	1
SEL1L	STON2	1
FUT8	PCNX1	1
KIAA0586	PALS1	1
TTC6	TTLL5	1
AKAP6	RGS6	1
CDX2	MTMR6	1
EEF1AKMT3	MAPK1	1
CPM	LUC7L	1
APBA2	CHD4	1
CNOT2	YLPM1	1
SIRT4	VPS37B	1
RNFT2	TMEM120B	1
HSPB8	SPRING1	1
SCARB1	SFSWAP	1
CCDC60	KDM2B	1
FBRSL1	SFSWAP	1
NOPCHAP1	WASHC4	1
CAMKK2	NR2C1	1
GLIPR1L2	NDUFA12	1
SLC35E3	SPRING1	1
ATP23	TAOK3	1
CDK4	SUDS3	1
AVIL	HIP1R	1
ATP23	SRRM4	1
CCDC59	TSFM	1
LYZ	TSFM	1
CNOT2	TSFM	1
PPM1H	SLC35E3	1
IL26	PPM1H	1
CYP27B1	NUP107	1
KCNMB4	KICS2	1
FRS2	MSRB3	1
EEF1AKMT3	LYZ	1
CPM	EEF1AKMT3	1
CNOT2	EEF1AKMT3	1
ATP23	CCT2	1
AVIL	TSPAN31	1
EEF1AKMT3	TSFM	1
EEF1AKMT3	TBC1D30	1
AVIL	PPM1H	1
EEF1AKMT3	METTL1	1
AGAP2	CYP27B1	1
KNTC1	TMT1A	1
BLTP3B	PCBP2	1
ARHGAP9	NAV3	1
LRP1	SYT1	1
ERBB3	RAB3IP	1
CPSF6	OS9	1
CPM	GLI1	1
FRS2	GLI1	1
CNOT2	RBMS2	1
CNOT2	ERBB3	1
KIF5A	TSFM	1
GLI1	TSFM	1
TBK1	TMPRSS12	1
PCBP2	TAFA2	1
R3HDM2	TSFM	1
ATP23	OS9	1
AVIL	NDUFA4L2	1
MARS1	MON2	1
MARCHF9	OS9	1
AVIL	KIF5A	1
CTDSP2	OS9	1
CTDSP2	INHBE	1
ATP23	MBD6	1
AGAP2	KIF5A	1
MARS1	R3HDM2	1
DCTN2	PIP4K2C	1
HOXC9	PYM1	1
DCTN2	GLI1	1
FMNL3	TUBA1B	1
COX14	GPD1	1
CCNT1	TUBA1C	1
CCNT1	OS9	1
ANHX	ZCRB1	1
ANAPC7	SLC2A13	1
KCNMB4	PRICKLE1	1
FRS2	NELL2	1
MSRB3	PPHLN1	1
METTL1	NELL2	1
ARID2	LETMD1	1
ACVR1B	SCAF11	1
CRACR2A	MPHOSPH9	1
ETV6	RIMBP2	1
CACNA1C	MDM2	1
NINJ2	PARP11	1
FOXM1	SLC2A14	1
CCND2	FGF23	1
DPM1	MTMR2	1
GLYATL2	PIAS4	1
HARBI1	PTPRS	1
FLRT1	SNX29	1
FAM168A	SNX29	1
CDIN1	ZNF143	1
HYLS1	SIAE	1
MACROD1	SPINDOC	1
KDM2A	SYT12	1
DPF2	POLA2	1
FGFR2	ZNF135	1
ATAD1	STAMBPL1	1
ATAD1	SHLD2	1
FANK1	STOX1	1
ATAD1	KCNMA1	1
FAM13C	SUFU	1
AGPAT3	PRY	1
AFF2	FMR1	1
FRMPD3	PRPS1	1
DHRSX	SYAP1	1
FAM156A	XAGE2	1
CAAP1	RTL5	1
IDS	PHACTR1	1
PLP1	SGK1	1
CHD1	GPM6B	1
ARX	SCO1	1
ADD3	OGT	1
ATAD1	SYN1	1
RAPGEF1	SEC16A	1
CDK5RAP2	MEGF9	1
ASTN2	TMEM38B	1
SLC31A1	ZNF618	1
SLC44A1	TMEM245	1
DDX31	FANCC	1
HACD4	SHC3	1
KIF24	MYORG	1
NTRK2	TPM4	1
CCL19	SHISA9	1
FAM219A	MRTFB	1
INF2	PTGDS	1
IFT74	NRXN3	1
EEA1	PTGDS	1
DCN	SLC25A51	1
CLU	PTGDS	1
KHDRBS3	PABPC1	1
CYRIB	ZNF704	1
ANGPT1	CPNE3	1
KCNB2	SPIDR	1
CLU	HMBOX1	1
OSGIN2	PTPRT	1
COX6B1	SPIDR	1
APLP1	CLU	1
CNP	NCALD	1
CLU	MT2A	1
LOXL2	NTRK3	1
PLAT	TSPAN3	1
FGFR1	MYO5A	1
NOVA1	RPL8	1
CLU	PEBP1	1
NRCAM	TLN1	1
CSMD3	DGKI	1
ACTB	PMP2	1
CPQ	HDAC9	1
BRAF	DENND2A	1
CHCHD3	STMP1	1
BRAF	CAPZA2	1
ST7	WNT2	1
CFTR	ST7	1
CPED1	PTPRZ1	1
CFTR	WNT2	1
ASZ1	CFTR	1
AUTS2	MKLN1	1
CLIP2	MET	1
MKLN1	TNRC18	1
PRKAR1B	THSD7A	1
CRPPA	MEOX2	1
SDK1	VPS41	1
PLEKHA8	PRR15	1
IKZF1	SEC61G	1
EGFR	SPMIP7	1
SEPTIN14	SUMF2	1
LANCL2	TTC3	1
ADCYAP1R1	TYK2	1
HYCC1	RBBP8	1
EEA1	LHFPL3	1
AVL9	TSPAN31	1
LANCL2	TSPAN31	1
ETV1	ZNF22	1
FYN	PTPRZ1	1
AKAP12	PRKN	1
AKAP7	QKI	1
DSE	PKIB	1
CEP85L	EYS	1
AFG1L	ARMC2	1
EYS	GRIK2	1
COL12A1	MAP3K7	1
CYB5R4	MDN1	1
EYS	STX11	1
LYRM4	RREB1	1
GSTA5	SLC35B3	1
EPB41L2	MYLIP	1
CDKAL1	EXOC2	1
MAK	NUP153	1
ATXN1	RANBP9	1
DHX16	HLA-E	1
TAP2	VARS1	1
DDR1	NUDT3	1
ESR1	PKHD1	1
LRRC1	SUPT3H	1
ATG5	CEACAM16	1
CAMSAP3	EYS	1
ETV7	SCAF1	1
COLGALT1	LY6G5B	1
ATXN1	HIGD1B	1
CALM1	UTRN	1
KLC1	ROS1	1
NDRG2	SEC63	1
CAP2	DNM1L	1
DECR1	RACK1	1
MAST4	UBE2V2	1
CD74	IQCE	1
CD74	UTRN	1
HSPA1B	SLC1A3	1
BOD1	UBTD2	1
CREBRF	CSNK1A1	1
DPYSL3	PPP2R2B	1
CHSY3	DDX46	1
MARCHF3	SRFBP1	1
PHAX	THBS4	1
PRR16	SCAMP1	1
MIER3	PDE4D	1
KCNMB1	LMBRD2	1
CTNND2	MTMR12	1
UBE2D2	XRCC6	1
CTNNA1	TXN2	1
ERG	LMBRD2	1
CCT5	CST3	1
PCDHGB4	TYK2	1
MBP	SLC1A3	1
ALDOC	KIF3A	1
CCT5	H3-3B	1
RABEP1	SLC1A3	1
ERBIN	PHKB	1
ALDOA	SLC1A3	1
DBN1	SCAMP2	1
PKM	SLC1A3	1
NDRG2	SPARC	1
CALM1	KIF3A	1
KIF3A	NDRG2	1
CCT5	LDHB	1
NPM1	VIM	1
ADD1	TOR1A	1
LAP3	NTRK2	1
NCALD	SPARCL1	1
PIGG	SUGCT	1
SEC63	SPARCL1	1
MANBA	NFKB1	1
ADH6	TET2	1
GRID2	SMARCAD1	1
CFAP299	SDAD1	1
ADGRL3	GPM6A	1
LNX1	SCFD2	1
LNX1	PDGFRA	1
CRACD	SCFD2	1
CRACD	PDGFRA	1
CTBP1	RNF4	1
CTBP1	FAM193A	1
LNX1	SOD3	1
ADGRA3	TBC1D19	1
CCDC149	RBPJ	1
C4ORF19	FAM114A1	1
GNG7	TACC3	1
KIAA1328	LIMCH1	1
LRRK1	SLC9B1	1
TACC3	TMOD3	1
LTA4H	WDR17	1
CPE	PLEKHA5	1
TRIM2	WDR37	1
CREM	SETD7	1
AFAP1	AKR1C1	1
PLGRKT	RBMS3	1
NTRK2	SLMAP	1
PDZRN3	TMC1	1
ARHGAP39	VPS8	1
CMTM6	KHDRBS3	1
RPN1	UTRN	1
EPB41L2	GPR156	1
ANK2	ARHGAP31	1
PCYT1A	RNF168	1
LIPH	SENP2	1
C3ORF70	CLDN11	1
NLGN1	SERPINI1	1
GK5	TFDP2	1
KALRN	UMPS	1
ACAD9	CFAP92	1
B4GALT4	SLC41A3	1
FANCD2OS	VHL	1
CRELD1	FANCD2	1
NMNAT3	RBMS3	1
UBE2E1	ZNF385D	1
OSBPL10	SNX4	1
CCDC12	SLC38A3	1
BAP1	DNAH1	1
CEP15	ZBTB20	1
CACNA2D3	PDHB	1
RAB7A	RABEP1	1
JAM3	SEC13	1
SLC4A7	TYR	1
CADM1	TRAK1	1
ARPP21	FRMD4A	1
DMTN	SCN2A	1
C7	COL3A1	1
EPB41L4A	SCN9A	1
ARHGEF4	CPE	1
ADGRL3	ST3GAL5	1
RPN2	STK39	1
BIRC6	GNAS	1
ANKRD44	RFTN2	1
DCAF17	MAP2	1
GPD2	R3HDM1	1
PLCD4	SEPTIN10	1
TPO	UBXN2A	1
ATAD2B	SF3B6	1
LBH	SPAST	1
GEMIN6	MTA3	1
IL18RAP	PPP4R3B	1
C2ORF42	MRPL33	1
CNRIP1	ZNF638	1
EXOC6B	ZNF638	1
AAK1	TEX261	1
IMMT	ST3GAL5	1
ITM2C	TYK2	1
APC2	GIGYF2	1
HSPD1	ZNF460	1
ATF2	TECR	1
ITM2C	SEPTIN9	1
NF1	TRMT61B	1
P4HB	SOS1	1
ALDOA	SCN2A	1
CKB	SCN2A	1
CKB	EIF2AK2	1
PLEKHH2	ZBTB1	1
B3GALT1	RCBTB2	1
ALK	SOX5	1
PLAAT3	SGPP2	1
FXYD6	ZEB2	1
EIF2AK2	NUMA1	1
SYNGR1	TAB1	1
GTPBP1	SUN2	1
NPTXR	SH3BP1	1
LGALS1	NPTXR	1
TAFA5	TTC28	1
GRK3	PPP6R2	1
EWSR1	NCAPH2	1
LIMK2	SFI1	1
CRKL	LARGE1	1
PI4KA	VPREB3	1
KCNJ6	TTC3	1
DIP2A	PCNT	1
HLCS	YBEY	1
NCAM2	TMPRSS15	1
BMP2	TRIB3	1
DTD1	PLCB1	1
DZANK1	RRBP1	1
CHRM3	RIGI	1
ANP32B	KIF21B	1
IGSF8	PHF19	1
EIF2B3	LAMC3	1
ANXA1	PHGDH	1
ADSS2	AZIN1	1
C8ORF34	RGS7	1
ATP1A2	CLU	1
DGKB	RABGAP1L	1
GLUL	SEC61G	1
AQP1	CHI3L2	1
CHI3L1	UTRN	1
GLUL	SEC63	1
SDC3	SLC1A3	1
HOMER1	MAST2	1
FIP1L1	ZC3H11A	1
FIP1L1	ZBED6	1
ADD1	ATP2B4	1
SDC3	ZNF827	1
SGCB	TXLNA	1
FNIP2	SHISAL2A	1
ATP2B2	NFASC	1
DNAH7	RER1	1
GLUL	UNC13A	1
GLUL	MBP	1
GPR37L1	PRKCA	1
MINDY1	TBKBP1	1
NBPF1	SPOP	1
MT3	PLEKHA6	1
GGA2	TNFAIP8L2	1
DCAF5	PLEKHA6	1
PRELP	SYT16	1
BCAN	SLC22A17	1
ATF1	CHIT1	1
BCAN	LRP1	1
PGBD2	UBE4A	1
PEA15	SIAE	1
LMNA	SORL1	1
ATP6V1G3	CDC42BPA	1
LRRN2	PLEKHA6	1
HMCN1	TMCC2	1
FAM20B	TOR1AIP1	1
COP1	TNR	1
HAPLN2	NAXE	1
CCT3	MRPL24	1
RPRD2	S100A2	1
RERE	ZNF692	1
CR1	MTOR	1
CCT3	ZBTB40	1
CCT3	KDM1A	1
PAX7	UBR4	1
CEP104	TP73	1
CELA2B	PER3	1
AGTRAP	CASZ1	1
HMGCL	S100PBP	1
FAM76A	PHACTR4	1
KIF17	SNIP1	1
GIPC2	NEXN	1
ATG4C	PATJ	1
DAP3	RBMXL1	1
DAP3	KYAT3	1
ARFGEF2	BSG	1
ZNF837	ZSCAN18	1
SIPA1L3	ZNF540	1
IGSF23	ZNF529	1
ZNF235	ZNF865	1
KMT2B	ZNF146	1
ETHE1	QPCTL	1
CYP2F1	NUMBL	1
KCNC3	ZNF530	1
EXOSC5	LEUTX	1
DLL3	SUPT5H	1
CALM3	CCDC9	1
BCAT2	IRF3	1
AKT2	ZNF576	1
SMIM7	ZNF527	1
RUVBL2	SH3GL1	1
CEBPG	SBNO2	1
ALDH16A1	RANBP3	1
NCAN	NOSIP	1
HAUS8	TEX101	1
NFIX	ZNF846	1
AP3D1	ZNF69	1
SMARCA4	ZNF266	1
NFIX	ZNF136	1
CYP4F3	ZBTB7A	1
MAP2K2	YJU2	1
EBI3	YJU2	1
SMARCA4	SMIM7	1
CLEC4M	SBNO2	1
MED16	RNF126	1
PIP5K1C	TJP3	1
CELF5	NFIC	1
CNN2	NDUFS7	1
MED26	TMEM221	1
KDM4B	SBNO2	1
DOT1L	TECR	1
NANOS3	ZNF91	1
APOL2	RAB12	1
ARFGEF2	MBP	1
EPG5	ZNF329	1
SYS1	TAF15	1
PABPC1L	UTP6	1
C3	RABEP1	1
MBP	MYO1D	1
EXOC7	SLC25A19	1
LLGL2	MYO15B	1
CSNK1D	RNF213	1
BCAS3	RPL38	1
BCAS3	TACO1	1
C1QL1	DCAKD	1
ATP6V0A1	NBR1	1
HDAC5	MYO18A	1
NLK	NMT1	1
GOSR1	JUP	1
TAOK1	TMEM97	1
B9D1	EPN2	1
ATP2C2	ZNF423	1
AKTIP	COTL1	1
NKD1	NOD2	1
NPRL3	RHBDF1	1
BFAR	PDXDC1	1
ADCY9	NMRAL1	1
CDIP1	SGF29	1
SGF29	VKORC1	1
RGMA	RHCG	1
ABHD17C	HMG20A	1
SCAPER	ZNF592	1
NTRK3	PEAK1	1
PTPN9	SIN3A	1
CSPG4	PTPN9	1
CHD2	CSNK1G1	1
PLEKHO2	TRIP4	1
OAZ2	RBPMS2	1
MEGF11	RPL4	1
TCF12	TMC3	1
MAPK6	TMOD3	1
EXD1	SEMA6D	1
EIF2AK4	PKM	1
STARD9	UBR1	1
HAUS2	SNAP23	1
CYFIP1	SNRPN	1
PTPRA	SUPT16H	1
ALDH6A1	FAM222B	1
NDRG2	RABEP1	1
DENND4A	ZFYVE1	1
KCNK13	TDP1	1
EML1	FBLN5	1
DPF3	TDP1	1
NRXN3	TSHR	1
FUT8	SIPA1L1	1
NAA30	SGPP1	1
PPP2R3C	SPTSSA	1
PRKD1	PSMA6	1
DTD2	NOVA1	1
RNF6	USP18	1
DDX27	HSPH1	1
GATAD2A	MIPEP	1
FARP1	NME1	1
FRY	NTRK3	1
COMMD6	PCDH9	1
APP	EEA1	1
CYP27B1	ZNF175	1
MLLT6	PPP1R12A	1
ABCA3	ATP23	1
AEBP2	FLYWCH2	1
ADCY9	RASSF8	1
ERBB3	PKM	1
PTPN11	VPS37B	1
ATXN2	VPS33A	1
CCDC60	RNF10	1
CORO1C	RFLNA	1
ANAPC7	CORO1C	1
AACS	TMEM132B	1
HIP1R	KCNMB4	1
FRS2	GRIP1	1
AVIL	CDK4	1
DCTN2	TSFM	1
KIF5A	TSPAN31	1
ATP23	KIF5A	1
EEF1AKMT3	INHBC	1
DCTN2	TSPAN31	1
B4GALNT1	CTDSP2	1
AVIL	MBD6	1
ARHGEF25	AVIL	1
GLI1	R3HDM2	1
MARS1	OS9	1
COPZ1	PPP1R1A	1
ADAMTS20	C12ORF43	1
CNTN1	PDZRN4	1
KRT86	TSPAN9	1
KRT7	TSPAN9	1
C12ORF57	TULP3	1
C3AR1	KCNA6	1
ERC1	PHC1	1
COPS7A	GNB3	1
MARCHF9	SLCO1B1	1
SSPN	TEAD4	1
DERA	STRAP	1
ITPR2	PTGES3	1
CCDC91	KRT7	1
ITPR2	PARP11	1
DENND5B	PLCZ1	1
CCDC91	FGD4	1
CCDC91	TSPAN11	1
GRAMD1B	TOP3B	1
FXYD6	MICAL3	1
C22ORF39	ZBTB16	1
SLC35F2	TNRC6B	1
NUMA1	UBA2	1
CALM3	SBF2	1
CD82	DTNA	1
AIP	LYZL6	1
ALG1	PAAF1	1
IDH2	PPP2R1B	1
FOLR1	TCF12	1
CD81	SUPT16H	1
FCHSD2	SPRYD3	1
B4GALNT3	RAB6A	1
EIF4G2	ERBB3	1
BACE1	ZBTB44	1
IL10RA	PHLDB1	1
NCAM1	TTC12	1
HYOU1	NLRX1	1
BACE1	CEP164	1
DSCAML1	POGLUT3	1
MAML2	MTMR2	1
CPT1A	RAB30	1
PICALM	PPME1	1
PCNX3	RCE1	1
FOLR1	PC	1
ACY3	PC	1
NUDT22	VPS51	1
CTTN	FOLR1	1
CCDC86	NTM	1
LRP5	VPS37C	1
MS4A18	MTA2	1
ABTB2	DTX4	1
PAMR1	SLC1A2	1
LRP4	PRDM11	1
ATF7IP	CCNY	1
CTBP2	MGMT	1
EDRF1	SHOC2	1
SLC35G1	SLIT1	1
ATAD1	PTEN	1
CCDC6	PCBD1	1
PRKG1	TIMM23	1
TASOR2	ZMYND11	1
FRMD4A	MALRD1	1
FBH1	KIAA1217	1
BMI1	SEC61A2	1
MALRD1	PLXDC2	1
MALRD1	PIP4K2A	1
MINDY3	ZNF37A	1
MINDY3	PARD3	1
KIF5B	SVIL	1
DLG5	FGFR2	1
MAML2	RRAGB	1
BRAF	PAG1	1
CA10	MYB	1
BRAF	MBNL1	1
BRAF	TPR	1
GPRC5B	PRKCA	1
FGFR1	PSMG2	1
SMURF1	TMEM139	1
STEAP1B	VKORC1L1	1
NOTCH1	ROS1	1
ANKRD6	PEMT	1
NIPBL	SCLT1	1
NTRK1	PEAR1	1
PECAM1	TEX2	1
CPD	NSRP1	1
NF1	NUBPL	1
IRF9	THTPA	1
ATP8A2	FLT1	1
ELP4	KMT2A	1
NUP160	SLC43A3	1
S100A7	VAV1	1
EWSR1	GFI1B	1
CTSB	PLAG1	1
ETV4	NCOA2	1
AHRR	NCOA3	1
AHRR	ETV4	1
ACSL4	USP6	1
USP6	ZFX	1
USP6	USP9X	1
TNC	USP6	1
OMD	USP6	1
ASAP1	USP6	1
FGFR1	USP6	1
GTF2I	USP6	1
FAT1	USP6	1
SEC24D	USP6	1
SEC31A	USP6	1
KLF3	USP6	1
CNBP	USP6	1
IP6K2	USP6	1
FOSL2	USP6	1
ERRFI1	USP6	1
THRAP3	USP6	1
DDX17	USP6	1
STAT3	USP6	1
PAFAH1B1	USP6	1
HNRNPC	USP6	1
USP6	VDR	1
AHNAK	USP6	1
SAR1A	USP6	1
FBXO46	MYBL1	1
DUSP22	EXOC2	1
BCL6	TP63	1
ALK	CLTCL1	1
ALK	XPO1	1
ALK	EEF1G	1
FOXK2	TP63	1
CD58	WNT2B	1
HNRNPH3	TFE3	1
FOXO4	PAX3	1
MOB3B	PLAA	1
FGFR1	FOXO1	1
ADD1	HTT	1
PPP4R2	PTPRG	1
ATF7	STAG1	1
DTNB	NCOA1	1
FRMD4A	XRCC5	1
AP1B1	CHEK2	1
ODR4	TPR	1
GON4L	SMG5	1
ZNF160	ZNF415	1
CACNG4	PITPNC1	1
COPS3	TOM1L2	1
LIN52	YLPM1	1
LRIG3	MON2	1
BCL11B	IKZF2	1
ASXL2	EPC1	1
CTNND2	TERT	1
HMGA2	KERA	1
BTBD16	FGFR2	1
BRAF	FAM131A	1
ROS1	TPD52L1	1
ALK	CPE	1
EWSR1	GORASP2	1
ITIH2	RET	1
PTEN	RET	1
CHCHD7	NFIB	1
MYC	PLAG1	1
PLAG1	TMEM68	1
FAM110B	PLAG1	1
CSMD1	PLAG1	1
NTF3	PLAG1	1
ACTA2	PLAG1	1
AKAP9	HMGA2	1
NCOA2	WWTR1	1
CADM2	HMGA2	1
HMGA2	SLC6A15	1
FAM186B	HMGA2	1
AICDA	HMGA2	1
FHIT	HMGA2	1
NRIP1	RSPO2	1
PIEZO1	RSPO2	1
FTO	PLAG1	1
MSN	RLN2	1
MYBL1	YTHDF3	1
MYBL1	RAD51B	1
SKAP2	SNX10	1
NFIB	RPS6KA2	1
NFIB	PHACTR2	1
MYB	PDCD1LG2	1
MPDZ	MYB	1
MAP3K5	NFIB	1
MAN1A1	NFIB	1
MYO6	NFIB	1
NFIB	RIMS1	1
ACTB	MYB	1
MYB	TULP4	1
ACTN4	MYB	1
NFIB	XRCC4	1
KANK1	PIK3R1	1
RNF150	TTC29	1
DNM3	ESRRG	1
ADAMTS20	CBFA2T2	1
CALCOCO1	SLC16A7	1
ADAMTS20	HOXC4	1
QSOX2	VAV2	1
MAN1A1	MYB	1
ATXN7L3B	NELL2	1
ACTN1	MYBL1	1
CFAP47	CFAP47	1
FGD1	WNK3	1
GAGE2E	GLOD5	1
MFHAS1	NBDY	1
CDKN1A	ERAS	1
GJB1	MTMR3	1
IGSF1	MBOAT2	1
CDK12	TMLHE	1
GPR173	TGM7	1
G6PD	STAT6	1
APPL2	NR0B1	1
RAB33A	SLC25A44	1
SLC27A4	SPTAN1	1
PNPLA7	TPRN	1
LCN10	NOTCH1	1
DYNC2I2	EEIG1	1
CERCAM	STXBP1	1
LRSAM1	STXBP1	1
FPGS	GARNL3	1
PTBP3	PTGR1	1
INSL6	RCL1	1
CBFA2T2	DCTN3	1
GLIS3	SOCS6	1
PITPNC1	PRRC2B	1
PTPA	THSD4	1
NPAS3	WASHC1	1
PIP5KL1	SHANK2	1
EPS8L2	GDA	1
ACO1	ARL3	1
DPH7	PTP4A3	1
MROH6	ZC3H3	1
TRAPPC9	TSNARE1	1
COL14A1	GRHL2	1
PABPC1	ZNF706	1
PABPC1	ZFPM2	1
NCALD	RRM2B	1
GRHL2	NCALD	1
CYRIB	NCOA2	1
CPQ	PRKDC	1
ADAM9	KCNU1	1
PLEC	RAB11FIP3	1
GFER	ZNF704	1
ANGPT1	PEAK1	1
CCT2	TATDN1	1
DRD4	UBR5	1
UBE2W	USP54	1
BICC1	RAB11FIP1	1
CCDC107	LRWD1	1
PRKAG2	SMARCD3	1
MEST	STRIP2	1
PRKRIP1	SH2B2	1
ADAP1	COX19	1
BLVRA	COA1	1
ADCY1	HNRNPA2B1	1
CAMK2B	SLC25A17	1
LRRC37B	PTPRN2	1
NDUFB2	PTGR2	1
PPP1R13B	ZP3	1
ANKS1B	EIF2AK1	1
GRIN2B	TNRC18	1
ATM	ITGB8	1
PSAP	PTN	1
EXD3	ZFAND3	1
CPNE5	RAPGEF1	1
PCMT1	SLC22A2	1
RPS12	TULP4	1
HDDC2	WDR27	1
CENPW	PDE10A	1
MTRF1L	PTPRK	1
FBXO5	PTPRK	1
GINM1	SLC35F1	1
EYS	PTPRK	1
METTL24	TBPL1	1
SLC22A23	SMIM13	1
ADTRP	NEDD9	1
GPLD1	SASH1	1
CUTA	GRM4	1
CD109	SNU13	1
TBC1D10A	TFAP2B	1
CBS	HLA-B	1
REV3L	RPL28	1
MMUT	YJU2B	1
HLA-DPB1	SKAP1	1
ADGRG5	FAM135A	1
RSPH9	SLC7A1	1
HSP90B1	PCMT1	1
RBMS2	TNFAIP3	1
CFB	STAT6	1
ANKS1A	CD63	1
ERGIC1	UNC5A	1
ANXA6	TNIP1	1
SIL1	SLC23A1	1
CTNNA1	SIL1	1
RAD50	SLC22A4	1
CAMLG	DDX46	1
CDC25C	ETF1	1
ANKRD33B	MAML1	1
ARHGEF28	MRTFA	1
CTNNA1	MGME1	1
PLEKHF1	SLC35A4	1
BSG	CCT5	1
ERGIC1	MIEN1	1
DICER1	HSD17B4	1
CD74	ERBB3	1
ANKLE2	RNF180	1
CCT5	PSMA1	1
ARAP3	CTBP2	1
CYTH3	SPARCL1	1
CCZ1B	NAA11	1
SPCS3	VEGFC	1
CCSER1	HERC3	1
ADD1	PCGF3	1
PACRGL	SLIT2	1
UBE2K	WDR19	1
CWH43	OCIAD1	1
PTPRM	ZNF595	1
ACTG1	CLCN3	1
KCNIP4	PITPNA	1
RMDN3	SMIM14	1
CD47	RNF183	1
LRRC14	UPK1B	1
ARHGAP39	PFKFB4	1
AIG1	COL8A1	1
LMAN2	RUBCN	1
P4HA2	RBM6	1
CLCN3	GNL3	1
NCEH1	TNFSF10	1
PHC3	SEC62	1
FNDC3B	TMEM212	1
LPP	WWTR1	1
ARMC8	ESYT3	1
SLC41A3	ZNF148	1
SLC12A8	SLC41A3	1
IFT57	ZBTB20	1
FSTL1	GPR156	1
EAF1	SPATA16	1
GHRL	SEC13	1
ATP2B2	TAMM41	1
ITGA9	VILL	1
MST1	TRAIP	1
GNAI2	SEMA3B	1
ACY1	RPL29	1
RFT1	TKT	1
KIF9	PRKCD	1
PFKFB4	UQCRC1	1
MAP4	PLXNB1	1
ACTR8	CHDH	1
TADA3	TASOR	1
DNAH12	ERC2	1
IFT122	MICALL1	1
DDTL	SEC13	1
DDTL	GHRL	1
DDT	SEC13	1
DDT	GHRL	1
GPATCH1	UPK1B	1
CCDC80	COL1A1	1
GNAI2	SLC39A11	1
RAB11FIP3	SLMAP	1
PRKG1	VGLL4	1
FMNL2	NTAQ1	1
CCT5	PPP1CB	1
CCNYL1	FRMD4B	1
PXK	TTC7A	1
HDAC4	UPB1	1
MPV17	PPP6R2	1
HIBCH	STAT1	1
EPC2	LYPD6	1
NMI	SLC9A4	1
ACVR2A	EPC2	1
IL36G	RABL2A	1
IL1RN	RABL2A	1
ACTR3	PSD4	1
NBAS	RASGRP3	1
SLC4A1AP	TANC1	1
FOSL2	PPP1CB	1
BABAM2	GPN1	1
ATL2	MAP4K4	1
CDKL4	SOS1	1
MSH2	SOCS5	1
ABCG8	EPCAM	1
M1AP	MSH2	1
CTNNA2	REG3G	1
KCMF1	TCF7L1	1
ITGAV	TRIR	1
COL1A1	COL6A3	1
SGPP2	TEN1	1
LTBP1	RARA	1
AACS	MAL	1
PLXNB2	TUBGCP6	1
GTSE1	TRMU	1
SREBF2	TNFRSF13C	1
SBF1	SYCE3	1
MICALL1	POLR2F	1
MCAT	PACSIN2	1
ACO2	ARHGAP8	1
APOL2	SCUBE1	1
CRYBB1	TPST2	1
PES1	SF3A1	1
CSNK1E	DYNLRB1	1
LAMA5	WFDC2	1
LAMA5	RBBP8NL	1
CIMIP1	PIGU	1
KIF3B	REM1	1
ASXL1	DEFB118	1
FLRT3	MACROD2	1
MSMP	XPR1	1
ELOA	SLC25A25	1
AHDC1	NUP214	1
ATP6V1H	RORC	1
BAZ1B	EDEM3	1
ASH1L	NUP205	1
CKS1B	MEST	1
ITPR3	ZBTB17	1
NDUFS6	RHEX	1
EXOSC10	SKP2	1
PLRG1	SRGAP2B	1
STOX2	TM2D1	1
PPP1R2	SDF4	1
FGR	FLNB	1
CHD1L	OSBP2	1
CSNK1E	SPATA21	1
CCNL2	CERK	1
SRGAP2	TCFL5	1
NCOA3	PADI1	1
ARHGEF10L	EYA2	1
EIF2S2	UBE4B	1
ERBB4	SDCCAG8	1
IGFBP2	LMNA	1
FAHD2B	GATAD2B	1
ATAD3B	HADHB	1
ANO7	PHC2	1
KDM4A	PNKD	1
ASAP2	ERI3	1
LPIN1	SARS1	1
RPRD2	SYMPK	1
KEAP1	THRAP3	1
DAB1	ZNF177	1
DLGAP1	RAB3GAP2	1
NVL	ZPBP2	1
CNIH4	ERBB2	1
PLEKHA6	RARA	1
CDR2L	MEF2D	1
PLXDC1	TAF13	1
DECR2	WDR47	1
KIRREL1	SNUPN	1
CEP152	TSPAN1	1
HOOK1	IVD	1
MAST2	WDR25	1
EVL	FOXJ3	1
CBX5	WDTC1	1
PGD	TMTC1	1
MACF1	OR6C4	1
MDK	PARP1	1
RPL11	SIAE	1
RAB6A	TAF12	1
SF1	ZSWIM5	1
ASCC1	SSU72	1
DISC1	TSNAX	1
LYST	TARBP1	1
ABCB10	CCSAP	1
DEGS1	SUSD4	1
LAD1	PKP1	1
LHX4	XPR1	1
FMO3	PRRC2C	1
LRRC71	NTRK1	1
SEMA4A	SLC25A44	1
GBA1	MUC1	1
KIF26B	UBE2Q1	1
RIT1	TARS2	1
CFAP141	TPM3	1
SNX27	TUFT1	1
LIX1L	RNF115	1
ILF2	KCNN3	1
NBPF3	ZBTB40	1
HSPG2	USP48	1
SLC25A33	UBE4B	1
DNAJC11	PLEKHG5	1
PGD	RBP7	1
EIF4G3	PADI3	1
GNB1	INTS11	1
EIF4G3	HP1BP3	1
EFHD2	FBLIM1	1
CLIC4	RCAN3	1
CENPS	PGD	1
CASZ1	EXOSC10	1
ALG14	CASZ1	1
RUSC1	TMEM234	1
TINAGL1	ZBTB8A	1
PEF1	SNRNP40	1
RBBP4	S100PBP	1
PUM1	SNRNP40	1
KHDRBS1	SERINC2	1
FOXJ3	TUFT1	1
ST3GAL3	TIE1	1
KIAA0319L	PSMB2	1
EFCAB14	MOB3C	1
EPHA2	MRPL37	1
APOBEC3A	ZC3H4	1
RRAS	TCF20	1
RFX1	TBC1D10A	1
CC2D1A	PRR14L	1
MTMR3	YJU2B	1
CDKN2D	HM13	1
ANKRD27	ZNF302	1
PLEKHG2	SUPT5H	1
MED29	SUPT5H	1
PPP1R14A	SPINT2	1
PSMD8	SPINT2	1
PPP2R1A	ZNF610	1
CEBPG	PEPD	1
ACP7	PAK4	1
MED25	TRPM4	1
MED25	TBC1D17	1
HNRNPL	TPRX1	1
HNRNPL	SELENOW	1
FBXO17	LGALS7	1
BCL3	ZNF233	1
PGPEP1	ZNF146	1
ARHGAP33	URI1	1
FAM98C	ZSWIM4	1
SIPA1L3	ZNF823	1
DNAJB1	ZNF345	1
BRME1	SUPT5H	1
SIN3B	ZNF285	1
OPA3	RDH8	1
CPAMD8	LILRB3	1
CARM1	ZBTB32	1
CALR	TNNT1	1
PRKCSH	ZNF627	1
FDX2	ZNF563	1
MAP2K2	ZBTB7A	1
SLC5A5	SSBP4	1
OCEL1	USE1	1
NR2F6	UNC13A	1
MUC16	OR7D4	1
LONP1	RANBP3	1
LDLR	MRPL4	1
AP1M2	KEAP1	1
ILF3	ZNF441	1
IER2	STX10	1
HAPLN4	MEF2B	1
DHPS	GET3	1
GATAD2A	UBA52	1
GATAD2A	SSBP4	1
DPP9	PTPRS	1
ARHGAP45	DAZAP1	1
CRTC1	KCNN1	1
ARID3A	CNN2	1
CC2D1A	RLN3	1
CC2D1A	MRI1	1
BRME1	CC2D1A	1
BTBD2	MOB3A	1
CALR3	ZNF99	1
MED26	ZNF99	1
CABLES1	SMAD2	1
ESCO1	SNRPD1	1
LLGL2	UBE2L3	1
NFAM1	WIPF2	1
NOL12	STARD3	1
ERBB2	NOL12	1
CCL4L2	DGCR8	1
PDE9A	TOP2A	1
ITCH	SRSF2	1
EIF2S2	SKAP1	1
GALK1	SPPL2B	1
AKAP8L	RNF213	1
CSNK1D	POLR2E	1
CHERP	RPTOR	1
SAE1	TBKBP1	1
MYO9B	NEK8	1
SRSF2	UBE2O	1
AFMID	TK1	1
EIF4A3	TBC1D16	1
QRICH2	SRP68	1
EXOC7	SRP68	1
CPSF4L	SLC39A11	1
SAP30BP	UNK	1
JPT1	RECQL5	1
HID1	JPT1	1
CENPX	GPS1	1
BHLHE40	GPS1	1
GPRC5C	KIF19	1
EVPL	SAP30BP	1
CCDC57	CSNK1D	1
BAHCC1	CCDC137	1
BCAS3	ORMDL3	1
MRPL10	SKAP1	1
ACSF2	LUC7L3	1
ORMDL3	PPP1R1B	1
GGNBP2	NR1D1	1
PCGF2	SRCIN1	1
GRB7	PPP1R1B	1
MYO19	SSH2	1
NPLOC4	RAB11FIP4	1
BPTF	RNF135	1
ADAP2	NF1	1
GOSR1	TAOK1	1
CAMTA2	JUP	1
SMYD4	TRARG1	1
SLC43A2	SMYD4	1
METTL16	RTN4RL1	1
MED9	RAI1	1
OSGIN1	PATZ1	1
GNB1L	TMEM265	1
GNB1L	SRCAP	1
FOXK2	LONP2	1
CFDP1	WDR59	1
NUTF2	ZFP90	1
PLA2G15	SLC7A6	1
CMIP	DOK4	1
CNGB1	PLLP	1
ADGRG1	MT1F	1
MT4	RSPRY1	1
BBS2	NUDT21	1
CPNE2	MT1E	1
CLUAP1	ZNF174	1
GSPT1	ZC3H7A	1
RAB11FIP3	RAB40C	1
PKD1	ZNF598	1
JPT2	MAPK8IP3	1
CLEC16A	NTAN1	1
CCNF	NPW	1
EMC8	SMG1	1
SYT17	VPS35L	1
COG7	EARS2	1
DNAAF8	FBXL19	1
KCTD13	QPRT	1
CHD2	PDXK	1
HOXB3	TCF12	1
ECI1	NPTN	1
HAPLN3	RLBP1	1
CLK3	PPCDC	1
MYO9A	PKM	1
RPS27L	TLN2	1
RPAP1	TMEM87A	1
CKMT1A	CTDSPL2	1
AVEN	SCG5	1
HSP90AA1	MYH9	1
MYH6	RNF213	1
PACS2	TEX22	1
EFCAB11	TTC7B	1
ATXN3	LGMN	1
FAM161B	MIDEAS	1
ADCK1	SLIRP	1
ACTN1	DCAF5	1
KTN1	PELI2	1
RPL36AL	RPS29	1
MIA2	PNN	1
HOMEZ	PSMB5	1
HSCB	SPATA13	1
TMEM91	VPS29	1
C19ORF25	CACNA1C	1
KMT2D	TK1	1
ACTG1	STAT6	1
ERBB3	GRN	1
ERBB2	TSPAN11	1
GATC	PXN	1
BICDL1	GATC	1
CIT	SPPL3	1
BLTP3B	PMCH	1
BAZ2A	TIMELESS	1
POU6F1	TFCP2	1
KRT84	SLC39A5	1
PA2G4	RAB5B	1
MYL6	SMARCC2	1
ESPL1	MYG1	1
COPZ1	HOXC9	1
ATF7	CALCOCO1	1
DUSP16	PRR4	1
LMNTD1	SOX5	1
C2CD5	ST8SIA1	1
PLEKHA5	SINHCAF	1
CDON	NF2	1
ATXN10	PGR	1
NUMA1	TBC1D10A	1
ARCN1	DYNLRB1	1
LTO1	SHLD1	1
CC2D1A	ST3GAL4	1
ESRRA	ZNF317	1
NECTIN2	SOX6	1
BMAL1	SETBP1	1
NDUFV2	TRIM5	1
CAPRIN1	THOC1	1
DGAT2	GOSR1	1
CAT	FAM222B	1
ARHGAP42	CHP1	1
BSCL2	DGLUCY	1
GRIK4	SIAE	1
ATP5MG	VPS11	1
HYOU1	SLC37A4	1
FOXR1	RNF26	1
RNF214	SIDT2	1
NCAM1	POU2AF1	1
MMP8	TMEM123	1
BBS1	ENDOD1	1
INTS4	KCTD21	1
SHANK2	THRSP	1
SPINDOC	TRPT1	1
MAJIN	PPP2R5B	1
CATSPERZ	IGHMBP2	1
GDPD5	WNT11	1
COA4	FAM168A	1
ATG2A	ESRRA	1
ARAP1	ARRB1	1
PPP1R14B	STX5	1
PPP6R3	SLC3A2	1
GANAB	SLC22A8	1
FAM168A	PARVA	1
DKK3	PPFIA1	1
DEAF1	RPLP2	1
B4GALNT4	EPS8L2	1
BMAL1	BTBD10	1
CSTPP1	PACSIN3	1
COL18A1	MYOF	1
LAMA3	P4HA1	1
DIP2C	TMEM94	1
PCID2	PSAP	1
APOLD1	DIP2C	1
FAM171A1	TOP6BL	1
ATP5MK	NT5C2	1
HECTD2	PTEN	1
DYDC2	PRXL2A	1
CPEB3	ZMIZ1	1
SAMD8	VCL	1
CCAR1	HNRNPH3	1
DNAJC1	SFTPD	1
ARHGAP21	THNSL1	1
KCNMB3	PIK3CA	1
LRIG1	SLC25A26	1
BABAM2	GALNT14	1
CDK12	EIF4A3	1
CKB	KIF26A	1
CSNK1G2	DOT1L	1
MYO15B	UNK	1
BLTP2	MYO18A	1
NFAT5	SNTB2	1
LGR5	TRHDE	1
BICD1	ETFBKMT	1
CELSR1	KCNJ4	1
MIEN1	SRP68	1
BCL9	RASAL2	1
BRS3	HTATSF1	1
BCORL1	RAB33A	1
CLU	RPS4X	1
BGN	ERBB3	1
IKBKG	RET	1
DMD	RET	1
EHMT1	ZMYND19	1
AKAP13	GSN	1
CTSB	PLAT	1
CTSB	PICK1	1
CBS	CTSB	1
DPRX	TG	1
CTSB	NAPA	1
CTSB	SMARCA4	1
CTSB	WWP2	1
CCDC6	VPS13B	1
HOOK3	RET	1
BRAF	SCRIB	1
BRAF	PCM1	1
RBM28	TMEM178B	1
BRAF	YWHAG	1
FOXP2	ZNF680	1
BRAF	EPS15L1	1
CBX4	IGF2BP3	1
BRAF	CIITA	1
PKM	PTN	1
BRAF	LMO7	1
PIBF1	POR	1
PDIA4	SIAE	1
UEVLD	ZKSCAN1	1
BRAF	OPTN	1
GSN	HLA-DPB1	1
BRAF	SASH1	1
TPD52L1	ZNF277	1
MAP3K4	SERINC1	1
CMTR1	ZFAND3	1
APP	SEC63	1
ARFGEF2	IGF2R	1
GNAS	SEC63	1
JUNB	SEC63	1
GPX4	SEC63	1
ABCF1	PLVAP	1
HLA-C	TYK2	1
ANKS1A	EEF2	1
TBC1D22B	TSC22D1	1
HLA-B	RNASEH2B	1
ARID1B	PSMA1	1
NUP153	TMEM138	1
CCDC6	UST	1
CTSB	STING1	1
GPX3	SEC63	1
BTBD9	TERT	1
DBN1	ZNF346	1
GPX3	SQSTM1	1
ATG10	MCC	1
CHD4	GPX3	1
APLP2	C7	1
MET	SCD5	1
CLCN3	GPX3	1
CLCN3	GNAS	1
TAF4B	WDR1	1
CLDN7	SLC34A2	1
CTNNB1	GSN	1
CTSB	EIF4A2	1
AP2M1	SEC63	1
EIF4G1	VPS8	1
AP2M1	KLHL6	1
GNAS	HEG1	1
FOXP1	PLVAP	1
ATP2A2	COPG1	1
ABI3BP	RET	1
CTSB	MRPL30	1
ALK	CTSB	1
CNPY3	TPO	1
BIRC6	IYD	1
TERT	UGGT1	1
ALK	CCDC149	1
BIRC6	MYH9	1
ARFGEF2	FN1	1
COL9A3	TPO	1
SNTA1	TPO	1
ARHGEF4	IGFBP5	1
EIF5B	MGAT4A	1
ALK	ITSN2	1
ABI2	MTA3	1
ALK	GFPT1	1
CALR	PLEKHB2	1
EIF2AK2	TSC22D1	1
IGFBP5	SIAE	1
EIF2AK2	EIF4G2	1
ALK	CCDC6	1
GNAS	ZNFX1	1
GNAS	PLCB4	1
CEPT1	PHF24	1
NTRK1	TRG	1
BRAF	OSBPL9	1
DNAJC6	PDE1C	1
CCDC30	ROS1	1
DIAPH1	NTRK1	1
APC	INSRR	1
CBS	CHI3L1	1
ATP2B4	FN1	1
PLEKHB2	S100A6	1
HP1BP3	THAP4	1
RUSC1	TYK2	1
NTRK1	PPL	1
BCL7A	S100A6	1
GNB1	TPCN1	1
CD1A	SLAMF1	1
GON4L	PMVK	1
H6PD	SPSB1	1
TP53BP2	ZSWIM5	1
ARHGEF10L	MRPL37	1
JAK1	WLS	1
ARFGEF2	EEF2	1
BCKDHA	TMEM91	1
ACO2	TBCD	1
GNAS	TMEM94	1
ACTG1	COL9A3	1
ACACA	MGME1	1
KRT32	SEPTIN9	1
ITFG1	ZNRF3	1
ALDOA	ARFGEF2	1
GNAS	THSD4	1
ATP5PD	SPG11	1
IQGAP1	ZNF774	1
AJUBA	NTRK3	1
GTF2A1	TSHR	1
F7	VPS53	1
MYCBP2	SPPL2A	1
CBX5	TXNRD2	1
CLIP1	GNAS	1
ELK3	GNAS	1
COL9A3	ELK3	1
C3	ELK3	1
BSG	EEA1	1
C19ORF18	COPZ1	1
EEF2	ERBB3	1
CHPT1	GNPTAB	1
ERBB3	OS9	1
GNAS	SIAE	1
APLP2	CD40	1
ARFGEF2	CTSD	1
DYNC1H1	SIAE	1
IGF2	SNW1	1
CAT	HAUS4	1
SIAE	TPT1	1
APLP2	EEA1	1
NOX4	SMCO4	1
CCDC88B	FKBP2	1
EIF4G2	NUCB2	1
GGNBP2	ZDHHC16	1
RET	TRIM65	1
MYH13	RET	1
MPRIP	RET	1
FGFR2	WARS1	1
RET	UEVLD	1
PPFIBP2	RET	1
CC2D2B	ENTPD1	1
ARHGAP19	RRP12	1
PTEN	RUFY2	1
BBIP1	RET	1
AFAP1L2	RET	1
MRLN	RET	1
PRKG1	RET	1
ANKRD26	RET	1
TPM3	TPR	1
HIKESHI	TENM1	1
COL4A5	NXT2	1
HDAC8	PIN4	1
HDAC8	RPS4X	1
SHROOM2	WWC3	1
CNKSR2	SMS	1
EIF2S3	PRDX4	1
CDKL5	SUV39H1	1
HUWE1	SMC1A	1
PDHA1	SLC12A2	1
EIF2AK2	FLNA	1
CIRBP	ERAS	1
PDK3	TAF15	1
CCNB3	CHKA	1
CRAT	PTPA	1
POMT1	PRRC2B	1
EXD3	NOTCH1	1
DPP7	EXD3	1
PLPPR1	RNF20	1
FANCC	PTCH1	1
IPPK	ZNF484	1
CDC14B	PRXL2C	1
PIP5K1B	TJP2	1
C9ORF85	GDA	1
PCSK5	RIGI	1
BRD10	ERMP1	1
CD274	IGFBPL1	1
FOCAD	PSIP1	1
DENND4C	FOCAD	1
CAAP1	IFT74	1
PRSS3	RIGI	1
MLLT3	ZCCHC7	1
CLTA	RIN2	1
BOLA2	MUSK	1
AKAP13	MUSK	1
DCAF10	TEAD4	1
DEUP1	VAV2	1
LYN	SHB	1
COL14A1	SAMD12	1
EEF1D	OPLAH	1
BOP1	TONSL	1
SPAG1	VPS13B	1
GRHL2	POLR2K	1
DPY19L4	SDC2	1
CYRIB	PSKH2	1
ERI1	GATA4	1
AGPAT5	FDFT1	1
PEBP4	TRIM35	1
SORBS3	XPO7	1
PPP3CC	XPO7	1
ELP3	HMBOX1	1
HGSNAT	PINX1	1
ADAM9	LETM2	1
IFT52	KIF13B	1
EIF3H	URI1	1
EXTL3	MIDN	1
BLK	GATA6	1
ABR	ADGRB1	1
DDX21	RPL8	1
GATA4	SFTPD	1
KMT2E	RAPGEF1	1
ALDH1A1	DNAJC2	1
EGFR	RCL1	1
EGFR	INSL4	1
ADCK2	TBXAS1	1
COPG2	PODXL	1
MDFIC	PTPRZ1	1
DNAJC2	PTPRN2	1
NCAPG2	ORC5	1
KMT2E	PTPRZ1	1
DNAJC2	POLR2J	1
AP4M1	PILRB	1
HBP1	SLC26A5	1
HBP1	PRKAR2B	1
FMC1	SLC25A13	1
CDK14	PCLO	1
CDK6	SEMA3D	1
ANKIB1	PEX1	1
CRCP	RELN	1
HIP1	RCC1L	1
BUD23	GTF2I	1
CYTH3	TNRC18	1
CARD11	MAD1L1	1
GRID2IP	INTS15	1
MEOX2	PHF14	1
ARMC10	ZNRF2	1
NPSR1	SUGCT	1
MRPL32	SPMIP7	1
CCM2	OGDH	1
BAIAP2L1	TSHZ2	1
PAF1	YWHAG	1
EIF3B	SIPA1L3	1
KMT2E	MAPT	1
MYL4	TNRC18	1
ATF7IP	VIPR2	1
FBXW8	SRI	1
FRS2	PPP1R9A	1
ADAMTS14	BMT2	1
CDKN2A	SOBP	1
ILRUN	PINX1	1
COL22A1	PRIM2	1
MET	SOBP	1
AFG1L	MET	1
TULP4	WDR27	1
AKAP12	ZBTB2	1
TIAM2	TMEM242	1
FABP7	SMPDL3A	1
ARHGAP18	TMEM244	1
PPIL6	SESN1	1
CD24	QRSL1	1
BEND3	CD24	1
ATG5	SCML4	1
BACH2	MDN1	1
BCKDHB	COQ3	1
TRIM31	ZFP57	1
CDKAL1	E2F3	1
MDGA1	ZFAND3	1
RSPH9	TMEM63B	1
TFEB	TRERF1	1
PSORS1C1	TCF19	1
DAXX	TAP2	1
C6ORF226	POLR1C	1
GTPBP2	RSPH9	1
GTPBP2	POLH	1
FOXP4	GUCA1A	1
DDR1	TUBB	1
CUL7	RRP36	1
CDC5L	POLH	1
CDC5L	HSP90AB1	1
CCND3	EHMT2	1
GSTA1	USP49	1
PTCHD4	SRSF3	1
DEFB110	ILRUN	1
ABHD12	ERVFRD-1	1
FUCA2	UBA2	1
PPP1R13L	RAB44	1
AKT2	NFYA	1
EPS15L1	TFEB	1
DSG1	TNXB	1
CMTM4	TRIM40	1
FRK	PPP1R36	1
PACRG	UVRAG	1
H2AC6	RAB6A	1
PMPCA	SKP1	1
PMPCA	PPP2CA	1
PDZD2	ZFAND3	1
DBN1	GRK6	1
GPX3	TCOF1	1
PPARGC1B	TCOF1	1
IL17B	PPARGC1B	1
CSNK1A1	SCGB3A2	1
KIF3A	PDLIM4	1
CTNNA1	PKD2L2	1
ANKHD1	PAIP2	1
KIF3A	SNCAIP	1
PPP2CA	SLC12A2	1
APC	DTWD2	1
ARHGAP26	CAST	1
RPS23	SSBP2	1
ARSB	SCAMP1	1
BDP1	ZFYVE16	1
ARHGAP26	OCLN	1
KGD4	SLC30A5	1
ANKDD1B	POLK	1
OCLN	RAD17	1
IPO11	KIF2A	1
DEPDC1B	ERCC8	1
ANKRD33B	TRIP13	1
RETREG1	SLC6A19	1
OTULIN	OTULINL	1
CTNNA1	SCUBE1	1
CSNK1A1	MYO15B	1
CEP20	IRF1	1
CHRNA7	PRR16	1
DIP2B	PRELID1	1
MDM2	TMEM167A	1
CEP44	SPTAN1	1
HIPK2	MFSD8	1
TRAPPC11	WWC2	1
FBXW7	LRBA	1
JADE1	LARP1B	1
GASK1B	SEPTIN11	1
LIN54	PLAC8	1
POLN	ZFYVE28	1
NAT8L	NSD2	1
CFAP99	NSD2	1
KIAA0232	MRFAP1	1
FAM193A	ZFYVE28	1
FAM193A	HTT	1
RBPJ	ZCCHC4	1
CCDC149	DHX15	1
PDS5A	UGDH	1
KLHL5	UBE2K	1
C4ORF19	TBC1D1	1
EPB41L1	SLC4A4	1
IGH	LRBA	1
FAT1	STAT6	1
ERC1	GABRB1	1
FRYL	TAFA2	1
CLCN3	LIPF	1
DLG1	MUSK	1
DLG1	GCNT1	1
B4GALT1	RAF1	1
FKTN	ULK4	1
LEKR1	TRMT9B	1
DNAJC2	ZNF385D	1
HTR3C	VPS8	1
EHHADH	VPS8	1
EHHADH	RFC4	1
KLHL6	MCCC1	1
FAM131A	HTR3D	1
DGKG	ETV5	1
SKIL	TNIK	1
CLDN11	PRKCI	1
PLD1	SLC7A14	1
COMMD2	CP	1
IFT80	ILDR1	1
HLTF	TM4SF1	1
ASTE1	PIK3R4	1
LSAMP	PODXL2	1
ADGRG7	LNP1	1
SETD5	SRGAP3	1
IRAK2	VHL	1
ATG7	TBC1D5	1
GADL1	PDCD6IP	1
DLEC1	XYLB	1
EPHA3	LRRFIP2	1
ANO10	SCN5A	1
SFMBT1	TKT	1
SETD2	SMARCC1	1
PFKFB4	RHOA	1
GMPPB	RHOA	1
COL7A1	RHOA	1
RBM6	RNF123	1
PTPN23	RTP3	1
PCBP4	RPL29	1
PBRM1	WDR82	1
IP6K2	RHOA	1
EIF3K	UBP1	1
BABAM1	MYRIP	1
ARIH2	ZNF257	1
GPR160	MED24	1
LRRIQ4	MIEN1	1
GLYR1	VPS8	1
ANXA2	SLC51A	1
EIF2AK4	VPS8	1
SERP1	SPINT1	1
FANCD2	WDR93	1
ANKRD10	MECOM	1
CLIP1	TNIK	1
CLDN11	CPSF6	1
CLDN18	LYZ	1
MSL2	UBASH3B	1
MUC13	SIAE	1
CNTN6	SHANK2	1
CORO1B	DAG1	1
CTBP2	CTNNB1	1
AGAP1	NAA35	1
TLK1	XPO7	1
NOL10	SND1	1
CTNND2	EHBP1	1
DDX17	EIF2AK2	1
TTLL12	USP39	1
TLX2	TMEM50B	1
PKIG	PRR30	1
RAMP1	SCLY	1
GIGYF2	INPP5D	1
AGAP1	DIS3L2	1
DGKD	INPP5D	1
IHH	NHEJ1	1
PARD3B	PTH2R	1
SATB2	SF3B1	1
CLK1	ORC2	1
BMPR2	SPATS2L	1
ABI2	SPATS2L	1
SCRN3	SP3	1
METTL5	TLK1	1
ITGA6	RAPGEF4	1
HAT1	ITGA6	1
TANC1	WDR75	1
BAZ2B	STK39	1
LY75	LYPD6	1
MBD5	MGAT5	1
ARL5A	IL1B	1
IL1RN	TMEM87B	1
CYS1	HPCAL1	1
EIPR1	SH3YL1	1
LAPTM4A	PUM2	1
FMNL2	LCLAT1	1
DTNB	ITSN2	1
MEMO1	SPAST	1
CDKL4	MAP4K3	1
LTBP1	YIPF4	1
IQCA1	PPM1B	1
CCT4	USP34	1
ANTXR1	ZNF638	1
ANXA4	TET3	1
BOK	MEOX1	1
ARMC7	PNKD	1
FMNL2	KRT32	1
SLC38A10	TMEM131	1
EIF2B2	PPP1R1C	1
EIF2AK2	TPT1	1
SPTBN1	VPS37B	1
CHUK	RHOQ	1
SREBF2	XRCC6	1
PPARA	TRMU	1
MRTFA	TOB2	1
CYP2D6	TCF20	1
PACSIN2	TTLL12	1
ARFGAP3	CYB5R3	1
CSNK1E	FAM227A	1
CRKL	HPS4	1
DGCR2	SLC25A1	1
SETD4	TMPRSS2	1
MX1	TMPRSS2	1
ITSN1	MRAP	1
ABCG1	EVA1C	1
DYRK1A	PKNOX1	1
CFAP298	URB1	1
BACE2	MX1	1
RBM38	VAPB	1
PABPC1L	STAU1	1
PCIF1	ZSWIM1	1
NTSR1	OSBPL2	1
HNF4A	TTPAL	1
ADNP	SLPI	1
HCK	IFT52	1
PTPRT	SRC	1
VSTM2L	ZHX3	1
HCK	SAMHD1	1
CHMP4B	RALY	1
KIF3B	POFUT1	1
EPB41L1	NDRG3	1
DYNLRB1	RALY	1
COMMD7	MMP24	1
CHMP4B	EDEM2	1
PCSK2	RRBP1	1
BANF2	DSTN	1
CDS2	CRLS1	1
RRBP1	SNX5	1
OVOL2	RRBP1	1
KIZ	PYGB	1
ASH1L	SLC28A3	1
ENG	NOL9	1
AGTRAP	BRAF	1
KMT2E	ZBTB8A	1
CRB1	EHMT2	1
AHCYL1	TULP4	1
RAP1A	TAF9	1
AK6	RAP1A	1
ATP2B4	CCNI	1
PCGF3	SH3D21	1
DAB1	FAM114A1	1
FLNB	GON4L	1
EFHD2	FAM3D	1
AGO3	USP4	1
EDEM2	PEX14	1
MAP4K4	SYF2	1
PFKFB2	TMEM259	1
PLEKHG5	SAMD4B	1
ARHGEF10L	PAK4	1
ARID3A	TEX38	1
GPATCH3	SPNS2	1
FYB2	USP43	1
SSR2	SUPT16H	1
LTA4H	SLC25A24	1
ENO1	SIAE	1
FAM53B	NUAK2	1
DDX21	ELF3	1
DDX21	RER1	1
HEATR1	NID1	1
CACHD1	TARBP1	1
AHCTF1	ATP2B4	1
CNTN2	NUCKS1	1
CD46	MAPKAPK2	1
EGLN1	ODR4	1
LAMC2	SMG7	1
CENPL	RC3H1	1
FAM20B	RALGPS2	1
COP1	LRRC52	1
ATP1B1	NTRK1	1
KLHDC9	SDHC	1
NOS1AP	PBX1	1
F11R	NECTIN4	1
PSMD4	S100A10	1
PI4KB	POGZ	1
NUDT17	POLR3C	1
MTOR	ZBTB17	1
INTS11	UBE2J2	1
CFAP74	UBE2J2	1
PRDM2	SZRD1	1
SYF2	USP48	1
ACOT7	RPL22	1
RERE	UTS2	1
ATAD3C	PRKCZ	1
EXOSC10	MTHFR	1
IFNLR1	LUZP1	1
EPHB2	KDM1A	1
HP1BP3	PINK1	1
CNR2	HNRNPR	1
CFAP74	GNB1	1
CLIC4	NCMAP	1
CASZ1	SPSB1	1
CASZ1	MASP2	1
C1ORF127	CASZ1	1
ARID1A	UBE2U	1
CSMD2	DNAH14	1
KHDRBS1	XPR1	1
HMGN2	SMPDL3B	1
FAM76A	GPR3	1
MECR	SRSF4	1
KHDRBS1	LCK	1
EIF3I	HDAC1	1
AGO3	SH3D21	1
NFYC	ST3GAL3	1
GPBP1L1	IPP	1
MASP2	MRPL37	1
EYA3	TMEM61	1
IFT25	SSBP3	1
ROR1	UBE2U	1
CCDC18	DR1	1
CDC7	LRRC8C	1
ALG14	ARHGAP29	1
HIPK1	LRRC42	1
HS2ST1	STRIP1	1
SORT1	TAF13	1
AHCYL1	STRIP1	1
DRAM2	TTF2	1
BCL2L15	DENND2C	1
CSDE1	ST7L	1
AHCYL1	GSTM5	1
DOP1B	NFIC	1
CDK5RAP1	EPS15L1	1
C19ORF18	ZNF416	1
STRN4	UBE2S	1
SPINT2	ZNF607	1
RINL	SIPA1L3	1
CEACAM3	RPS19	1
RHPN2	ZNF677	1
PPP6R1	PTPRH	1
PPP1R12C	PTPRH	1
MYH14	NR1H2	1
FBXO46	LGALS4	1
FAM83E	HSD17B14	1
CBLC	CLPTM1	1
CLASRP	PVR	1
B9D2	HNRNPL	1
ADGRL1	ZNF507	1
RHPN2	TSHZ3	1
SAFB2	SCAF1	1
NDUFB7	PEPD	1
MED26	ZSCAN18	1
CALR3	ZSCAN18	1
AKAP8	RPL28	1
EPS15L1	ZNF799	1
SLC1A6	ZNF433	1
COMP	ZBTB7A	1
KEAP1	TYK2	1
TECR	TGFBR3L	1
GIPC1	TECR	1
C19ORF25	TCF3	1
BSG	STK11	1
DOHH	SH3GL1	1
GAMT	SBNO2	1
MLLT1	RAB3D	1
PALM	POLRMT	1
ARHGAP45	MIDN	1
DAPK3	MAP2K2	1
DUS3L	LONP1	1
KLHL26	PGPEP1	1
ISYNA1	SUGP2	1
ILF3	PDE4A	1
C19ORF38	ILF3	1
GATAD2A	NCAN	1
AKAP8	EPS15L1	1
ELL	LRRC25	1
DNMT1	ZNF563	1
DAND5	DNM2	1
ATG4D	DNM2	1
CRTC1	SSBP4	1
CRB3	SAFB	1
BRD4	MFSD12	1
ARMC6	UBA52	1
AP1M2	FBXL12	1
AP1M2	CACNA1A	1
ADGRE5	EPS15L1	1
DAZAP1	DYM	1
PARD6G	SLC66A2	1
NEDD4L	ONECUT2	1
ELAC1	MRO	1
DSG4	GAREM1	1
ELP2	RPRD1A	1
NPC1	TTC39C	1
TAF4B	TMEM241	1
LAMA3	ROCK1	1
ANKRD29	MIB1	1
LAMA3	MIB1	1
MIB1	SMCHD1	1
ANKRD12	DLGAP1	1
ACOX1	CBFA2T2	1
PRR11	PTPN1	1
CHD6	DHX58	1
RALY	TBKBP1	1
PTK6	SGSM2	1
CA10	PTOV1	1
ABCC3	DHDH	1
P3H4	URI1	1
GATAD2A	RETREG3	1
GPX4	SPNS3	1
TMEM104	TMEM94	1
RBFOX3	TIMP2	1
MGAT5B	SEC14L1	1
SAP30BP	SMIM6	1
METTL23	SAP30BP	1
BAIAP2	HGS	1
ACOX1	EXOC7	1
CEP112	PRKCA	1
PRR11	SKA2	1
DDX5	SKAP1	1
PSMD3	WIPF2	1
ORMDL3	WIPF2	1
PYY	UBTF	1
GSDMA	RAPGEFL1	1
CASC3	PSMD3	1
CBX1	PRR15L	1
NAGS	PYY	1
CSF3	MED24	1
IKZF3	KRT19	1
HAP1	WIPF2	1
CDC6	HAP1	1
GSDMB	NT5C3B	1
FKBP10	KRT40	1
DHX58	RETREG3	1
CCR7	CDC6	1
CASC3	WIPF2	1
ACLY	CASC3	1
ARHGAP27	KANSL1	1
CASC3	CDK12	1
LYRM9	RARA	1
GRB7	PECAM1	1
ACLY	STARD3	1
MED24	TBC1D3K	1
MED24	STAC2	1
GRB7	KRT27	1
GRB7	IKZF3	1
ERBB2	FKBP10	1
DDX52	IKZF3	1
CACNB1	KRT222	1
MIEN1	STARD3	1
MIEN1	PPP1R1B	1
CWC25	PIP4K2B	1
PGAP3	PPP1R1B	1
AATF	PGAP3	1
ACACA	SYNRG	1
PIGS	PPP1R27	1
NF1	TEX14	1
MSI2	RNF135	1
NF1	PLCD3	1
HAP1	LYRM9	1
ERBB2	ZNF207	1
ERBB2	NOS2	1
ERBB2	WSB1	1
CPD	EPOP	1
ACACA	LGALS9	1
PROCA1	TAOK1	1
PIPOX	SSH2	1
KSR1	NLK	1
CLDN7	UTS2R	1
NLRP1	ZZEF1	1
SLC35G6	TP53	1
FXR2	TMEM107	1
SERPINF1	SMYD4	1
RABEP1	ZMYND15	1
MINK1	SPNS3	1
MINK1	SPNS2	1
ATP2A3	ZZEF1	1
ABR	ASPA	1
NXN	TOM1L2	1
ABCC1	DLGAP1	1
FBRS	OSBPL1A	1
CDH13	USP10	1
SLC7A6	TANGO6	1
PDP2	PHAF1	1
FCSK	PDPR	1
CMTM3	CMTM4	1
CCDC102A	PSME3IP1	1
OGFOD1	RSPRY1	1
TBL3	TSC2	1
JPT2	TMEM204	1
ADCY9	PPL	1
CLDN9	NAA60	1
HAGH	ZNF598	1
CREBBP	GLYR1	1
ATF7IP2	CLEC16A	1
CHTF18	RHOT2	1
AXIN1	MRPL28	1
ARHGDIG	AXIN1	1
ANKS3	GLYR1	1
GGA2	USP31	1
EEF2K	SDR42E2	1
SPN	XYLT1	1
QPRT	XYLT1	1
FUS	TMEM114	1
IL17RA	SMAD3	1
CTNNBL1	ETFA	1
UBALD2	ZNF710	1
MYO1D	USP3	1
ABHD2	IQGAP1	1
ABHD2	BLM	1
LRRC28	NTRK3	1
IREB2	WDR93	1
EFL1	IGF1R	1
CYP1A1	EDC3	1
CALML4	CLN6	1
ADAM10	THSD4	1
GPR176	MYO1E	1
RGMA	TCF12	1
EFL1	GLDN	1
SORD	TRIM69	1
EPB42	SLTM	1
FMN1	PATL2	1
SLC7A7	TMEM114	1
DYNC1H1	WDR20	1
SIVA1	TRAF3	1
AMN	RCOR1	1
CLMN	DICER1	1
SNW1	SPTLC2	1
PLEKHH1	ZFYVE26	1
PLEKHH1	RAD51B	1
JDP2	ZC2HC1C	1
JDP2	YLPM1	1
EXD2	RAD51B	1
BAZ1A	SNX6	1
COL4A1	TGM2	1
DDX27	TPT1	1
MYO16	RAB20	1
KLF12	LMO7	1
DIS3	KLF12	1
IL17D	TM9SF2	1
ELF1	MTIF3	1
XPO4	ZDHHC20	1
LNX2	USP12	1
POLR1D	RPL21	1
RANGAP1	TMEM116	1
HECTD4	RANGAP1	1
PRPF6	STAT6	1
MADCAM1	SINHCAF	1
DGKA	DSG1	1
PCBP2	STAT3	1
GP2	LYZ	1
CYB5B	SSPN	1
CCDC63	IQGAP1	1
ABHD17C	BHLHE41	1
ACTN1	RNF41	1
ACVR1B	SUPT16H	1
B3GLCT	MRPS35	1
KNTC1	SPPL3	1
DTX1	SDSL	1
COQ5	PXN	1
GLTP	KCTD10	1
HIP1R	MTRFR	1
CDK2AP1	RILPL1	1
BCL7A	MSI1	1
RFX4	SRSF9	1
ACSS3	EIF2B1	1
HCAR1	WASHC4	1
RFX4	WASHC4	1
CDK17	CFAP54	1
MPHOSPH9	PTPRR	1
FRS2	PTPRB	1
CS	TMPO	1
SENP1	SPATS2	1
LIMA1	RACGAP1	1
FAIM2	RACGAP1	1
NEMP1	OR6C4	1
NACA	R3HDM2	1
MYL6	STAT6	1
HOXC12	HOXC6	1
HOXC12	HOXC4	1
COL2A1	HDAC7	1
ERBB3	IKZF4	1
CBX5	SMUG1	1
YAF2	ZCRB1	1
DCP1B	FOXM1	1
CACNA1C	CLEC2A	1
C12ORF60	NFE2	1
A2M	EPS8	1
C2CD5	SOX5	1
AEBP2	PLEKHA5	1
ETNK1	ITPR2	1
ADIPOR2	PPFIBP1	1
CACNA1C	FGD4	1
SINHCAF	TM7SF3	1
INTS13	MRPS35	1
FRMD8	PIM3	1
EEF2	FAR1	1
LAMA3	NDUFS8	1
CHID1	ETV4	1
DGKZ	RPTOR	1
ERBB2	MDK	1
ALG8	SNX29	1
MYEOV	PIEZO1	1
DENND4A	HBD	1
SSRP1	XPO4	1
CD82	TEAD4	1
FOXRED1	TIRAP	1
TMEM25	TMPRSS4	1
ARHGEF12	POU2F3	1
SIDT2	ZC3H12C	1
CCDC82	MTMR2	1
DDIAS	PCF11	1
SERPINH1	ZBTB44	1
NEU3	RSF1	1
COX8A	RTN3	1
MARK2	PPP6R3	1
POLA2	VPS51	1
CLPB	NUMA1	1
KMT5B	RTN3	1
C2CD3	XRRA1	1
ARAP1	FCHSD2	1
LRP5	SLC22A6	1
CHRM1	LRP5	1
FRMD8	MUC6	1
DEAF1	PIDD1	1
AP2A2	TALDO1	1
EHBP1L1	MTCH2	1
ATG13	CREB3L1	1
CELF1	KBTBD4	1
ATG13	CSTPP1	1
DDX21	TFF1	1
HNF4A	SH3PXD2A	1
EEF2	LIPF	1
AGBL1	GBF1	1
STAT6	VIM	1
FGFR2	TRIM44	1
CD44	FGFR2	1
PLPP4	TACC2	1
ADGRA1	MTG1	1
FAM53B	NKX1-2	1
EIF3A	SFXN4	1
TACC2	ZNF365	1
TCF7L2	ZDHHC6	1
GBF1	MFSD13A	1
ARMH3	FBXW4	1
ABCC2	PANK1	1
NOC3L	PLCE1	1
CCSER2	RGR	1
ASCC1	CDH23	1
ADD3	SIRT1	1
HERC4	PBLD	1
CCDC6	HERC4	1
OPALIN	RET	1
RET	TIMM23B	1
KCNMA1	TAF3	1
ITIH5	USP6NL	1
CDC123	RAB18	1
PARG	RSU1	1
CCDC7	FGFR2	1
ARHGAP12	KIF5B	1
CFAP44	TGFBR2	1
ACBD5	ZEB1	1
NR4A3	OXR1	1
MCMDC2	NFIB	1
EYA1	NFIB	1
C8ORF34	NFIB	1
EPB41L4B	KIF13B	1
FRMD6	PLAG1	1
PPP2R2A	PRKD1	1
EPB41L2	NFIB	1
MAP7	NFIB	1
PEX7	RAD51B	1
PTPRK	RAD51B	1
CDK2AP1	RUNX2	1
FRK	GAB1	1
MYB	SMR3B	1
POC5	RAF1	1
ALK	HNRNPH3	1
GOLT1A	KISS1	1
ARID1A	DFFA	1
MAST2	SZT2	1
SS18	ZBTB7A	1
PRKD1	YLPM1	1
ACTN1	PRKD1	1
CDADC1	EWSR1	1
EWSR1	LARP4	1
RET	VIM	1
LAMP2	NKAP	1
ALG13	SMARCA1	1
IL1RAPL2	SLC25A53	1
NCBP2L	PRPS1	1
CITED1	HDAC8	1
CLTRN	HNRNPH2	1
CTPS2	TMSB15A	1
GPM6B	TRAPPC2	1
DDX53	RPS6KA3	1
ADGRG2	PHKA2	1
MBTPS2	YY2	1
CCDC120	ERAS	1
OGT	SLC44A4	1
CASK	ERMARD	1
ATP6AP1	CCT5	1
PPARGC1A	SMS	1
ACP3	OGT	1
MED12	RPL14	1
CSE1L	FGF13	1
ACTG2	FLNA	1
COL6A3	DDX3X	1
AR	RPL18	1
MAGED2	SCAMP4	1
DYM	FGF13	1
TENM1	TMEM170A	1
MAPKAPK5	USP9X	1
MYL6	WDR13	1
GUCY2F	MMP26	1
CTTN	SAT1	1
ATP6AP2	EIF3M	1
AP3M1	TSC22D3	1
PANK1	PDK3	1
CAPN2	SMARCA1	1
AR	MCL1	1
PTPRF	RPS6KA3	1
LPPR1	MRPL50	1
LPPR1	SLC35D2	1
MRPL50	SLC35D2	1
PRRC2B	SPACA9	1
COQ4	ODF2	1
EHMT1	GRIN1	1
MVB12B	PBX3	1
DENND1A	PBX3	1
KIAA1958	SNX30	1
DAB2IP	STX17	1
GNG10	UGCG	1
C5	SEMA4D	1
RGS3	SEMA4D	1
NANS	WNK2	1
GOLM1	NAA35	1
RLN1	RLN2	1
INSL6	JAK2	1
GTSE1	SH3GLB2	1
MAPK12	MORN5	1
KLF4	TMPRSS2	1
MLLT3	TMPRSS2	1
AOPEP	MACROD2	1
CNN1	NIBAN2	1
ASTN2	TNFAIP8L1	1
ASTN2	CC2D1A	1
GADD45GIP1	TMEM268	1
ANXA1	NFIX	1
DMWD	KDM4C	1
OAZ1	RPS6	1
COLEC12	ORM1	1
CRAT	SEPTIN9	1
ABL1	SLC38A10	1
ARHGAP27	TOR1B	1
HNRNPK	SLC16A11	1
COG4	TOR1A	1
NIBAN2	SMCO4	1
CD81	SURF4	1
ANXA1	MSMB	1
FER1L6	MAL2	1
EIF3E	PHF20L1	1
GRHL2	RSPO2	1
ERICH5	VPS13B	1
RNF19A	RRM2B	1
ANKRD46	GRHL2	1
FZD6	SDC2	1
JPH1	TRAPPC9	1
C8ORF89	STAU2	1
MMP16	ZFHX4	1
MTFR1	STAU2	1
MTFR1	PEX2	1
LACTB2	XKR9	1
CHD7	ZC2HC1A	1
ASPH	RP1	1
SPIDR	TG	1
CHCHD7	SNTG1	1
RB1CC1	ST18	1
ESCO2	MSRA	1
AGO2	DOCK5	1
NEFL	PSD3	1
ELP3	FZD3	1
NDRG1	NRG1	1
NRG1	UNC5D	1
GSR	RBPMS	1
ELP3	ZMAT4	1
EIF4EBP1	UNC5D	1
ASH2L	LSM1	1
SF3A1	VPS28	1
CERK	NSMAF	1
GRHL2	TMPRSS2	1
INTS8	TMPRSS15	1
CALB1	TMPRSS2	1
RRBP1	VDAC3	1
SCX	ZNF627	1
KLK2	PLAT	1
BCAM	PLAT	1
INTS8	LDLRAD4	1
NDRG1	RABEP1	1
ENY2	NSF	1
PIERCE2	TPD52	1
SH2D4A	VPS13C	1
KHDRBS3	MIA2	1
AHSA1	TMEM67	1
FAM177A1	RNF19A	1
DCAF5	PTK2B	1
GTF2E2	HEATR4	1
HNRNPC	WRN	1
RASL11A	VPS13B	1
ARF3	PDRG1	1
ARF3	RUNX1T1	1
PDRG1	RUNX1T1	1
RPL8	SCARB1	1
PTDSS1	SPRYD3	1
KIF13B	PPM1H	1
ARHGEF17	MYC	1
GRINA	MUC6	1
EIF4G2	RSPO2	1
FDFT1	SMCO4	1
APLP2	PLAT	1
JMJD1C	YWHAZ	1
ASAH1	DDX21	1
ARID5B	KAT6A	1
CLDN4	NIBAN2	1
GSN	TRA2A	1
CLDN4	PPP1R16A	1
GPR141	PPP3CC	1
GIMAP2	PAXIP1	1
ABCB8	IQCA1L	1
BRAF	NUB1	1
ARHGEF5	HIPK2	1
BRAF	UBN2	1
AGK	KDM7A	1
BRAF	STMP1	1
NRF1	PDIA4	1
LEP	SND1	1
AHCYL2	SND1	1
CAV2	FOXP2	1
AGFG2	GJC3	1
PON1	SSBP1	1
AGK	GSAP	1
RABGEF1	VKORC1L1	1
BAZ1B	TYW1B	1
DTX2	POR	1
INTS1	SUN1	1
C7ORF50	MMD2	1
DGKB	ETV1	1
OSBPL3	PLEKHA8	1
BBS9	ZNRF2	1
GLI3	VSTM2A	1
BLVRA	SUGCT	1
NUDCD3	TNS3	1
GRB10	ZPBP	1
DDX17	ETV1	1
CDC45	H2AZ2	1
TBXAS1	TMPRSS2	1
ERG	SRPK2	1
CLDN4	PTTG1IP	1
H2AZ2	UBASH3A	1
CALD1	RPS5	1
LGALS4	POLR2J3	1
KCTD7	KLK3	1
KLK2	TOMM7	1
MALT1	SLC26A4	1
EPHA1	NF1	1
GABARAP	NUP205	1
CYP3A5	MYH3	1
PEX1	RAB34	1
CLDN4	GPRC5C	1
CANT1	HNRNPA2B1	1
NCOR1	PKD1L1	1
ABCB5	FCSK	1
DAD1	POLR2J2	1
DGKB	MIPOL1	1
SKAP2	TTC6	1
COPG2	PCCA	1
ANKRD7	USPL1	1
CBX5	PDIA4	1
LRRC61	TFCP2	1
COG5	TBC1D30	1
CAMKK2	PRKRIP1	1
DRAM1	KMT2E	1
CAMKK2	HSPB1	1
MYBPC1	NPY	1
NNMT	SLC26A4	1
CRACR2B	PRKRIP1	1
ETV1	OR51E2	1
BZW2	RRM1	1
KMT2C	LIPJ	1
LHPP	TMEM178B	1
DDX21	NPY	1
AFDN	SYK	1
EZR	ZNF596	1
MSRA	UTRN	1
NKX3-1	SEC63	1
ABCF1	RPL8	1
MAP7	POLR2J	1
CCND3	EXOC4	1
AFDN	PHF10	1
ATG5	QKI	1
AFDN	IGF2R	1
PCMT1	TAB2	1
EZR	SNX9	1
ARID1B	RAET1G	1
PLAGL1	UTRN	1
CITED2	MAP7	1
ABRACL	PERP	1
ECHDC1	PTPRK	1
LAMA4	REV3L	1
ASCC3	SYNE1	1
SMIM8	TAB2	1
CYB5R4	UBE3D	1
HMGCLL1	SH3BGRL2	1
ADGRB3	EYS	1
SLC22A23	UTRN	1
PHACTR1	SIRT5	1
NRSN1	SLC22A23	1
CCHCR1	SRPK1	1
PTK7	VEGFA	1
DDX39B	PPP1R18	1
PKHD1	SSR1	1
MB	TRDN	1
COX7A2	USP18	1
ERG	FKBP5	1
FKBP5	TMPRSS2	1
ERG	GMPR	1
ERG	RPS18	1
ARFGEF3	ARHGAP45	1
BRD2	CALR	1
AMD1	EPG5	1
MYO6	P4HB	1
BCAS3	GMDS	1
BRD2	RPL23	1
ANKRD11	PSMB1	1
AXIN1	PDCD2	1
HPR	RPS10	1
HPR	MRPS10	1
MAP3K5	TCF12	1
SMIM13	TM6SF1	1
BMP6	NTRK3	1
ATXN1	GLDN	1
ARNT2	ZFAND3	1
NT5DC1	RDH11	1
EPHA7	PIGH	1
COL12A1	TDRD3	1
CRYL1	ELOVL5	1
DERA	NT5DC1	1
CD9	CDKN1A	1
ARID1B	TRIM68	1
PGM3	TMEM216	1
FADS2	HLA-C	1
CYP2C19	PDE6C	1
CYP2C19	SNX9	1
PDE6C	SNX9	1
AKR1C1	PHF3	1
CDYL	OAT	1
DDX21	HLA-C	1
MAPK8	NUDT3	1
RACK1	RPS6	1
EGR1	PLAT	1
NCALD	PRRC1	1
IKBKB	TNPO1	1
INTS10	PDE4D	1
CCT5	TPD52	1
ERGIC1	NCAPG2	1
ACTB	RACK1	1
FIS1	NSA2	1
AMACR	SDK1	1
DAP	RGL2	1
MAT2B	SFXN1	1
SPOCK1	TBC1D9B	1
CTNNA1	GLRA1	1
DND1	WDR55	1
CDC23	SPOCK1	1
PDLIM4	RAD50	1
KDM3B	MATR3	1
CCDC192	ISOC1	1
AP3S1	ARL14EPL	1
APC	MCC	1
LNPEP	PPIP5K2	1
CHD1	LIX1	1
DMGDH	JMY	1
CDH12	RASA1	1
PDE4D	RAB24	1
C5ORF47	PDE4D	1
ARB2A	PDE4D	1
ELOVL7	PDE4D	1
DIAPH1	PLPP1	1
PLPP1	SMN1	1
MTREX	SV2C	1
F2R	MTREX	1
CDC20B	PLPP1	1
CCNO	MTREX	1
BASP1	NDUFS4	1
AMACR	NDUFAF2	1
RAI14	WDR70	1
AMACR	AMACR	1
HCN1	PLPP1	1
CCT5	XBP1	1
CDHR2	ERG	1
DIAPH1	TMPRSS2	1
AMACR	TMPRSS2	1
ACSL6	CDS2	1
CDH12	FAM217B	1
RPL18	SQSTM1	1
CCT5	KLK2	1
CCT5	CNN1	1
CYB561	SQSTM1	1
ACACA	CSNK1A1	1
SLC22A4	ZBTB4	1
ACACA	SGTB	1
CCT5	P4HB	1
ACTG1	CCT5	1
C7	P4HB	1
ARL15	ZFHX3	1
ARNT2	NDST1	1
CSNK1G3	GABPB1	1
BDP1	LINS1	1
NDUFAF2	UBC	1
DOCK2	PCF11	1
NRAP	SLC35A4	1
MALRD1	PRR16	1
ATAD1	TRIO	1
ARHGAP10	FBXW2	1
LRBA	PCSK5	1
CLCN3	NDRG1	1
MYC	PDLIM5	1
FAM193A	PLPP5	1
CLDN12	SPCS3	1
RHEB	SLC39A8	1
FMC1	LETM1	1
MGST2	SESN1	1
MAK	PPP3CA	1
BRD2	PPP3CA	1
C6ORF62	SEC31A	1
ERAP2	NFXL1	1
ENPP6	PDLIM3	1
RBM46	TRAPPC11	1
GALNT7	TTC29	1
GALNTL6	KLHL2	1
SH3RF1	TLL1	1
CBR4	NEK1	1
CPE	KLHL2	1
ABCE1	ZNF827	1
ARFIP1	TMEM131L	1
HHIP	NAA15	1
MAML3	SCOC	1
FBXW7	SETD7	1
FHIP1A	NFKB1	1
LRBA	NFKB1	1
LARP7	TET2	1
ARHGEF38	COL25A1	1
H2AZ1	RAP1GDS1	1
HNRNPD	WDFY3	1
ANTXR2	SCD5	1
ANTXR2	PAQR3	1
CCNG2	SLC4A4	1
TMPRSS11F	YTHDC1	1
AMBN	MOB1B	1
ARL9	EXOC1	1
RGS12	RNF4	1
DOK7	NSD2	1
ANAPC4	RBPJ	1
SLC25A31	UGDH	1
LEF1	RBM47	1
FAM114A1	KCNIP4	1
HOPX	LIMCH1	1
SPCS3	TIMP3	1
PPP3CA	TMPRSS2	1
STOX2	UBXN6	1
KLK4	ZNF827	1
EEF2	ZNF827	1
KLK3	TET2	1
SLC4A4	ZNF844	1
EEF2	SPON2	1
CAPNS1	CCDC149	1
DCLK2	NEDD4L	1
RBM47	ROCK1	1
ACTG1	ZNF827	1
CANT1	PPP3CA	1
MYH11	ZNF827	1
ANTXR2	CHMP1A	1
CLRN2	SLC30A4	1
LRBA	SAMD4A	1
AIMP1	FOXA1	1
KIT	RCOR1	1
PPP3CA	RASSF3	1
CD9	PPP3CA	1
DDX10	OTUD4	1
NNMT	SHROOM3	1
FOSL1	WDFY3	1
FAM193A	TBC1D10C	1
EIF4G1	TLN1	1
GNAQ	VEPH1	1
LAMC3	NPHP3	1
HAUS6	MORC1	1
ACP3	MYC	1
ESRP1	RAF1	1
ARHGEF3	NDUFAF6	1
ARHGEF3	FDFT1	1
SPMIP7	TBL1XR1	1
ACP3	NPY	1
DNAAF5	PLCXD2	1
ACTR3B	FOXP1	1
ETV1	FOXP1	1
FOXP1	NPY	1
HSPA1B	MYLK	1
ANKS1A	CCDC80	1
LTF	SEC63	1
CFAP20DC	NUP153	1
CADM2	MYO6	1
DUSP1	MFN1	1
CAST	PLCH1	1
CPNE4	SSBP2	1
PCCB	PDE4D	1
ACAD11	TRAPPC13	1
CD47	ZFR	1
C7	LTF	1
LSG1	MAML3	1
PDLIM3	SLC9A9	1
ACP3	ARFIP1	1
CLCN3	RAB7A	1
BBS7	PLA1A	1
CMSS1	ENPP6	1
FNIP2	UQCRC1	1
OPA1	PIGX	1
LRCH3	YEATS2	1
EIF4A2	ETV5	1
NAALADL2	NDUFB5	1
CCDC39	NAALADL2	1
GOLIM4	ZBBX	1
NAALADL2	RSRC1	1
ABCC5	CPNE4	1
ACP3	SKIL	1
ACP3	RASA2	1
CEP70	PIK3CB	1
CPNE4	MRPL3	1
ACAD11	CPNE4	1
ARMC8	MRAS	1
ACP3	PIK3CB	1
PARP9	U2SURP	1
KLF15	SLC41A3	1
CSTA	FAM162A	1
ALCAM	NRROS	1
GK5	GOLGB1	1
TIGIT	ZBTB20	1
LSAMP	ZBTB20	1
CD47	NAA50	1
COX17	GSK3B	1
CD80	GSK3B	1
CBLB	IL17RE	1
TBC1D23	TMEM45A	1
ABI3BP	SENP7	1
CAND2	EAF1	1
CMTM8	ZNF385D	1
CNOT10	GPD1L	1
ACAA1	GOLGA4	1
LARS2	SEC22A	1
CYB561D2	RBM5	1
CACNA1D	PRKAR2A	1
MAP4	MON1A	1
CCDC12	MAP4	1
DCP1A	HYAL3	1
ELP6	ERC2	1
ASB14	TASOR	1
CADPS	PTPRG	1
MAGI1	SUCLG2	1
LRIG1	SUCLG2	1
FOXP1	VGLL4	1
FHIT	RYBP	1
ARL6IP5	MITF	1
FOXP1	PDZRN3	1
RBMS3	VGLL3	1
ACP3	DDT	1
ACP3	BCR	1
KPNA1	SMC1B	1
P4HTM	PLXNB2	1
DGKG	TMPRSS2	1
SKIL	TMPRSS2	1
COL6A2	FOXP1	1
ARHGEF26	CAPNS1	1
ACP3	AXL	1
EEF2	TGM4	1
ACP3	NEDD4L	1
GRM7	MBD2	1
PIGZ	PRPSAP2	1
CUEDC1	ROPN1B	1
AATK	FOXP1	1
ALDOA	RPN1	1
HMOX2	ITGA9	1
ACP3	PKM	1
CACNA2D3	EFL1	1
ACP3	RDH11	1
CEP128	MOBP	1
ABHD14A	SERPINA1	1
MFN1	TPT1	1
MIPEP	SKIL	1
RARB	RB1	1
OLFM4	TOP2B	1
EIF4G1	PTMS	1
ACP3	STAT6	1
GAP43	MAPKAPK5	1
ATP5MC2	RPL32	1
ACP3	RPLP2	1
IL17RE	SLC3A2	1
NEK4	SORL1	1
GLT8D1	SORL1	1
FOXP1	NUMA1	1
LIPJ	LPP	1
AKR1E2	TBL1XR1	1
ACVR2A	KANK1	1
KDM4C	NCK2	1
LPIN1	NTNG2	1
ANXA1	RHOB	1
ATRAID	GPR107	1
DTNB	SPTLC1	1
ABL1	ANXA4	1
EXOC6B	RALGPS1	1
ANXA4	DENND1A	1
EFR3A	RHBDD1	1
PARD3B	TACC1	1
LCLAT1	PIP4P2	1
ANXA4	TMEM67	1
ACSL3	ETV1	1
RPL37A	ZNF789	1
ALS2	YAE1	1
SRPK2	TMEFF2	1
AMD1	MBOAT2	1
FKBP5	VPS54	1
ADAMTS2	AGAP1	1
MLPH	PLPP1	1
DELE1	NMI	1
ANKRD37	MTERF4	1
HDLBP	SPON2	1
MYOZ2	PNKD	1
FBXO8	SGO2	1
TMEFF2	TMPRSS11B	1
HS1BP3	SPON2	1
ACTR2	SORBS2	1
CLASP2	HDLBP	1
EIF4G1	PTH2R	1
ARHGEF26	LANCL1	1
GRM7	MBD5	1
ABCF3	PLEKHB2	1
NAALADL2	SNRNP200	1
CFAP20DC	LPIN1	1
LAPTM4A	NMD3	1
CDC42EP3	GXYLT2	1
KCNS3	PPM1G	1
KCNS3	ZNF638	1
PPM1G	ZNF638	1
ANO7	PKNOX1	1
ABCG1	MRPL44	1
AFF3	TMPRSS2	1
ASXL2	MORC3	1
EML4	TMPRSS2	1
DDX27	HDLBP	1
FN1	GNAS	1
TRPM8	UGT1A6	1
BOK	THAP4	1
PER2	SEPTIN2	1
AGFG1	TET3	1
MTERF4	SPAG16	1
BMPR2	MARCHF4	1
MAP2	PARD3B	1
BZW1	WDR12	1
GULP1	TFPI	1
KANSL1L	RAPGEF4	1
TMEFF2	UBE2E3	1
MTX2	PLEKHA3	1
ITGA6	MYO3B	1
PPIG	SCN9A	1
CERS6	RNF25	1
MBD5	SUMO1	1
KIF5C	TTN	1
ARHGAP15	RAB3GAP1	1
DARS1	MGAT5	1
SLC35F5	WIPF1	1
ACTR3	ZRANB3	1
C2ORF76	MARCO	1
ARHGAP15	TMEM182	1
HJURP	INPP4A	1
IGFBP2	SEMA4C	1
CNNM4	PARD3B	1
MRPS5	NEB	1
AFF3	IL1B	1
GREB1	PDE1A	1
ADI1	MBOAT2	1
HDLBP	TTC32	1
CAB39	PLB1	1
ASXL2	IDH1	1
ASXL2	WDCP	1
ASXL2	POMC	1
BIRC6	PLEKHB2	1
DHX57	TTC27	1
CEBPZ	PRKD3	1
CRIM1	VIT	1
BIRC6	EML6	1
MAP4K3	THADA	1
MSH2	PRKCE	1
ABCA12	PAPOLG	1
CAPN13	USP34	1
PPP3R1	WDPCP	1
CCT7	WDPCP	1
ACTR2	C2ORF42	1
DUSP11	MOB1A	1
SLC40A1	TYK2	1
MAP4K4	TSSK6	1
NRBP1	RPS16	1
MEX3D	TCF7L1	1
PLEKHJ1	TCF7L1	1
HDLBP	SMARCE1	1
RABEP1	TRPM8	1
CCDC57	MRPL30	1
CHMP1A	TMEFF2	1
RPLP1	TMEFF2	1
MNS1	TET3	1
AGFG1	CCDC169	1
ABCC4	MYO1B	1
PLEKHB2	TPT1	1
ELMOD3	RB1	1
NCL	STAT6	1
HDLBP	STAT6	1
KRT1	TET3	1
CD63	TMSB10	1
SCYL1	TRPM8	1
NDUFV1	RPL37A	1
ADI1	ZFP91	1
PATL1	TET3	1
SEC24C	SEPTIN10	1
SHOC2	TMEM178A	1
POLDIP3	TTLL1	1
GTPBP1	NPTXR	1
CERK	SCUBE1	1
EIF4ENIF1	PICK1	1
KIAA1671	SEC14L2	1
KIAA1671	MYO18B	1
DDT	TPST2	1
C22ORF31	CECR2	1
KIAA1671	SNRPD3	1
CRKL	MAPK1	1
ERG	ZNRF3	1
CRYZL1	URB1	1
HLCS	SCAF4	1
BACE2	GET1	1
ETS2	GET1	1
COL6A2	DIP2A	1
BACE2	TMPRSS2	1
ARFGEF2	DDX17	1
ARFGEF2	TMPRSS2	1
HLCS	KIAA1755	1
EPPIN	ZMYND8	1
B4GALT5	SLC35C2	1
RTEL1	STMN3	1
EYA2	PI3	1
CNBD2	RTF2	1
CHD6	SNX21	1
NDRG3	ZFP64	1
EYA2	ITCH	1
DEFB123	ITCH	1
CNBD2	DYNLRB1	1
PSMF1	PTPRA	1
ARFGEF2	RRBP1	1
ESF1	TASP1	1
ACSS1	APMAP	1
EPB41L4B	SLC45A3	1
ANXA1	CLSTN1	1
TSPAN1	USP20	1
GPR89B	HOOK3	1
HSF1	RERE	1
PLA2G2A	PLAT	1
CDC14A	DEFB135	1
H3-3A	SMURF1	1
BRAF	SLC45A3	1
FGGY	ORC5	1
ETV1	FUBP1	1
EIF4G3	SNX9	1
CRISP3	H6PD	1
DHCR24	LRP11	1
DHCR24	FKBP5	1
AP3S1	SPMIP3	1
PHYKPL	SLC45A3	1
PRR16	TCEA3	1
ARSB	YTHDF2	1
PARP1	SPON2	1
MGST2	SMYD2	1
CDK18	NOP14	1
EGF	SEC16B	1
CLCN3	PLA2G2A	1
CFAP299	RERE	1
NFYC	SLC4A4	1
IQSEC1	SCCPDH	1
ETV5	SLC45A3	1
CPNE4	SLC45A3	1
FOXP1	SLC45A3	1
ARNT	GSK3B	1
GOLGB1	RAP1GAP	1
EXOSC7	RERE	1
BRK1	PTP4A2	1
RPN1	THRAP3	1
HIVEP3	SETD2	1
PATJ	RAF1	1
EMC1	TRMU	1
FBLN1	PLA2G2A	1
SLC45A3	TMPRSS2	1
ELK4	ERG	1
SCAF4	VAMP3	1
RERE	TMPRSS2	1
TFF3	TSPAN1	1
SCP2	TMPRSS2	1
SLC45A3	ZNFX1	1
ARFGEF2	FMOD	1
RERE	RPN2	1
RALGAPA2	RSRP1	1
CDCA7	PCNX2	1
FN1	SLC45A3	1
MAP4K3	SRGAP2	1
CYP1B1	JTB	1
RAP1GAP	TRPM8	1
AUNIP	TRPM8	1
RSRP1	TRIP12	1
ITGA6	PLA2G2A	1
FN1	SERINC2	1
HDAC1	NOL10	1
GFPT1	PUM1	1
PIK3R3	TRPM8	1
ATP1A1	FN1	1
CD37	UCK2	1
KLK3	MAP3K6	1
DHCR24	PRKCSH	1
CHML	SLC39A11	1
FASN	NUCKS1	1
ETV4	SLC45A3	1
ATF6	VMP1	1
COPA	STAC2	1
NCSTN	SREBF1	1
PLA2G2A	TAF15	1
METTL16	PTPRF	1
NTPCR	SMIM22	1
MBTPS1	PLA2G2A	1
BANP	SF3A3	1
AMY1C	TERF2IP	1
FMOD	THSD4	1
AP1G2	SLC45A3	1
AREL1	CELA3B	1
SLC45A3	STAT6	1
NCOR2	SLC45A1	1
RERE	USP5	1
MYBPC1	TMEM59	1
HNRNPU	SLC36A4	1
SIAE	SLC45A3	1
FLI1	SLC45A3	1
H2BC21	NDUFV1	1
CAPZB	CFL1	1
CD151	WDTC1	1
LDHA	PLA2G2A	1
PHRF1	TSPAN1	1
GALNT18	RPL5	1
FGFR2	SLC45A3	1
PYHIN1	RPP30	1
PRAMEF2	PTEN	1
JMJD1C	RPL5	1
CNST	SMYD3	1
CNIH3	RAB4A	1
GNPAT	PCNX2	1
CDC42BPA	ZNF678	1
C1ORF115	MARK1	1
CHRM3	PPP2R5A	1
RCOR3	RPS6KC1	1
KLHL20	RABGAP1L	1
NUF2	RASAL2	1
CDC73	KIFAP3	1
FAM78B	UCK2	1
ILDR2	MPZL1	1
ASH1L	NME7	1
IFI16	TOR1AIP2	1
FCRL1	RASAL2	1
C1ORF226	NOS1AP	1
APOA2	MEF2D	1
ADAMTS4	MEF2D	1
ASH1L	KHDC4	1
GON4L	MTX1	1
TUFT1	ZBTB18	1
LYSMD1	MFSD4A	1
GATAD2B	NENF	1
ITLN1	PIP5K1A	1
ATP8B2	DAP3	1
CCT3	RAB13	1
MRPS21	TARS2	1
BNIPL	GABPB2	1
CHD1L	LCE1A	1
ADAR	ATP8B2	1
FAAP20	ZC3H11A	1
TNFRSF8	VPS13D	1
FHAD1	SPEN	1
DNAJC11	RPL22	1
CPLANE2	FBXO42	1
MACF1	SCMH1	1
NASP	PIK3R3	1
CFAP57	KDM4A	1
CTPS1	HIVEP3	1
FAF1	SLC45A3	1
AGBL4	FAF1	1
NRDC	RAB3B	1
DHCR24	TUT4	1
DOCK7	SLC45A3	1
ITGB3BP	OMA1	1
ITGB3BP	TTC39A	1
DAB1	ITGB3BP	1
PATJ	SGIP1	1
PATJ	PDE4B	1
LEPROT	SGIP1	1
LEPR	SGIP1	1
DIRAS3	GNG12	1
CLCA1	NFIA	1
NEGR1	ZNF326	1
EVI5	HFM1	1
CDC14A	PGM1	1
SNX7	TLCD4	1
COL11A1	DPH5	1
CAPZA1	RSRP1	1
DNAJC11	NOTCH2	1
NEGR1	PHGDH	1
NBPF26	RASSF5	1
KLK2	XBP1	1
KLK3	MYH9	1
DOCK6	SF3A1	1
KLK2	ZNFX1	1
NOSIP	ZSCAN22	1
CHMP2A	ZNF875	1
ZNF615	ZNF841	1
ZNF432	ZNF841	1
ZNF577	ZNF649	1
FXYD1	ZNF585A	1
ZNF577	ZNF841	1
ZNF551	ZNF776	1
KIR2DL3	ZNF417	1
PPFIA3	TRPM4	1
TDRD12	TEAD2	1
SIPA1L3	WDR62	1
LIG1	SIPA1L3	1
LSM14A	TDRD12	1
LRP3	LSM14A	1
KLK3	KLK4	1
ITPKC	PPFIA3	1
CLASRP	EXOC3L2	1
CD177	CIC	1
CAPNS1	UPK1A	1
FBXL12	RAB4B	1
URI1	WDR88	1
STRN4	TECR	1
ARHGAP35	RNF126	1
KLK2	RANBP3	1
CACNA1A	ZNF433	1
CNN2	TMEM259	1
APC2	TCF3	1
PLEKHJ1	TCF3	1
C19ORF44	MED26	1
ATCAY	KDM4B	1
ILF3	ZNF177	1
EEF2	SLC25A23	1
DNAJB1	TECR	1
APC2	C19ORF25	1
ABHD17A	TCF3	1
ERG	SKOR2	1
CTDP1	FKBP1A	1
NEDD4L	SPINT2	1
ACAA2	DYM	1
RIOK3	ZNF521	1
MC2R	PTPRM	1
P4HB	SNU13	1
CYB561	XBP1	1
BRD1	RTN4RL1	1
IGSF5	MYO15B	1
EIF5A	TOX2	1
ETV4	KLK2	1
CARM1	NFE2L1	1
IGFL2	TP53	1
BAX	WRAP53	1
AFG3L2	ETV4	1
CDK3	TEN1	1
GAA	RPTOR	1
ATP5PD	GRB2	1
ARHGDIA	ODAD4	1
DDX5	ETV4	1
CYB561	PHB1	1
ETV4	UBTF	1
CDC6	THRA	1
GPATCH8	PRR15L	1
NT5C3B	PLEKHM1	1
MEIOC	NBR1	1
HDAC5	PPY	1
GPATCH8	PYY	1
GPATCH8	NAGS	1
GPATCH8	MEOX1	1
GPATCH8	KRT25	1
ETV4	GPR179	1
ARL5C	LSM12	1
FBXO47	SYNRG	1
ETV4	ZNF207	1
CPD	NUFIP2	1
CYB5D2	SLC38A10	1
GPS2	RBFOX3	1
NKIRAS2	TP53	1
MAPT	RPL26	1
GPS2	MPP2	1
CCDC43	YBX2	1
SMYD4	TP53	1
MYBBP1A	TP53	1
DHX33	TP53	1
CD68	TP53	1
CHD3	TNK1	1
SHPK	SMG6	1
DHX33	SMG6	1
ANKFY1	SMG6	1
PELP1	YBX2	1
CTDNEP1	MPDU1	1
KDM6B	TP53	1
DNAH2	WRAP53	1
ABR	GEMIN4	1
PECAM1	TOM1L2	1
NCOR1	RNF43	1
B9D1	ULK2	1
CCDC144A	NCOR1	1
ERG	HERPUD1	1
MYH11	TYK2	1
GFOD2	TMEM241	1
UNK	ZDHHC7	1
H3-3B	ZDHHC7	1
APRT	CDK12	1
TMEM170A	USP22	1
HYDIN	PSMD11	1
RASD1	VPS4A	1
BICDL2	TP53	1
ZFPM1	ZNF469	1
FBXO31	USP10	1
ANKRD11	CDH15	1
BCAR1	GLG1	1
CDYL2	DYNLRB2	1
NFAT5	PLCG2	1
ZFHX3	ZFHX3	1
CMTM4	PLA2G15	1
LMF1	ZFHX3	1
KCTD5	ZNF263	1
LITAF	SLX4	1
CLUAP1	EME2	1
ABCC1	PRKCB	1
ERI2	USP31	1
CACNG3	HS3ST4	1
ACSM1	DNAH3	1
TAOK2	TMEM219	1
RABEP2	SRCAP	1
ALDH1A3	USP25	1
CHAF1B	RPS17	1
MESD	TMPRSS2	1
DSTN	MYO5C	1
GAMT	MAN2C1	1
HERC2	TMEM145	1
ALDH1A3	VPS53	1
SLC30A4	VPS53	1
PKM	USP7	1
CENPN	VPS13C	1
MBTPS1	SERF2	1
CERS3	TARS3	1
MFGE8	RLBP1	1
CTSH	IREB2	1
NEO1	NR2E3	1
CT62	TLE3	1
ADPGK	SORD	1
ALDH1A2	CLN6	1
PRTG	TCF12	1
AFG2B	GABPB1	1
MGA	ZFAND6	1
TGM7	TTBK2	1
PDIA3	SERF2	1
EHD4	RTF1	1
PDIA3	RPAP1	1
MFAP1	STRC	1
CKB	CYB5R3	1
DCAF11	ZNRF3	1
MTA1	SLC37A1	1
ATP6V1D	CBS	1
SCAF4	TTC6	1
ADAMTS5	TTC6	1
AKT1	ZNF461	1
ARMH4	KIR2DL1	1
DLGAP5	RPS15	1
ACTN4	TTC6	1
RPL23	SERPINA3	1
CLDN6	GSKIP	1
MMP14	PDXDC1	1
ERG28	TCF12	1
GSC	SYNE3	1
NDUFB1	PPP4R3A	1
PTGR2	ZNF410	1
BATF	TTLL5	1
SMOC1	SUSD6	1
DCAF5	RDH11	1
ABCD4	MIDEAS	1
C14ORF39	RTN1	1
PPM1A	PRKCH	1
NEMF	VCPKMT	1
FOXA1	SLC25A21	1
FOXA1	RALGAPA1	1
NFKBIA	TTC6	1
FOXA1	MIPOL1	1
GPHN	SCFD1	1
IRS2	TMPRSS2	1
CBS	ITM2B	1
NDUFS7	TSC22D1	1
CDC16	TP53	1
PSME3	TM9SF2	1
ABCC4	ETV4	1
ALG11	JPH3	1
GRK1	TFDP1	1
GPC5	GPC6	1
CUL4A	DLEU7	1
NUFIP1	TSC22D1	1
CCDC122	TSC22D1	1
DHRS12	TSC22D1	1
DCLK1	GGACT	1
KLF5	STARD13	1
PDS5B	TBC1D4	1
DCLK1	MED4	1
NBEA	POSTN	1
PDS5B	PSPC1	1
CDK8	WASF3	1
MIPEP	SPATA13	1
MIPEP	TNFRSF19	1
CRYL1	GJA3	1
NOC4L	PHF21B	1
EIF2S2	ZNF664	1
EIF2S2	RFLNA	1
FBL	RNF10	1
MIER2	RSRC2	1
SARNP	ZNF761	1
RHPN2	SMARCC2	1
SLC1A5	STAT6	1
PRPF31	SPRYD4	1
MYL6	ZNF761	1
KLK3	LRP1	1
KLK2	STAT6	1
ATP23	DLGAP1	1
ANAPC11	CUX2	1
DDX23	SLC25A10	1
CDC27	SLC11A2	1
ABCB9	ZDHHC7	1
AARS1	CD63	1
EP400	WHAMM	1
HECTD4	REC114	1
ADAM10	ATXN2	1
ATP5F1B	THSD4	1
REC114	TIGAR	1
ERBB3	FOXA1	1
FAM234B	TMEM52B	1
FAM234B	TTLL9	1
TMEM52B	TTLL9	1
ZNF140	ZNF268	1
DIABLO	ZCCHC8	1
SVOP	VPS29	1
PPTC7	TCHP	1
IFT81	TCHP	1
NCOR2	RILPL1	1
ANAPC5	HECTD4	1
DYNLL1	RNF10	1
PAH	TMEM132D	1
APPL2	UBE2N	1
BLTP3B	LRRIQ1	1
GCN1	METTL1	1
RNF41	TFCP2	1
RNF41	SARNP	1
MYG1	OS9	1
NEMP1	SMARCC2	1
GDF11	MAP3K12	1
LRP1	OS9	1
COX14	LIMA1	1
CBX5	HNRNPA1	1
SLC2A13	TAFA2	1
BORCS5	YBX3	1
ATN1	KDM5A	1
DUSP16	ETV6	1
BORCS5	DUSP16	1
CLSTN3	COPS7A	1
APOLD1	CREBL2	1
H4C16	LRP6	1
ERP27	H4C16	1
PKP2	SARNP	1
IPO8	KRT86	1
CD63	PKP2	1
MRTFA	TMEM218	1
TMPRSS2	USP28	1
SIK3	TMPRSS2	1
TMEM109	TMPRSS2	1
CWF19L2	SIRPA	1
AHNAK	ZNFX1	1
COPB1	TLDC2	1
RPL18	TAGLN	1
KLK2	NDUFV1	1
CAPNS1	MTA2	1
EIF3M	UPF1	1
CEP57	TIMP2	1
EED	NSF	1
NDUFV1	P4HB	1
CTSF	P4HB	1
CASKIN2	PDE2A	1
P4HB	ZFP91	1
FAR1	P4HB	1
ADPRM	OR51E2	1
CNTN5	TOX3	1
TCIRG1	TMC5	1
CRYM	NUMA1	1
TPCN2	ZBTB1	1
ESRRB	PARVA	1
KIRREL3	NCOR2	1
FRMD8	PSMD9	1
RRM1	TBX3	1
MYBPC1	RNH1	1
CARD18	NTM	1
NXPE1	REXO2	1
APOC3	CEP164	1
NPAT	SLN	1
ALKBH8	C11ORF65	1
BMAL1	DDX10	1
GRM5	TMEM135	1
EED	TPCN2	1
LTO1	PC	1
KCNK4	SYT7	1
SLC22A10	TMEM179B	1
DAGLA	INCENP	1
POLR2L	TSPAN4	1
OR51E2	RRM1	1
C11ORF24	CSTPP1	1
CD5	CSTPP1	1
FNBP4	MYBPC3	1
DDX21	MYH9	1
FGFR2	TMPRSS2	1
CFAP70	TMPRSS2	1
DLG5	TMPRSS2	1
PTEN	RALGAPA2	1
KLK3	MXI1	1
GLUD1	PRKD2	1
CAMK2G	NDUFA13	1
KLK3	MSMB	1
CCDC3	ZNF585A	1
CCDC3	FXYD1	1
C10ORF105	DYM	1
EPN3	SEMA4G	1
CRTC3	PTEN	1
ADAMTS17	PARD3	1
PRKCH	VWA2	1
MSMB	SUPT16H	1
CRY1	HPSE2	1
KCNMB4	PTEN	1
CPEB3	PRIM1	1
MRPL42	ZMIZ1	1
RFC5	SVIL	1
SIAE	WAPL	1
DDX21	PICALM	1
FGFR2	PLPP4	1
FHIP2A	TECTB	1
CCDC186	DCLRE1A	1
GSTO1	INA	1
AS3MT	PI4K2A	1
GBF1	WBP1L	1
ERLIN1	HPSE2	1
DOCK1	SHLD2	1
PTEN	WBP1L	1
PTEN	SHLD2	1
CCSER2	CYP2C19	1
BMPR1A	FGFBP3	1
CHCHD1	SUFU	1
NODAL	P4HA1	1
JMJD1C	LIPF	1
ANK3	JMJD1C	1
CTNNA3	SGMS1	1
ANKRD22	MSMB	1
DIP2C	INPP5A	1
LARP4B	WASHC2C	1
TAF3	ZNF365	1
GDI2	USP6NL	1
RSU1	ZMYND11	1
FRMD4A	MCM10	1
BEND7	FRMD4A	1
ITGB1	WDFY4	1
CCNY	PARD3	1
CCDC7	CCDC7	1
PIK3C2A	TEAD1	1
PIK3CD	RERE	1
AGBL1	PLD1	1
AKAP13	DMXL2	1
DHRSX	RPS4Y1	1
MID2	VSIG1	1
BGN	CLCN3	1
STX8	TMEM35A	1
SLC28A3	UBQLN1	1
ANP32B	DENND4C	1
A1BG	CDKN2A	1
DCAF12	DENND4C	1
CREB3	TMEM8B	1
CNTNAP3B	SHB	1
PRELID3A	UNC13B	1
ANXA1	TIMP2	1
HSF1	SLC52A2	1
ATAD2	TATDN1	1
MATN2	RSPO2	1
ZC2HC1A	ZFAND1	1
ASAH1	TUSC3	1
IDO2	PLEKHA2	1
DDHD2	NSD3	1
AKT2	NSMAF	1
CEL	CPA1	1
BRAF	KMT2C	1
BRAF	CREB3L2	1
CALD1	CNOT4	1
CPA1	PRSS2	1
AKAP9	SMURF1	1
CDK14	CUX1	1
COL1A2	SERPINE1	1
GTPBP10	STEAP2	1
ANKIB1	CDK6	1
BRAF	STARD3NL	1
GNAS	PTPRN2	1
PRSS1	PTPRA	1
GP2	PRSS2	1
PRSS1	TNKS1BP1	1
CPA1	SCYL1	1
PNLIP	PRSS1	1
CENPW	ROS1	1
ATG5	RTN4IP1	1
SMIM13	TMEM170B	1
DCDC2	TDP2	1
CARMIL1	ITPR3	1
ANKS1A	FKBP5	1
BLTP3A	DAXX	1
MEP1A	PPP2R5D	1
BAG6	MEP1A	1
CILK1	TUBB	1
POLDIP3	SH3BGRL2	1
CHGB	PGC	1
DLGAP1	ZNF292	1
LAMA4	PSAP	1
SPINK4	SQSTM1	1
HLA-DPA1	SQSTM1	1
SPINK5	UBE2D2	1
AFAP1L1	ARHGAP26	1
ETF1	HSPA9	1
LYSMD3	ZSWIM6	1
LRAT	TMEM131L	1
CPE	GC	1
IGFBP7	PPAT	1
LIMCH1	RNF43	1
CLCN3	MSLN	1
RASGRF1	SLC4A4	1
CLCN3	MUC2	1
FOXP1	PTPRD	1
ACTB	TM4SF4	1
BRAF	MYRIP	1
CLDN1	FNDC3B	1
FNDC3B	TNFSF10	1
RYK	UPK1B	1
HACL1	RAF1	1
PFKFB4	RAF1	1
CACNA2D3	RAF1	1
LRIG1	MAGI1	1
ARF4	ARHGEF3	1
BCAM	SST	1
MIX23	SIPA1L3	1
HERPUD1	RAF1	1
GATM	RAF1	1
CPB1	DDX21	1
CEL	REG3G	1
BRAF	STK39	1
PRSS1	REG3G	1
CPA1	REG3G	1
CPA1	REG1B	1
COL3A1	UTRN	1
COPS7B	PTMA	1
AGAP1	ERBB4	1
HIBCH	NHEJ1	1
MARCHF7	TANK	1
CERS6	STK39	1
FMNL2	GALNT13	1
MATN3	PUM2	1
AFTPH	C1D	1
PLEKHB2	REG1A	1
IMMT	REEP1	1
EIF2AK2	KRT19	1
CTRB2	REG3A	1
COL3A1	MMP14	1
COL3A1	STAT6	1
COL3A1	ERBB3	1
IGF2	REG1B	1
RBX1	ZC3H7B	1
MLC1	SBF1	1
ENTHD1	MRTFA	1
C22ORF42	SREBF2	1
OSBP2	TST	1
NF2	ZMAT5	1
ASCC2	SF3A1	1
DSTN	KIZ	1
NINL	RALGAPA2	1
CEL	NTRK1	1
CTRC	PRSS2	1
ACTB	CELA3A	1
CCDC146	MACF1	1
ARHGEF16	ITK	1
RAF1	TRIM33	1
CELA3A	P4HB	1
CTRB2	EFHD2	1
LPCAT2	PLEKHM2	1
NTRK1	SEL1L	1
ERBB3	S100A6	1
NBL1	STAT6	1
CELA2A	PNLIP	1
FGFR2	USP33	1
CNIH3	ZNF670	1
LEFTY1	TMEM63A	1
ARID4B	TARBP1	1
CR1	MAPKAPK2	1
ATP1B1	FMO4	1
CTRC	NTRK1	1
SLC9A1	UBXN11	1
ARHGEF19	EPHA2	1
ACAP3	SCNN1D	1
LCK	THAP3	1
IPP	MAST2	1
KIAA0319L	ODF2L	1
SELENON	TMEM59	1
RASGRP4	SPRED3	1
SPINT2	ZNF260	1
SIPA1L3	ZNF527	1
CATSPERG	SIPA1L3	1
GSK3A	NTF4	1
ACTN4	NOVA2	1
AZU1	STK11	1
APC2	CIRBP	1
ARHGEF18	CERS4	1
RPL13A	ZNF493	1
TTR	TYK2	1
KDSR	SERPINB5	1
C18ORF32	DYM	1
CABLES1	MYO5B	1
OSBPL1A	TMEM241	1
NPC1	SS18	1
METTL4	VAPA	1
LASP1	RBX1	1
AXL	FBXW10B	1
CCDC57	SECTM1	1
HEATR6	MSI2	1
MRC2	VEZF1	1
NME2	TEX14	1
PSMD11	SKAP1	1
CDK12	SPOP	1
AKAP10	HELZ	1
ANKRD11	DYNLRB2	1
CHST6	FA2H	1
CCNF	KCTD5	1
PARN	XPO6	1
SRL	USP31	1
CDR2	SGF29	1
LINGO1	PEAK1	1
GNB5	SLCO3A1	1
TNFAIP8L3	TRPM7	1
BCL2L10	TMOD3	1
ATG2B	SETD3	1
AP1G2	CRIP1	1
L2HGDH	NEMF	1
NUBPL	PSMA6	1
FARP1	RNF185	1
ETV6	GSK3A	1
CEP112	RIMKLB	1
CDK17	FBXW8	1
PTPRR	ZFC3H1	1
CPSF6	DCN	1
RASSF3	TSPAN8	1
COQ10A	CS	1
CLEC2D	ERC1	1
TGFB1	TRPC6	1
TNKS1BP1	TYK2	1
CPT1A	MAPK8IP3	1
CTRB2	IGF2	1
CRTAM	NFRKB	1
AAMDC	RSF1	1
TMPRSS4	TTC17	1
CNTN5	TTC17	1
ARFGAP2	MTCH2	1
PLA2G1B	PNLIP	1
CACUL1	VTI1A	1
ADD3	AFAP1L2	1
CEP55	FGFR2	1
LRRC20	SAR1A	1
BRCC3	CLIC2	1
ATRX	CYSLTR1	1
MTMR8	ZC4H2	1
ACE2	PIR	1
ADGRG2	MAP3K15	1
POLA1	TSPAN7	1
CDK16	ZNF157	1
KRBOX4	UBA1	1
OTUD5	PCSK1N	1
MAGED2	ZFAT	1
PABIR2	PHYKPL	1
FRYL	SH2D1A	1
CNKSR2	PDCD10	1
CP	JADE3	1
ACO2	UBE2A	1
DYRK1A	PHF6	1
FAM156A	URI1	1
APOO	TTYH2	1
MAP2K4	UBQLN2	1
MECP2	STUB1	1
LPCAT2	PIN4	1
KDM6A	YEATS4	1
APOO	HPS5	1
MID1	SPAG17	1
NDP	ZCCHC17	1
RABL6	TRAF2	1
SPTAN1	TBC1D13	1
SLC34A3	SPTAN1	1
GLE1	SET	1
PHYHD1	PTPA	1
NTNG2	PRRC2B	1
CACNA1B	NUP214	1
NOTCH1	SPTAN1	1
NIBAN2	PTRH1	1
C9ORF50	NIBAN2	1
GLE1	ODF2	1
ASS1	HMCN2	1
LCN2	LMX1B	1
GARNL3	SLC2A8	1
GAPVD1	RALGPS1	1
NEK6	PTGS1	1
SLC35D2	STRBP	1
CARD19	TMOD1	1
SHC3	TUT7	1
CEP78	PSAT1	1
KIF27	QNG1	1
INSL6	ZNG1A	1
PSIP1	ZDHHC21	1
CAAP1	MOB3B	1
DPP7	RECK	1
FBXO10	FOCAD	1
NUP214	SEC14L2	1
KIAA1958	SETD4	1
RC3H2	STK35	1
ATP13A1	EHMT1	1
SLC28A3	VAPA	1
PTPN2	PTPRD	1
MELK	TMEM88	1
ALG1	VAV2	1
GLIS3	MARK3	1
SNRPF	VPS13A	1
ILK	PLPPR1	1
GAB2	TRIM14	1
KCNK9	TRAPPC9	1
DEPTOR	TAF2	1
EEF1D	SCRIB	1
SAMD12	SNTB1	1
PUF60	ZNF250	1
NRBP2	PUF60	1
GFUS	PTK2	1
FAM91A1	TRMT12	1
EXT1	PTK2	1
EPPK1	ZFTRAF1	1
EPPK1	ZC3H3	1
EEF1D	TSNARE1	1
EEF1D	PUF60	1
ATAD2	KCNQ3	1
AGO2	SAMD12	1
EBAG9	PKHD1L1	1
EBAG9	NIPAL2	1
POLR2K	SPAG1	1
CPQ	LAPTM4B	1
DECR1	RIPK2	1
C8ORF34	WWP1	1
DPY19L4	SNTG1	1
LYPLA1	TPD52	1
ALKAL1	ATP6V1H	1
KHDRBS3	TNKS	1
FDFT1	GATA4	1
NBN	XPO7	1
PPP3CC	SLC39A14	1
EXTL3	PNOC	1
EPHX2	ESCO2	1
BMP1	FHIP2B	1
PPP2CB	PURG	1
ANK1	CHD7	1
IKBKB	SLC20A2	1
ASH2L	POLB	1
FGFR1	TTLL1	1
DSCAM	SPIDR	1
ABRA	PSMF1	1
BCAS4	NDUFAF6	1
SPIDR	TGFB1	1
MROH1	PPM1E	1
POLR2K	SUMO2	1
CLEC18C	OXR1	1
RPS29	SULF1	1
B3GLCT	KIF13B	1
CIT	EIF3H	1
PAWR	STAU2	1
MSRB3	SARAF	1
PAK1	POU5F1B	1
BTBD10	COLEC10	1
NIPAL2	TMPRSS13	1
CEP295	PPDPFL	1
DHTKD1	SLC7A2	1
DHTKD1	PPP2R2A	1
BNIP3L	CAMK1D	1
B4GALT1	STRA8	1
NRF1	RC3H2	1
SH2B2	WNK2	1
FBXO16	PPP1R9A	1
RAB11FIP1	YWHAG	1
HGSNAT	TYW1	1
ABCF2	ZNF786	1
NUB1	PRKAG2	1
KMT2C	PTPRN2	1
GBX1	PRKAG2	1
CYREN	STMP1	1
COPG2	TMEM209	1
KLHDC10	SND1	1
C7ORF33	CAPZA2	1
ORC5	PRKAG2	1
BCAP29	DLD	1
MCM7	ZNF3	1
FAM200A	SMURF1	1
DNAJC2	PSMC2	1
STRIP2	ZNF727	1
CTTNBP2	POR	1
SSC4D	YWHAG	1
RHBDD2	RSBN1L	1
GTF2IRD1	LIMK1	1
GTF2I	POM121	1
BUD23	CLIP2	1
ANKRD61	USP42	1
RADIL	TNRC18	1
GNA12	PRKAR1B	1
INTS1	TMEM184A	1
AHR	LRRC72	1
JAZF1	TAX1BP1	1
CHN2	SKAP2	1
OGDH	PPIA	1
SUN3	TNS3	1
SPMIP7	TNS3	1
PKD1L1	TNS3	1
VOPP1	VPS41	1
CHCHD3	OSBP2	1
CDK5RAP1	TMEM248	1
AUTS2	BPI	1
CPA4	TRMT1	1
TYW1B	URI1	1
GTF2I	PGPEP1	1
CLIP2	ELL	1
AP1M2	HIP1	1
ATP8B3	CYTH3	1
CCDC124	COL28A1	1
OSBPL1A	SSBP1	1
RNF138	VWC2	1
FOXK2	PTPRN2	1
ACHE	EXOC7	1
PGAP3	PTPN12	1
AGBL3	PML	1
TERB2	ZNF277	1
DTX2	KLF13	1
ATP8A2	BZW2	1
GALNT11	ORAI1	1
ATP6V0A4	WASHC3	1
ACADS	GTPBP10	1
CFTR	NAP1L4	1
ACTA2	RHEB	1
AUTS2	PNLIPRP3	1
RNF216	USP6NL	1
CDKAL1	SMARCA2	1
MICB	PSAT1	1
KHDRBS2	RNF19A	1
SEMA3A	SYNCRIP	1
SMAP1	TTYH3	1
CYREN	SMIM13	1
CUL1	MMUT	1
AFDN	UNC93A	1
SYTL3	TULP4	1
ESR1	LATS1	1
ARID1B	SYNE1	1
ESR1	RAB32	1
UTRN	ZC2HC1B	1
PHACTR2	UTRN	1
AIG1	PHACTR2	1
MYB	UST	1
NKAIN2	TPD52L1	1
HIVEP2	PREP	1
AK9	PDSS2	1
AFG1L	SNX3	1
DOP1A	SMIM8	1
LY86	RREB1	1
DSP	FARS2	1
ADTRP	TMEM170B	1
E2F3	WRNIP1	1
CDKAL1	FARS2	1
DEK	KDM1B	1
MRPL14	QKI	1
PERP	TULP1	1
CPNE5	SRPK1	1
SLC44A4	TNXB	1
PPP2R5D	RRP36	1
KLHDC3	PTK7	1
PEX6	PPP2R5D	1
MOCS1	NUDT3	1
LY6G6C	MICA	1
HSPA1L	LSM2	1
ILRUN	KIF6	1
CAPN11	HSP90AB1	1
GTPBP2	VEGFA	1
EHMT2	NELFE	1
DHX16	MDC1	1
DDAH2	MSH5	1
CCND3	PPP2R5D	1
C4A	SAPCD1	1
BTBD9	SUPT3H	1
ELOVL5	GLO1	1
BAG6	USP18	1
DSCAM	ZFAND3	1
CDKAL1	PLCB1	1
ACTL10	TMEM63B	1
BCL2L1	RHAG	1
GRM4	UBXN6	1
MBD3L1	PEX6	1
EYA4	XPO6	1
AP1G1	NT5DC1	1
CUL7	USP10	1
MDFI	PHAF1	1
COL19A1	RCCD1	1
CARMIL1	MEIS2	1
MEA1	THSD4	1
SLIRP	ZNF292	1
HECA	SLC48A1	1
FAM135A	LMO3	1
ANHX	UBR2	1
ALG8	KHDC1	1
VPS52	ZC3H12C	1
CCND3	GRK2	1
GTF2H5	VTI1A	1
FAM53B	LY86	1
AFF4	LAMC3	1
AUTS2	CAMLG	1
FGF10	TNS3	1
SFXN1	TSPAN17	1
MGAT4B	MRNIP	1
GRK6	ZNF346	1
FBXW11	STK10	1
ERGIC1	KCNIP1	1
TENM2	WWC1	1
RARS1	WWC1	1
HMMR	MAT2B	1
FAM200C	SLU7	1
ARHGEF37	SLC26A2	1
CAMK2A	CSNK1A1	1
NSD1	PCDHB15	1
POU4F3	RAPGEF6	1
ECSCR	SIL1	1
CYSTM1	MATR3	1
CTNNA1	SEC24A	1
EPB41L4A	REEP5	1
CWC27	RANBP17	1
KIF2A	SNX2	1
CCNB1	PDE4D	1
MAST4	PPWD1	1
ADAMTS6	CLPTM1L	1
RETREG1	ZNF622	1
ADAMTS16	ANKRD33B	1
FYB1	SLC1A3	1
LIFR	TTC33	1
FAM193B	TOP1	1
CYSTM1	LAMA5	1
LILRB1	UIMC1	1
OR7A5	UBE2D2	1
FAF2	METTL2A	1
NTN1	PKD2L2	1
ARHGEF28	SEZ6	1
BMERB1	KLHL3	1
HNRNPC	RIOK2	1
CCL28	PGAM5	1
PPP6R3	RACK1	1
CLPB	SCGB3A2	1
CELF1	STK32A	1
MTREX	USP28	1
MARCHF6	UVRAG	1
AOPEP	CCDC149	1
DEPTOR	INPP4B	1
CAMK2D	EIF3H	1
PAQR3	STK3	1
CSN2	PPP2R2A	1
KLHDC10	NFKB1	1
EXOC4	NPFFR2	1
FARS2	HSD17B11	1
ASIC5	LRBA	1
SLC10A7	TTC29	1
LRBA	MGST2	1
ELF2	NDUFC1	1
C4ORF33	JADE1	1
ANXA5	CCNA2	1
RAB33B	SEC24D	1
SYNPO2	USP53	1
PAPSS1	TBC1D9	1
PLAC8	SCD5	1
LIN54	RASGEF1B	1
MTHFD2L	SHROOM3	1
CHIC2	SPINK2	1
SHROOM3	STX18	1
CPLX1	ZNF721	1
EVC2	TBC1D14	1
LYAR	STX18	1
SLBP	TMEM129	1
HTT	ZFYVE28	1
CFAP99	HTT	1
DOK7	HTT	1
ATP5ME	NSD2	1
AFAP1	EVC2	1
ADD1	SH3BP2	1
ADGRA3	KCNIP4	1
ENOPH1	UBE2K	1
NMU	TBC1D1	1
FAM114A1	KLF3	1
ATP8A1	SH3BP2	1
APBB2	ZFYVE28	1
APBB2	RBM47	1
ATP8A1	FAM114A1	1
NSD2	YIPF7	1
FAM47E	TMEM184B	1
DTD1	TTC29	1
AKT2	CXCL11	1
POLN	ZNF564	1
HAUS3	RAB11B	1
LDLR	LRPAP1	1
CCDC68	SHROOM3	1
SCFD2	ZBTB7C	1
PDLIM3	TEX2	1
DHX8	FGFR3	1
HID1	STIM2	1
FSIP1	RNF4	1
DACH1	TMEM165	1
LRBA	SPPL3	1
LETM1	USP15	1
YAP1	ZNF721	1
PAK1	ZNF595	1
HAUS3	PACS1	1
CORO1B	LYAR	1
ARHGAP24	PARD3	1
FGFR3	MLLT10	1
ACAP2	DOCK8	1
ARHGAP39	WDR82	1
DNAAF11	SHISA5	1
CADM2	UBR5	1
BDH1	CHCHD3	1
ACAP2	ATP5MF	1
IGF2BP3	P2RY14	1
CMTM7	METTL2B	1
ATP13A3	TMEM14B	1
FOXO3	FXR1	1
AIG1	TBC1D5	1
MDGA1	QRICH1	1
PTTG1	SRGAP3	1
NCKIPSD	NSD1	1
GPBP1	TKT	1
BRD8	PTPRG	1
FOXP1	RUFY1	1
AHRR	PPP4R2	1
FOXP1	NADK2	1
DOK7	TFRC	1
ITGB5	PDLIM5	1
ATP13A3	IQCG	1
LPP	RPL35A	1
HRG	ST6GAL1	1
DVL3	ECE2	1
CRYGS	DGKG	1
ACTL6A	VPS8	1
FXR1	ST6GAL1	1
LRRC31	MECOM	1
GOLIM4	SPATA16	1
LPP	MBNL1	1
ATR	TFDP2	1
COL6A6	NEK11	1
AMOTL2	TOPBP1	1
STAG1	ZNF148	1
CHCHD6	RAB7A	1
CD96	TMCC1	1
CASR	PDIA5	1
IMPG2	SENP7	1
ABI3BP	IMPG2	1
CHL1	RAD18	1
RAD18	SRGAP3	1
OXTR	SRGAP3	1
SLC6A6	TMEM43	1
METTL6	SH3BP5	1
CIDEC	SETD5	1
RPL32	WNT7A	1
NUP210	WNT7A	1
FBLN2	LMCD1	1
ANKRD28	TBC1D5	1
CTNNB1	TBL1XR1	1
ITGA9	RFTN1	1
ITGA9	STAC	1
DHX30	TBL1XR1	1
HMCES	ZNF589	1
TOPAZ1	ZNF660	1
TCAIM	ZNF445	1
NICN1	USP4	1
ARIH2	RNF123	1
POC1A	TNNC1	1
COL7A1	PLXNB1	1
PFKFB4	TMEM89	1
CDC25A	MAP4	1
CAMP	MAP4	1
COL7A1	IP6K2	1
C3ORF84	EPRS1	1
DNAH1	PRKCD	1
ABHD14B	DHX30	1
DAG1	MAP4	1
FLNB	VPS8	1
LRIG1	PPM1L	1
RBM6	UBA3	1
DNAH12	MAP4	1
ARIH2	SLMAP	1
LMOD3	UBA3	1
ABHD6	APPL1	1
ARL13B	RYBP	1
GXYLT2	SETD5	1
ROBO2	RYBP	1
ARHGEF26	KCNJ6	1
EPB41L1	HTR3C	1
CSTA	RBL1	1
BCL2L1	KIF15	1
CAMP	CBFA2T2	1
P3H2	USF2	1
LHFPL4	ZNF587B	1
GARRE1	UQCRC1	1
ECSIT	IP6K1	1
CADPS	CD22	1
ARHGEF3	LINGO3	1
LPIN2	TRAT1	1
LRCH3	SLC16A13	1
TMEM45A	TTC19	1
CACNA2D3	SRP68	1
RBM6	SKAP1	1
IFT57	NUDT7	1
HMG20A	QTRT2	1
DAD1	SMARCC1	1
DCBLD2	INTS6	1
DDX51	LPP	1
F2	LPP	1
ARCN1	RHOA	1
CCDC85B	MAP4	1
FGFR2	IQCG	1
PXYLP1	ZMIZ1	1
D2HGDH	PRRC2B	1
AGTPBP1	BOLL	1
CARD19	ROCK2	1
ALMS1	TNC	1
AGAP1	SOX7	1
AGAP1	PINX1	1
CUL3	PCMTD1	1
MROH1	XRCC5	1
DEPTOR	MAP2	1
BAZ2B	SLC7A2	1
GPR39	ST3GAL1	1
AGAP3	SPP2	1
ERBB4	RBM33	1
EPCAM	NUP42	1
HOXD13	LYRM4	1
BCL2L11	CCDC170	1
BTNL2	ROCK2	1
RIPK1	TTC27	1
PLEKHG1	USP34	1
CXXC5	PKDCC	1
BLTP1	FSIP2	1
CGREF1	TRMT44	1
MRPL44	SETD2	1
HADHA	MAP4	1
DLEC1	EPCAM	1
KDM3A	SUCLG2	1
ARFGAP3	LRP1B	1
PREPL	ZNRF3	1
CROCC2	USP25	1
NCOA3	PARD3B	1
DEFB132	ITGAV	1
MYO3B	TSHZ2	1
BMP7	DYNC2LI1	1
CCDC85A	EYA2	1
FARP2	PPP1R7	1
ARPC2	PNKD	1
GLB1L	TUBA4A	1
MFSD6	NAB1	1
MFSD6	PMS1	1
ANKAR	ASNSD1	1
ANKMY1	PDE11A	1
HAT1	SPATS2L	1
NDUFB3	SP3	1
DLX1	HIBCH	1
OSBPL6	PLEKHA3	1
GORASP2	MYO3B	1
GAD1	GORASP2	1
AGAP1	IFIH1	1
PDE1A	PKP4	1
KCNH7	NUP35	1
CCDC148	GCG	1
PRPF40A	TLK1	1
ATIC	WDR33	1
ACTR3	POLR1B	1
CNOT9	TGFBRAP1	1
RANBP2	SULT1C3	1
LIMS1	STARD7	1
MAP4K4	RNF149	1
ANKRD36	KANSL3	1
C2ORF15	EIF5B	1
HDLBP	RNF144A	1
E2F6	STK36	1
PAX8	ZNF512	1
IFT172	RBKS	1
FOSL2	SNX17	1
BABAM2	CLIP4	1
BABAM2	LTBP1	1
BABAM2	BIRC6	1
ALK	STPG4	1
ACYP2	SPTBN1	1
SOCS5	WDPCP	1
MEIS1	ROCK2	1
RAB11FIP5	UBE2E3	1
PRADC1	SOCS5	1
SNRNP27	ZNF638	1
FAM136A	TGFA	1
SPR	STAMBP	1
M1AP	SFXN5	1
ANTXR1	MXD1	1
ATP6V1B1	MPHOSPH10	1
ALMS1	CCT7	1
ANTXR1	APLF	1
ADD2	ANTXR1	1
MRPS5	TACR1	1
ACVR1	GNLY	1
KDM3A	LTBP1	1
KCMF1	TMSB10	1
UBE2F	XAB2	1
HOXD11	NOTCH3	1
HOXD10	NOTCH3	1
RINL	TANC1	1
HOOK2	ZC3H8	1
MUC16	THADA	1
DPP10	ME2	1
ARSG	PSMD1	1
MYO19	SLC11A1	1
ARHGAP15	BCAS3	1
MBOAT2	YWHAE	1
AP2B1	ZNF512	1
PPL	RBKS	1
SNX1	TNS1	1
CPEB1	ORC2	1
ITGA4	NTRK3	1
CERS6	MARK3	1
ANAPC7	PDE11A	1
PPP1CB	SSPN	1
HSP90B1	TEX261	1
INPP5D	PKNOX2	1
ARHGAP42	HIBCH	1
FTH1	RAB1A	1
MDH1B	PLXDC2	1
CAMK2G	DDX1	1
L3MBTL2	XRCC6	1
SEPTIN3	WBP2NL	1
MRTFA	TNRC6B	1
NFAM1	TCF20	1
TBC1D22A	TTC38	1
PMM1	RANGAP1	1
DESI1	RANGAP1	1
POLDIP3	PPARA	1
DNAL4	PLA2G6	1
PARVB	SAMM50	1
MCHR1	MRTFA	1
GRAMD4	RIBC2	1
FBLN1	GRAMD4	1
FAM118A	NUP50	1
CDC42EP1	EIF3L	1
CSNK1E	KDELR3	1
CCDC134	MEI1	1
CARD10	POLR2F	1
BRD1	POLR2F	1
ATXN10	FBLN1	1
ADSL	TNRC6B	1
ADSL	MRTFA	1
ADM2	PPP6R2	1
LARGE1	TNRC6B	1
RBFOX2	TMEM184B	1
CBX7	LARGE1	1
ACO2	CACNG2	1
DEPDC5	YWHAH	1
EIF4ENIF1	TTC28	1
FBXO7	TIMP3	1
SEC14L3	THOC5	1
NIPSNAP1	THOC5	1
ASCC2	THOC5	1
OSBP2	TBC1D10A	1
DEPDC5	SLC5A1	1
INPP5J	RNF185	1
RBFOX2	SELENOM	1
CIMIP4	RBFOX2	1
MYH9	PVALB	1
EMID1	MYH9	1
MTMR3	THOC5	1
MORC2	TOM1	1
EWSR1	SMTN	1
EWSR1	SELENOM	1
DEPDC5	OSBP2	1
AP1B1	DUSP18	1
SPECC1L	XPNPEP3	1
MRTFA	SPECC1L	1
TTC28	UBE2L3	1
KLHL22	UBE2L3	1
GNAZ	MIF	1
CABIN1	SMARCB1	1
ATP6V1E1	CECR2	1
EP300	PCBP3	1
IL10RB	TTC3	1
RRP1	TRAPPC10	1
PKNOX1	TRAPPC10	1
FAM3B	MX2	1
IL10RB	MORC3	1
DYRK1A	GART	1
BRWD1	DSCAM	1
NRIP1	SH3BGR	1
MICALL1	NCOA3	1
CTCFL	POLR3H	1
CDH4	SPECC1L	1
EYA2	ZMYND8	1
PIGT	WFDC2	1
DNTTIP1	UBE2C	1
PKIG	STK4	1
SLC2A4RG	ZGPAT	1
PCIF1	UBE2C	1
PARD6B	PTPN1	1
GMEB2	HELZ2	1
EYA2	SERINC3	1
DOK5	TSHZ2	1
DNAJC5	TPD52L2	1
CHD6	NCOA5	1
PIGU	TSHZ2	1
PMEPA1	RPN2	1
PHF20	TOX2	1
CBFA2T2	TOX2	1
AURKA	MTCL2	1
MMP24	UQCC1	1
HM13	TTLL9	1
ID1	RPRD1B	1
NFS1	RBM12	1
CTNNBL1	PPP1R16B	1
CDK5RAP1	NOL4L	1
AAR2	MYL9	1
CBFA2T2	ITCH	1
BPIFB4	ITCH	1
GGT7	SLA2	1
EPB41L1	ROMO1	1
DEFB123	EPB41L1	1
DYNLRB1	ITCH	1
CBFA2T2	COMMD7	1
ASXL1	HCK	1
LZTS3	UBOX5	1
HSPA12B	PANK2	1
ATRN	PANK2	1
FASTKD5	LZTS3	1
CSNK2A1	SNRPB	1
CSNK2A1	SLC52A3	1
DEFB126	SLX4IP	1
ESF1	NDUFAF5	1
KIF16B	MACROD2	1
DZANK1	OVOL2	1
EHMT1	SPATA17	1
MAP7D1	PIP5K1B	1
CAAP1	TNNI3K	1
BAG4	ZNF672	1
GRHL2	TP53BP2	1
PLEC	TNNI1	1
ADAM9	CRB1	1
NUDCD1	OR10J1	1
ARHGAP39	VPS13D	1
MROH1	NADK	1
CCNL2	PCMTD1	1
PPIE	ZNF7	1
ADCK5	INPP5B	1
PIK3R3	RDH10	1
CA13	NDUFS5	1
CPA6	ZNF684	1
FGGY	SNTB1	1
ANKRD13C	RALYL	1
GPR37L1	YWHAG	1
FOXK1	RNPEP	1
CNTNAP2	EIF2B3	1
C1ORF210	MBOAT1	1
KIAA0319L	TPMT	1
HMMR	KIRREL1	1
NFYC	SYNPO	1
BPNT1	PPP3CA	1
DCAF6	LETM1	1
FAM193A	TPM3	1
AK2	ANKRD17	1
CACNA2D3	DAP3	1
MYRIP	S100A2	1
DDOST	FYTTD1	1
RERE	ZBTB20	1
TRAIP	WASF2	1
LSAMP	MACF1	1
LRTM1	TGFBR3	1
LPP	TAFA3	1
GRK3	NBPF14	1
ARHGAP8	UTS2	1
FAM118A	ST7L	1
AGO3	AGPAT3	1
GDAP1L1	PFKFB2	1
DVL1	ITPA	1
DOK5	SLC2A1	1
PHF20	PTPRF	1
SSBP3	TOX2	1
PMVK	USP40	1
NECAP2	PCBP1	1
C2ORF81	RLF	1
LMNA	NECTIN2	1
CLSTN1	SERTAD1	1
KDM4B	UBR4	1
STK11	THRAP3	1
GIPC2	PPAN	1
DNM2	VTCN1	1
LGR6	RNF152	1
DRC3	XPR1	1
ARHGEF11	CEP131	1
SLC38A10	TUT4	1
CTCF	SPSB1	1
CMTM4	MACF1	1
LITAF	STRIP1	1
PALS1	SRGAP2	1
CDKN3	SNX27	1
AKR1A1	ITPK1	1
CYP2J2	PCNX1	1
LATS2	MACF1	1
NUP133	PARPBP	1
LIMA1	RGL1	1
BCAT1	VPS72	1
ECE1	SLC48A1	1
SLC48A1	UQCRH	1
ARV1	SOX6	1
AHNAK	XPR1	1
DCAF8	FAM168A	1
CLSTN1	SPA17	1
TENM4	ZDHHC18	1
ELOVL1	TMEM135	1
CAP1	NARS2	1
COL8A2	SHANK2	1
CWC15	SEC22B	1
RAB18	ZNF669	1
DIP2C	PLD5	1
FAM76A	FGFR2	1
CCDC6	RCC1	1
RGS10	ZMYM1	1
SVBP	USP6NL	1
PARD3	PTPRF	1
OPN3	RGS7	1
CHML	RGS7	1
ITPKB	ZNF669	1
NLRP3	OBSCN	1
SDE2	TMEM63A	1
COQ8A	EPHX1	1
COA6	SLC35F3	1
ESRRG	MTARC2	1
CCSAP	DSTYK	1
KCNK2	SMYD2	1
RHEX	SRGAP2	1
PIK3C2B	PPP1R15B	1
C1ORF116	PIK3C2B	1
DYRK3	MAPKAPK2	1
LGR6	RNPEP	1
LAMC2	RABGAP1L	1
KIFAP3	NME7	1
ARHGEF11	MRPL24	1
IGSF9	SLAMF9	1
ATF6	SDHC	1
DAP3	SEMA4A	1
LMNA	RIT1	1
KHDC4	SMG5	1
CCT3	KHDC4	1
GON4L	SYT11	1
GPR37L1	TPM3	1
GATAD2B	IGSF8	1
ARHGEF2	PBXIP1	1
LMNA	PRPF3	1
FLAD1	LMNA	1
NOTCH2NLA	RNF115	1
HJV	RNF115	1
POGZ	RFX5	1
NBPF19	UBE2Q1	1
MINDY1	POGZ	1
GOLPH3L	THEM4	1
GATAD2B	S100A8	1
GABPB2	MLLT11	1
CERS2	GOLPH3L	1
CLIC4	UBAP2L	1
RBP7	UBE4B	1
PIK3CD	UBE4B	1
MXRA8	UBE2J2	1
RBP7	TMEM201	1
ATAD3A	TARDBP	1
PEX14	RBP7	1
MFN2	PLOD1	1
DNAJC11	KLHL21	1
FHAD1	KAZN	1
HMGN2	WDTC1	1
GPN2	KDF1	1
ECE1	SRSF10	1
ECE1	RAP1GAP	1
DNAJC11	UTS2	1
CTNNBIP1	LZIC	1
CASZ1	FBXO2	1
ATAD3C	TTLL10	1
ACAP3	INTS11	1
SYTL1	YTHDF2	1
AHDC1	MAP3K6	1
ARID1A	FAM76A	1
ADGRB2	PUM1	1
NHSL3	RBBP4	1
HDAC1	PTPRU	1
AZIN2	HPCA	1
AHDC1	IFI6	1
ADGRB2	PTP4A2	1
MACF1	NIBAN1	1
INPP5B	PLEKHO1	1
EPHB2	MAST2	1
AGRN	NDUFS5	1
HIVEP3	RBBP4	1
C1ORF94	PSMB2	1
PHACTR4	SCMH1	1
SCMH1	ZMYM6	1
RNF220	ZMPSTE24	1
CAP1	ZMPSTE24	1
MAP7D1	TRAPPC3	1
AGO1	THRAP3	1
EIF2B3	RRAGC	1
EBNA1BP2	RLF	1
CFAP57	IPO13	1
INPP5B	TRIT1	1
FOXJ3	SCMH1	1
CDC20	RRAGC	1
FOXJ3	LRRC41	1
ATPAF1	MOB3C	1
LRRC41	TAL1	1
NRDC	TMEM63A	1
PHLDA3	TMEM61	1
RHEX	SSBP3	1
DHCR24	SSBP3	1
EPS15	TTC39A	1
ANKRD13C	NBPF1	1
CRYZ	VPS13D	1
INSL5	THRAP3	1
FOXJ3	PGM1	1
B4GALT2	JAK1	1
CYP4X1	GNG12	1
NFIA	ZZZ3	1
FUBP1	USP33	1
NFIA	PATJ	1
NEGR1	PATJ	1
ANGPTL3	DOCK7	1
CACHD1	ROR1	1
EIF4G3	LRRC8D	1
LPAR3	SSX2IP	1
DIPK1A	TGFBR3	1
OLFM3	TRABD2B	1
ABCA4	ABCD3	1
ABCA4	TRIM33	1
CSF1	STRIP1	1
CSF1	GSTM5	1
CAPZA1	CTTNBP2NL	1
AMPD2	STXBP3	1
AGBL4	VTCN1	1
SMG9	TAB1	1
PLAUR	SGSM3	1
GRAP2	SAE1	1
HNRNPL	RPS19BP1	1
CARD8	EP300	1
LARGE1	OPA3	1
FTL	MYH9	1
FAM83E	SUMO3	1
IFNAR1	KMT2B	1
ABCG1	HPN	1
DIDO1	LRRC4B	1
GPI	MTCL2	1
CEP89	SLX4IP	1
EIF6	INSR	1
COX6B1	ZNF850	1
LIG1	ZNF808	1
NLRP9	ZNF784	1
ZNF614	ZNF615	1
CLEC11A	ZNF529	1
CLASRP	ZNF526	1
ETHE1	ZNF428	1
SIPA1L3	ZNF420	1
DBP	ZNF235	1
ACTN4	ZNF235	1
CEACAM20	ZNF234	1
PDCD5	ZNF227	1
PEPD	ZNF181	1
PLAUR	ZNF112	1
SCGB2B2	WTIP	1
PPM1N	VASP	1
UBA2	ZNF146	1
PDCD2L	UBA2	1
CAPN12	UBA2	1
TRAPPC2B	ZNF550	1
SYNE4	THAP8	1
CATSPERG	SUPT5H	1
ERVV-2	STRN4	1
AP2S1	STRN4	1
SPINT2	TYROBP	1
GRIK5	SNRPA	1
POLD1	SIPA1L3	1
SARS2	SIPA1L3	1
EXOC3L2	RDH13	1
PRMT1	PTOV1	1
KASH5	PRMT1	1
NECTIN2	PPP1R37	1
PLD3	RPS9	1
ETHE1	PHLDB3	1
PEPD	ZNF829	1
CHST8	PEPD	1
PAK4	ZNF837	1
CACNG6	PAK4	1
MED29	PAF1	1
LSM14A	NUDT19	1
NOSIP	TSKS	1
NFKBID	TYROBP	1
BCAM	NECTIN2	1
LILRB5	MBOAT7	1
MAMSTR	RASIP1	1
KCNC3	NAPSA	1
HNRNPUL1	IFNL4	1
AXL	HNRNPUL1	1
ACTN4	HNRNPL	1
GRIK5	ZNF829	1
FXYD5	HNRNPUL1	1
FCGRT	PRMT1	1
FBXO17	SIPA1L3	1
FAM98C	SPINT2	1
EML2	FBXO46	1
DEDD2	LIPE	1
CNOT3	KMT2B	1
CLASRP	TOMM40	1
CCDC9	SAE1	1
CBLC	PPP1R13L	1
CAPNS1	WDR62	1
CAPNS1	TBCB	1
CAPNS1	MAG	1
C19ORF47	SCN1B	1
BCAT2	ZNF544	1
AKT2	BCAM	1
ARHGEF1	CD79A	1
ARHGEF1	CBLC	1
AP2A1	FCGRT	1
AKT2	DPY19L3	1
ACTN4	SUPT5H	1
UBA2	ZNF536	1
CYP4F2	ZNF772	1
GADD45GIP1	ZNF567	1
VAV1	ZNF525	1
SLC35E1	ZFP28	1
ELOF1	TRPM4	1
CALR3	SUPT5H	1
SNRNP70	TIMM44	1
GTF2F1	SIPA1L3	1
GEMIN7	RAB11B	1
NWD1	PPP1R37	1
BRSK1	PLIN3	1
LSM4	PAK4	1
MUC16	ZC3H4	1
ACSBG2	LENG1	1
ERCC1	INSR	1
HSD17B14	SAFB	1
BLVRB	CTXN1	1
ARHGAP35	UNC13A	1
ACTN4	CIB3	1
DNMT1	ZNF846	1
WDR83OS	ZNF799	1
RNASEH2A	ZNF791	1
MED16	ZNF561	1
MBD3L1	ZNF558	1
MYO9B	ZNF443	1
NDUFB7	ZNF442	1
CALR	ZNF136	1
GET3	TRIR	1
RPL18A	TPM4	1
PRDX2	TNPO2	1
GET3	TNPO2	1
DAND5	TIMM44	1
PDE4A	TIMM29	1
REXO1	TCF3	1
SMARCA4	ZNF700	1
SLC25A42	SUGP2	1
GATAD2A	SLC25A42	1
RFX2	YJU2	1
RAB8A	TPM4	1
RAB3D	SMARCA4	1
FGF22	PTBP1	1
ADGRE3	PKN1	1
LPAR2	PBX4	1
OAZ1	ONECUT3	1
MAST3	NR2F6	1
ABHD8	NR2F6	1
NCAN	NDUFA13	1
MYO9B	TECR	1
MVB12A	NWD1	1
MVB12A	MYO9B	1
MUC16	ZSWIM4	1
MUC16	SBNO2	1
MRPL54	TJP3	1
AP3D1	MKNK2	1
MED26	SLC1A6	1
MAST3	PDE4C	1
DNM2	KRI1	1
KDM4B	TNFAIP8L1	1
ASF1B	INSR	1
IL27RA	RLN3	1
HNRNPM	KDM4B	1
GIPC1	ILVBL	1
GET3	RLN3	1
GDF15	MAST3	1
CHERP	GATAD2A	1
DAND5	GADD45GIP1	1
FKBP8	MEF2B	1
CIB3	EPS15L1	1
DNM2	SBNO2	1
DNM2	PRKCSH	1
DNASE2	GADD45GIP1	1
DNAJB1	MED26	1
DNAJB1	EPS15L1	1
CACNA1A	DHPS	1
ADGRE3	DDX39A	1
CPAMD8	SMIM7	1
CHERP	MED26	1
C3	SH2D3A	1
BTBD2	SBNO2	1
BTBD2	KLF16	1
BRD4	WDR83	1
BRD4	CYP4F22	1
ATG4D	UHRF1	1
AP3D1	LMNB2	1
AP1M2	TMED1	1
AP1M2	CELF5	1
ADGRL1	TRIR	1
MZF1	ZNF208	1
CYP4F22	ZNF93	1
MYO9B	ZNF430	1
GATAD2A	ZNF93	1
LPIN2	RFPL1	1
INO80C	NAPB	1
DSC2	NINL	1
NEDD4L	TBC1D17	1
ARK2N	ZNF407	1
GRP	TXNL1	1
CHST9	SS18	1
RAB12	ZBTB7C	1
ANKRD12	CCDC178	1
KCTD1	TWSG1	1
RAB31	RALBP1	1
MYL12A	MYOM1	1
IMPA2	LDLRAD4	1
ST6GALNAC1	ZMAT5	1
SKAP1	ZNF74	1
NF1	RBX1	1
ARFGEF2	BCAS3	1
RRBP1	YWHAE	1
DNAH17	ZNF433	1
MGAT5B	SH3GL1	1
DOT1L	GCGR	1
DNAH17	NCAN	1
AP3D1	ARHGDIA	1
DNAH17	ZNF675	1
LSR	NACA2	1
BCAS3	CACNG6	1
JUP	SCGB2B2	1
NAGLU	ZNF121	1
MUC16	RARA	1
DHX8	DPP9	1
CC2D1A	HCRT	1
DNM2	PHF12	1
ELP5	YIPF2	1
MIER2	RPL26	1
CCBE1	SKAP1	1
HSBP1L1	KIAA0753	1
DNAH9	GAREM1	1
COPS3	LPIN2	1
RHBDF2	UBE2O	1
FN3K	TBCD	1
CDC42EP4	SLC39A11	1
P4HB	SLC38A10	1
SEC14L1	SEPTIN9	1
LLGL2	SAP30BP	1
PRPSAP1	SRSF2	1
PGS1	SYNGR2	1
JPT1	NT5C	1
HEXD	NPLOC4	1
FASN	NPLOC4	1
LLGL2	TMEM104	1
ITGB4	RECQL5	1
ITGB4	MYO15B	1
HEXD	SLC16A3	1
GALK1	GRB2	1
GGA3	NUP85	1
FOXK2	NARF	1
ENGASE	TNRC6C	1
ENDOV	RNF213	1
HELZ	RBFOX3	1
POLG2	TEX2	1
ACE	DDX42	1
DCAF7	MAP3K3	1
MRPS23	RNF43	1
NPEPPS	UBE2Z	1
SKAP1	SP2	1
HOXB9	SKAP1	1
SCRN2	SP6	1
PSMD3	ZPBP2	1
NFE2L1	SP2	1
KRT40	MED24	1
HDAC5	LSM12	1
AARSD1	JUP	1
ITGB3	MYL4	1
FMNL1	NMT1	1
EFTUD2	PLCD3	1
DNAJC7	GHDC	1
ARL4D	DHX8	1
COASY	HSD17B1	1
CDK5RAP3	KPNB1	1
CBX1	SKAP1	1
ABCC3	KAT7	1
ARHGAP23	CYB561	1
IKZF3	SYNRG	1
MIEN1	WIPF2	1
FBXL20	IKZF3	1
PLXDC1	SYNRG	1
CISD3	PSMB3	1
DDX52	PLXDC1	1
CCR7	NF1	1
CPD	MYL4	1
SPACA3	TADA2A	1
AATF	NOS2	1
SARM1	TAOK1	1
NUFIP2	RAB34	1
NLK	PSMD11	1
MYO18A	PHF12	1
FLOT2	SUPT6H	1
FLOT2	PHF12	1
FLOT2	MYO18A	1
DHRS13	PHF12	1
BLTP2	FAM222B	1
SLC6A4	TP53	1
RAP1GAP2	TEKT1	1
PITPNA	PRPF8	1
CAMTA2	PELP1	1
PAFAH1B1	VPS53	1
PAFAH1B1	SMYD4	1
NTN1	PAFAH1B1	1
MYBBP1A	MYH10	1
CAMTA2	MYBBP1A	1
KIAA0753	PER1	1
DVL2	TMEM256	1
DOC2B	RPH3AL	1
DERL2	NLRP1	1
ANKFY1	CYB5D2	1
CRK	SMG6	1
CRK	SLC43A2	1
CRK	PITPNA	1
CHD3	TNFSF12	1
ANKFY1	NLRP1	1
MAP2K4	MYH3	1
NT5M	ULK2	1
ALKBH5	SMCR8	1
DRC3	GID4	1
FBXO31	TTC28	1
ATP6V0D1	PMEPA1	1
ALDOA	PANK2	1
RNPS1	UBA2	1
VWA3A	ZNF426	1
ARMC5	ZNF607	1
SS18	UBE2I	1
ANKRD11	TBCD	1
NXN	WWOX	1
STAT5A	VAC14	1
CPNE2	ERN1	1
MGRN1	MSI2	1
PPL	SP2	1
LUC7L	STX8	1
FAM222B	VPS35L	1
GALNS	PIEZO1	1
CHMP1A	VPS9D1	1
CBFB	GSE1	1
BCAR1	ZFHX3	1
GFOD2	TRADD	1
COG4	ST3GAL2	1
CTCF	SF3B3	1
CBFB	PLEKHG4	1
CCDC102A	CNGB1	1
DOK4	PLLP	1
CNOT1	HERPUD1	1
CPNE2	PSME3IP1	1
AMFR	BBS2	1
ITFG1	VPS35	1
AXIN1	CDH1	1
IFT140	UNKL	1
SRRM2	UBN1	1
RAB26	TRAF7	1
RHOT2	STUB1	1
LITAF	SNN	1
CAPN15	RAB11FIP3	1
PDPK1	PRSS21	1
ECI1	NOXO1	1
MCRIP2	MSLN	1
GRIN2A	HAPSTR1	1
GLYR1	SRL	1
CREBBP	ZNF597	1
ADCY9	FAHD1	1
HS3ST4	POLR2C	1
NMRAL1	PRKCB	1
LMF1	UMOD	1
ATF7IP2	IQCK	1
AMDHD2	COG7	1
LCMT1	TNRC6A	1
DNAH3	ERI2	1
CRYM	ERI2	1
DCUN1D3	DNAH3	1
CRYM	DCUN1D3	1
CORO1A	HSDL1	1
FUS	KAT8	1
AHSP	FBRS	1
LRRC49	NCOA3	1
ADAM10	BLVRB	1
NPTN	USP32	1
NPLOC4	RBPMS2	1
RASGRP1	TBC1D3G	1
LRRK1	SMG1	1
ENKD1	VPS13C	1
IDH2	ZNF710	1
CPEB1	MCTP2	1
HOMER2	TM6SF1	1
ABHD17C	UBE2Q2	1
NRG4	TSPAN3	1
SCAMP2	SCAPER	1
PTPN9	SCAPER	1
PSTPIP1	RCN2	1
LINGO1	NRG4	1
EDC3	SCAMP2	1
CYP11A1	EDC3	1
COX5A	EDC3	1
CEMIP	LRRC49	1
AKAP13	NOX5	1
ARIH1	TMEM202	1
NR2E3	THSD4	1
CALML4	ITGA11	1
AKAP13	INTS14	1
SMAD6	TMEM266	1
SCAPER	TLN2	1
MAP2K1	ZWILCH	1
SNX1	ZNF609	1
FOXB1	TLN2	1
MAP2K1	SMAD3	1
CLPX	PARP16	1
CHP1	SMAD3	1
MGA	RTF1	1
BUB1B	KNSTRN	1
EMC7	TTBK2	1
FAM98B	FRMD5	1
MIDEAS	MRTFA	1
CRKL	RGS6	1
DCAF5	PRPF6	1
IFNL1	TRAF3	1
SPTBN4	TDP1	1
RAD51B	UBA2	1
PTPRS	RGS6	1
KIR2DL3	LGALS3	1
PLEKHA4	STXBP6	1
FOXA1	PTPN2	1
HNRNPC	ZBTB7C	1
CKB	GRB2	1
ERN1	TRAF3	1
BCAS3	MARK3	1
MED24	TMED10	1
CATSPERB	ST3GAL2	1
CLN3	SIVA1	1
HSP90AA1	SENP8	1
CHP1	RAD51B	1
WDR25	YY1	1
TDP1	VRK1	1
PPP4R4	UNC79	1
GON7	ITPK1	1
ADSS1	CEP170B	1
CCDC85C	TDP1	1
DICER1	SAMD4A	1
TTLL5	VRTN	1
PSEN1	RBM25	1
ALDH6A1	NUMB	1
LTBP2	NEK9	1
ISM2	SPTLC2	1
IFT43	TTLL5	1
DCAF4	RGS6	1
AREL1	TMED10	1
AREL1	SYNDIG1L	1
CCDC85C	FUT8	1
PRKCH	SNAPC1	1
DAAM1	JKAMP	1
HIF1A	PRKCH	1
LGALS3	WDHD1	1
RTRAF	STYX	1
KTN1	LGALS3	1
FBXO34	LGALS3	1
DMAC2L	SPTLC2	1
MAP4K5	SOS2	1
ATL1	CDKL1	1
FANCM	TOGARAM1	1
POLE2	RPS29	1
KLHDC2	NEMF	1
AP4S1	G2E3	1
AJUBA	SLC7A8	1
EPSTI1	NSFL1C	1
GPC6	URI1	1
S1PR5	WDFY2	1
MUC16	RNASEH2B	1
CDKN2D	WDFY2	1
CRYL1	SYMPK	1
MAST1	TNFRSF19	1
CCDC57	ZDHHC20	1
MTUS2	RAI1	1
UQCRC2	ZDHHC20	1
ENOX1	RAD51B	1
GRK1	MCF2L	1
FARP1	SLC15A1	1
FARP1	IPO5	1
LMO7	SCEL	1
DHRS12	KLF5	1
RB1	TRIM13	1
ENOX1	TSC22D1	1
SOHLH2	SPART	1
MED13L	RAC2	1
PPFIBP1	SNU13	1
AGPAT3	SOAT2	1
PKNOX1	SCNN1A	1
CABLES2	NCOR2	1
SLC23A2	TEAD4	1
GRIK5	HECTD4	1
HMGA2	HNRNPM	1
CC2D1A	CPNE8	1
EIF3G	WNK1	1
ILF3	WNT5B	1
ELL	GRIN2B	1
FFAR2	SOX5	1
AKT2	BCAT1	1
ABCC9	DMKN	1
RERG	ZNF626	1
CMKLR1	ROCK1	1
ANO2	LAMA3	1
CFAP251	JUP	1
NSRP1	SLC6A13	1
MAPKAPK5	USB1	1
HIP1R	PAPOLA	1
ABCB9	VPS37B	1
OASL	SPPL3	1
IL31	SPPL3	1
FBXO21	SH2B3	1
DDX55	SBNO1	1
CLIP1	RHOF	1
ATXN2	NAA25	1
KSR2	TAOK3	1
HECTD4	HSPB8	1
ANKLE2	GOLGA3	1
ATXN2	CORO1C	1
ALDH2	ATXN2	1
ACADS	PRKAB1	1
SDS	TXNRD1	1
IGF1	PPTC7	1
CRY1	SVOP	1
APAF1	ARPC3	1
CHST11	HSP90B1	1
APAF1	TMPO	1
IKBIP	NR2C1	1
ANO4	ZDHHC17	1
GLTP	RASSF3	1
ATXN2	STAT6	1
CTDSP2	NEMP1	1
COPZ1	SP1	1
HDAC7	SLC38A1	1
PTGES3	SARNP	1
ERBB3	RBMS2	1
PYM1	SARNP	1
CS	PYM1	1
PCBP2	TIMELESS	1
PCBP2	PFDN5	1
ATF7	MAP3K12	1
AAAS	KRT5	1
CBX5	GTSF1	1
ATP5F1B	BAZ2A	1
ATF1	DIP2B	1
ACVR1B	TAMALIN	1
ARID2	TMEM117	1
GRIN2B	STX2	1
C12ORF4	SLC38A2	1
PCBP2	TNFRSF1A	1
LPCAT3	MLF2	1
ITFG2	LTBR	1
HEBP1	LRP6	1
CHD4	SPSB2	1
ANO2	DCP1B	1
CRACR2A	SOX5	1
BCAT1	PRB3	1
IRAG2	RASSF8	1
PLEKHA5	SLCO1B1	1
BCAT1	SLCO1A2	1
SPPL3	TMTC1	1
BHLHE41	ITPR2	1
ITPR2	TM7SF3	1
ITPR2	MRPS35	1
FAR2	FGD4	1
DDT	PAK1	1
MACROD1	TBC1D22A	1
ATXN10	PRPF19	1
TSPAN4	VPREB3	1
DLGAP4	SLC3A2	1
GNAS	IGF2	1
TGM2	TRPM5	1
SPINT2	VPS26B	1
CWF19L2	VAV1	1
ACTN3	HOOK2	1
FCHSD2	ZNF564	1
C19ORF12	GLYATL2	1
NFKBIB	TEAD1	1
MAP2K2	PSMA1	1
EPG5	RAB38	1
KLHL14	MARK2	1
CTIF	MOB2	1
INTS4	LGALS3BP	1
ATP5PD	LTBP3	1
MRPL21	TADA2A	1
CLPB	MED1	1
RAB6A	USP43	1
CST6	DVL2	1
NAT10	SPMAP1	1
DLG2	ZFHX3	1
CIITA	FCHSD2	1
ANKRD11	PARVA	1
ANKRD13D	UACA	1
KTN1	ME3	1
DICER1	UVRAG	1
SPON1	STXBP6	1
DDX6	LNX2	1
MIPEP	TMEM135	1
CCDC60	DYNC2H1	1
CDK2AP1	KCNQ1	1
ERP27	IGF2	1
CBL	TRIM29	1
ARCN1	DIXDC1	1
C11ORF52	CFAP68	1
CNTN5	SORL1	1
DYNC2H1	YAP1	1
CUL5	ELMOD1	1
KCTD21	TMEM135	1
CCDC81	PRSS23	1
KCTD21	PAK1	1
ME3	SYTL2	1
KCTD21	NARS2	1
GAB2	PAK1	1
ALG8	TENM4	1
GAB2	LRRC32	1
AAMDC	SPCS2	1
SERPINH1	UVRAG	1
MOGAT2	UVRAG	1
SF3B2	TRMT112	1
MAJIN	SF1	1
CST6	SF1	1
MRPL48	PPME1	1
PGM2L1	POLD3	1
NUMA1	PDE2A	1
CHKA	MRPL48	1
FCHSD2	TCIRG1	1
CAPN5	EMSY	1
ATG2A	EHD1	1
EHBP1L1	POLA2	1
CLPB	MRPL21	1
ARHGEF17	CLPB	1
AHNAK	UCP2	1
CHRM1	FCHSD2	1
AHNAK	MACROD1	1
AHNAK	VPS37C	1
AHNAK	SYT7	1
CD5	SDHAF2	1
CTNND1	RTN4RL2	1
AHNAK	RAB3IL1	1
GANAB	UBXN1	1
EEF1G	SLC22A6	1
DTX4	MS4A1	1
BSCL2	CPSF7	1
SPON1	TRIM29	1
GDPD4	TEAD1	1
CFL1	IFITM10	1
DEAF1	SIGIRR	1
RHOG	STIM1	1
PHRF1	RASSF7	1
MOB2	PRR33	1
COPB1	CYP2R1	1
BTBD10	TEAD1	1
CAT	CD3D	1
CSTF3	EIF3M	1
LARGE2	PAK1	1
PTPRJ	STK33	1
EXT2	TTC17	1
MADD	PTPRJ	1
DDB2	PTPRJ	1
AGBL2	NUP160	1
EIF3D	TCF7L2	1
ATE1	PTPRA	1
SHTN1	YTHDF1	1
PTPRT	RNLS	1
AHCY	USP6NL	1
CCNY	CDH22	1
CTBP2	FBXO17	1
HPSE2	PRKD2	1
ADK	C19ORF12	1
HNRNPF	ZNF569	1
PARD3	PARD6G	1
LRMDA	MIEN1	1
LRMDA	MYO1D	1
CCNY	NRG4	1
FBXO34	SORCS3	1
MTA1	PARD3	1
ABCC2	FARP1	1
HOXC8	WBP1L	1
LRMDA	PLEKHG6	1
KIAA1217	RNF10	1
MPP7	PRR4	1
FAM168A	PRKCQ	1
PTPRJ	TAF3	1
ADD3	SHOC2	1
ABLIM1	AFAP1L2	1
CFAP43	SLK	1
CFAP58	INA	1
KCNIP2	OGA	1
CALHM1	CALHM2	1
BMPR1A	SH3PXD2A	1
CNNM2	RBP4	1
PRXL2A	TSPAN14	1
GRID1	RNLS	1
PCGF5	RPP30	1
IFIT1	LIPA	1
GHITM	NRG3	1
CCSER2	GHITM	1
CTBP2	KCNMA1	1
MYOZ1	USP54	1
COL13A1	SGPL1	1
NODAL	SAR1A	1
MICU1	TSPAN15	1
DLG5	KCNMA1	1
DDX21	STOX1	1
ANXA11	MAT1A	1
CABCOCO1	ZMIZ1	1
LRRTM3	VPS26A	1
JMJD1C	ZNF365	1
EGR2	JMJD1C	1
CTNNA3	JMJD1C	1
HNRNPF	ZNF33B	1
GPRIN2	TIMM23	1
ADARB2	TSPAN14	1
NET1	ZMYND11	1
FRMD4A	USP6NL	1
FAM171A1	ITGA8	1
BEND7	PHYH	1
ARMS2	NSUN6	1
MGMT	MPP7	1
CREM	KLF6	1
ADARB2	CCNY	1
CAMK1D	PARD3	1
YME1L1	ZNF438	1
KIF5B	ZEB1	1
NCOA2	NSD3	1
PRKD2	RBPMS	1
PRKD1	TAX1BP1	1
PRKD1	UBE2D3	1
NFIA	PRKD1	1
NOL4L	PRKD1	1
PRKD1	RBM25	1
MON2	STAT6	1
ANXA7	PRKD1	1
DOCK11	WDR44	1
FUS	IL9R	1
CTDSP2	MAGEB16	1
ADIPOR2	CASK	1
BBLN	SPTAN1	1
ABCA2	SNAPC4	1
DYNC2I2	SH3GLB2	1
ENTPD2	FBXW5	1
IDNK	NIBAN2	1
CORO2A	TRIM14	1
PHF2	WNK2	1
CORO2A	NCBP1	1
ABL1	APBA1	1
FBP1	GNAQ	1
SLC24A2	ZBTB5	1
FOXRED2	KLF9	1
MEF2A	PLPPR1	1
LY6H	ZC3H3	1
NDUFAF6	RALYL	1
NBN	SLC26A7	1
GATA4	TRIB1	1
FDFT1	YWHAZ	1
BLK	SPIDR	1
PDLIM2	SORBS3	1
IKBKB	POLB	1
DENND3	DYRK1A	1
KLF10	PDXK	1
HNF4G	TERF2	1
F10	RNF19A	1
CASP7	UQCRB	1
ABCB8	GALNT11	1
CPSF4	HIPK2	1
PTCD1	SMURF1	1
COL26A1	CUX1	1
CDK6	KRIT1	1
GTPBP10	VPS50	1
ANKIB1	CYP51A1	1
RBM33	TMEM120A	1
DMTF1	TYW1	1
POR	RHBDD2	1
MICALL2	ZFAND2A	1
HIBADH	HOXA3	1
BBS9	HDAC9	1
HIBADH	MINDY4	1
NUPR2	SDK1	1
FBXL18	PHF12	1
CAPN1	GTF2IRD1	1
ANO1	OSBPL3	1
ADGRG6	AIG1	1
SAMD3	SLC2A12	1
BEND3	SNX3	1
RNGTT	SRSF12	1
SLC35A1	ZNF292	1
CLVS2	H2AC8	1
MBOAT1	TPMT	1
BTBD9	TPMT	1
FOXP4	ZNF318	1
FOXP4	UBR2	1
ATAT1	PPP1R18	1
NOTCH3	PTP4A1	1
DAAM2	PPP1R37	1
KHDC3L	PLEKHA7	1
MAP7	NRG3	1
MATR3	PPP2R2A	1
C9	NDRG1	1
KCNB2	PDZD2	1
FGF10	TNKS	1
ATP6V0E1	ERGIC1	1
CTNNA1	NLN	1
PLEKHG4B	SDHA	1
BRD9	TERT	1
C1QTNF3	SLC45A2	1
C9	RICTOR	1
CPLANE1	NIPBL	1
CPLANE1	SKP2	1
CWC25	LPCAT1	1
GARNL3	SEPTIN11	1
ASH2L	CENPU	1
AFF4	RPL34	1
GALNTL6	TRIM2	1
ELF2	MGARP	1
ADAD1	BLTP1	1
GAB1	PPP2R2C	1
ANXA5	TRMT44	1
GAK	YTHDC1	1
MRFAP1	TBC1D14	1
PGM2	TBC1D1	1
ATP8A1	SHISA3	1
CTCF	HNRNPDL	1
LUC7L	SHROOM3	1
KIF15	TLE4	1
ASAP1	FGF12	1
POMGNT2	SPIDR	1
PREP	TGFBR2	1
CSNK1A1	FOXL2NB	1
CAMK4	TRMT10C	1
CPEB4	SHISA5	1
CCSER1	RSRC1	1
IFT80	TNIK	1
CDCP1	ZDHHC3	1
SLC25A20	SLC26A6	1
GNAI2	SLC38A3	1
CYB561D2	SLC38A3	1
COL7A1	SLC26A6	1
CHMP2B	RNF123	1
PIGX	ZNF808	1
PCCB	ZFP3	1
CYBRD1	UBR5	1
BARD1	BNIP5	1
RHOH	SEPTIN2	1
KIDINS220	PPP4R2	1
EML4	EPHA3	1
DAPL1	LAMA5	1
RIF1	TPX2	1
LRRFIP1	RAMP1	1
D2HGDH	MLPH	1
ACSL3	KCNE4	1
TMBIM1	USP37	1
COL5A2	GTF3C3	1
ABI2	PPP1R1C	1
CIR1	WIPF1	1
GPR155	OLA1	1
CIR1	OLA1	1
CIR1	HOXD11	1
HOXD10	WIPF1	1
CIR1	HOXD10	1
KIF5C	STK39	1
SNRPG	TIA1	1
EXOC6B	SLC4A5	1
CD8A	CHMP3	1
CAPG	GGCX	1
HK2	ZNF121	1
PKP4	ZNF519	1
ACTR2	GGACT	1
ORC2	RPLP2	1
ITGA6	MYEOV	1
BAZ2B	CFAP43	1
ANXA4	MEIG1	1
SLC5A1	ZNRF3	1
ADM2	USP18	1
PI4KA	SNAP29	1
NDUFV3	PKNOX1	1
ADNP	NFATC2	1
LPIN3	TOP1	1
RIN2	SLC24A3	1
PLPBP	TTLL10	1
EIF3B	LYPD8	1
CD2AP	DIPK1A	1
CTNNA1	DNAH14	1
CENPF	TKT	1
FAF1	SLMAP	1
CNIH3	KIAA1671	1
CEBPZOS	FAF1	1
S100A8	TNNT1	1
CD101	MICU2	1
LMNTD1	PRKCZ	1
EPB41	POLR2L	1
ARAP1	IL12RB2	1
GUK1	USH2A	1
C1ORF159	SLC41A1	1
PIP5K1A	SNX27	1
CCNL2	NOC2L	1
MICOS10	NBL1	1
EPHB2	ZBTB40	1
CCNL2	DVL1	1
ATAD3B	INTS11	1
IFI6	WASF2	1
ARHGEF10L	THRAP3	1
MAST2	RAD54L	1
C8A	TESK2	1
AK4	NDC1	1
USP25	ZNF418	1
FXYD5	ZNF614	1
CNFN	ZNF417	1
KIR3DL2	U2AF2	1
TMEM160	ZC3H4	1
SUPT5H	ZSCAN5A	1
CLASRP	RHPN2	1
RELB	ZNF227	1
PRPF31	ZNF547	1
DYRK1B	NUP62	1
CARD8	MYH14	1
CADM4	SMG9	1
ACP7	ACTN4	1
PDCD5	URI1	1
SAXO5	ZNF790	1
DNAJB1	TRPM4	1
DOT1L	SPPL2B	1
MLLT1	RFX2	1
CDC34	PLPP2	1
PDE4C	PIN1	1
C19ORF38	MIDN	1
FBXW9	MAN2B1	1
FUT6	LONP1	1
EVI5L	PTPRS	1
ELL	MKNK2	1
FBXO46	ZNF90	1
ST13	ST8SIA3	1
CCDC178	KIF16B	1
CTDP1	SOCS6	1
ABHD3	ANKRD29	1
CIDEA	ROCK1	1
PTPRM	TWSG1	1
L3MBTL4	PTPN2	1
L3MBTL4	LDLRAD4	1
GNAL	IMPA2	1
ARHGAP28	L3MBTL4	1
CYTH1	KCNJ4	1
SPOP	TSPEAR	1
TANC2	TSHZ2	1
APBA3	SLFN13	1
DNAH17	USP36	1
TMEM94	TSEN54	1
BAIAP2	SEPTIN9	1
MYO15B	SEPTIN9	1
ALYREF	CCDC57	1
RBFOX3	USP32	1
APPBP2	SDK2	1
SMARCD2	STRADA	1
DHX40	GH1	1
BCAS3	SCN4A	1
CHCT1	MSI2	1
KRT222	VEZF1	1
ERN1	MYCBPAP	1
CA10	SPAG9	1
EFCAB13	SPOP	1
NFE2L1	RAPGEFL1	1
MBTD1	THRA	1
GAST	KANSL1	1
JUP	TTLL6	1
JUP	KLHL11	1
ETV4	LSM12	1
ATP6V0A1	STAT3	1
ASIC2	TBCD	1
RAB5C	STARD3	1
TAF15	ZNHIT3	1
DDX52	SYNRG	1
MED1	STARD3	1
GRB7	PIP4K2B	1
GRB7	MIEN1	1
CWC25	SPMAP1	1
CDK12	NEUROD2	1
FAM222B	LLGL2	1
TANC2	ZNF207	1
FAM222B	USP32	1
LRRC37B	RAB11FIP4	1
SGSM2	TIMM22	1
PELP1	PITPNM3	1
C1QBP	NLRP1	1
DLG4	GAS7	1
CDH13	WFDC1	1
DNAAF1	PHAF1	1
DHX38	IST1	1
GFOD2	TK2	1
ABCC12	N4BP1	1
FTO	ZNF423	1
ECI1	SPSB3	1
RAB11FIP3	RHOT2	1
ABCC1	NOMO3	1
CORO7	RMI2	1
ANKS3	SEPTIN12	1
GPRC5B	TMC5	1
TLE3	YWHAH	1
ADGRL1	SLTM	1
IQGAP1	NGRN	1
KIF23	PAQR5	1
EIF2AK4	TMOD3	1
CATSPER2	PPIP5K1	1
MFAP1	PDIA3	1
ACTC1	GOLGA8B	1
AQR	DPH6	1
JDP2	TTLL5	1
AHSA1	LIN52	1
ATP6V1D	ZFYVE26	1
NEDD8	NRL	1
KLF5	UCHL3	1
ATP7B	KLF5	1
EBPL	KPNA3	1
CAB39L	STARD13	1
LATS2	ZMYM2	1
ATP8A2	CDK8	1
APOBEC1	LAMA3	1
IGFBP4	TUBA1C	1
DNAI7	TBC1D16	1
ABCB9	VPS33A	1
MAPKAPK5	TRAFD1	1
HECTD4	RPL6	1
PAWR	PPP1R12A	1
ITGA7	MSRB3	1
ANKRD52	STAT2	1
ARF3	KMT2D	1
MAGOHB	YBX3	1
ACLY	WEE1	1
IRF8	MUC5AC	1
CLPB	GOLGA8B	1
IQSEC3	NUMA1	1
APLP2	OPCML	1
DCPS	YAP1	1
CDON	CEP126	1
CCND1	DCPS	1
RAB6A	TPCN2	1
PPP1CA	TMEM134	1
COX8A	OTUB1	1
DHCR7	NADSYN1	1
MRPL48	PLEKHB1	1
CPT1A	IGHMBP2	1
DTX4	FAM111B	1
MUC5B	TOLLIP	1
CARS1	SLC22A18AS	1
BDNF	EHF	1
CASP7	TRUB1	1
CYP2C18	TBC1D12	1
PPP3CB	USP54	1
CAMK1D	ECHDC3	1
MPP7	ZEB1	1
EPC1	KIF5B	1
CCNY	ZNF248	1
FCN1	KIAA1217	1
CCAR2	SORBS3	1
UBR5	ZNF423	1
MAD1L1	RARS1	1
BRAF	GOLGB1	1
HACD2	RSRC1	1
BCL6	SPECC1L	1
CTNNB1	PRKD2	1
PTK2	SP3	1
ANAPC1	RGPD3	1
AADACL2	ENSA	1
NCAPD2	PRPF3	1
PRKD2	SS18	1
MIA2	PSMA3	1
ERC1	PRKD1	1
DDX55	GTF2H3	1
GLYAT	NLRC5	1
GRK2	IGHMBP2	1
ABCC8	VCL	1
AFF2	EWSR1	1
INO80D	PAX3	1
FGFR2	KIF1A	1
ATP5F1A	SS18	1
NAP1L1	PRKD1	1
FGF13	STK26	1
EDA	MID1	1
GLOD5	USP9X	1
DIPK2B	SHROOM4	1
BGN	UTRN	1
GSK3B	TMEM31	1
CHD6	P2RY8	1
CPNE1	DMD	1
MAOA	SPTLC3	1
ALK	TCEAL2	1
CRIM1	TBC1D25	1
SFTPB	WDR13	1
KDM5C	PPP4R1	1
GPC3	NUP85	1
CCDC120	RASSF3	1
COX14	USP9X	1
ERI3	HTATSF1	1
ACSL4	DCAF6	1
NTRK1	P2RY8	1
NTRK1	TRO	1
C1ORF43	RP2	1
NELFB	TUBB4B	1
ANAPC2	EXD3	1
NEK6	PTPA	1
LCN2	LRSAM1	1
DAB2IP	LAMC3	1
GOLGA1	PSMB7	1
SUSD1	ZNF618	1
DNAJC25	UGCG	1
FKTN	TMEM38B	1
ABITRAM	CTNNAL1	1
MRPS2	NAA35	1
B4GALT1	SPATA31F3	1
APTX	PRSS3	1
TMEM8B	UBE2R2	1
EDEM2	RABL6	1
SEC16A	ZNF133	1
RBM12	ZNF618	1
CPNE1	ZNF618	1
MAPKAP1	UHRF1	1
KDM4C	KLK7	1
MLLT3	ZNF66	1
CDH3	TNC	1
NOTCH1	TMEM117	1
AOPEP	CPSF6	1
APAF1	UNC13B	1
APAF1	TLN1	1
NDUFV1	NIBAN2	1
KMT5B	LCN2	1
FAR1	GSN	1
KLC2	UBQLN1	1
HRAS	MELK	1
NRG1	ZCCHC7	1
ATAD2	ZHX1	1
CYRIB	TSNARE1	1
PTK2	UTP23	1
NDRG1	SNTB1	1
EFR3A	KHDRBS3	1
EFR3A	PHF20L1	1
EEF1D	GFUS	1
ANGPT1	PTK2	1
MROH1	NUDCD1	1
HHLA1	YWHAZ	1
ERICH5	GML	1
CPQ	STK3	1
PLEKHF2	TP53INP1	1
BAALC	GRHL2	1
AGO2	CNBD1	1
HNF4G	TPD52	1
CA3	E2F5	1
ARFGEF1	MAL2	1
ARFGEF1	LAPTM4B	1
PDE7A	STAU2	1
NCOA2	XKR9	1
FAM83A	LYN	1
ATP6V1H	TCEA1	1
EIF3H	ZNF596	1
ELP3	PNOC	1
BIN3	PEBP4	1
PCM1	TEX15	1
NRG1	RBPMS	1
KIF13B	NRG1	1
GTF2E2	RBPMS	1
ATP6V1H	RAB11FIP1	1
POLB	UNC5D	1
GOT1L1	KAT6A	1
GOT1L1	IKBKB	1
FGFR1	SLC20A2	1
ADAM9	TACC1	1
EIF3L	VPS13B	1
ADAM2	C22ORF39	1
NCAM2	PDE7A	1
LRRCC1	MTG2	1
ARFGEF2	CTSB	1
SFTPC	ZNFX1	1
GDAP1	ZNF606	1
DLGAP2	GPI	1
FUT10	NDUFV2	1
KRT9	SGK3	1
WSB1	XKR4	1
MYO5A	PRKDC	1
NPTN	NRG1	1
CNGB3	FBXO33	1
SFTPC	SUPT16H	1
ERO1A	NRG1	1
RB1	XKR5	1
ITPR2	LACTB2	1
CTSB	FAR1	1
NDRG1	PIK3AP1	1
ITGB1	NRG1	1
BRAF	NUP214	1
FNTA	KMT2C	1
ACTR3C	XRCC2	1
DPP6	GALNT11	1
BRAF	PARP12	1
BRAF	EXOC4	1
CCDC136	NUP205	1
CFTR	SND1	1
IMMP2L	MKLN1	1
MET	UBE2H	1
LSM8	MET	1
TMEM168	TRRAP	1
IMMP2L	PILRB	1
ATXN7L1	MET	1
CUX1	MET	1
MCM7	TSC22D4	1
CNPY4	COPS6	1
ATXN7L1	EFCAB10	1
AGFG2	ARPC1A	1
ELAPOR2	TRIM24	1
MDFIC	SEMA3A	1
PPP1R3A	RBM48	1
DYNC1I1	SRPK2	1
SND1	ZNF727	1
AUTS2	CFTR	1
PTPN12	RSBN1L	1
RSPH10B	TNRC18	1
AIMP2	PMS2	1
MICALL2	SDK1	1
GTF2IRD2B	MIOS	1
C1GALT1	UMAD1	1
HDAC9	SNX10	1
CCDC126	OSBPL3	1
POU6F2	TRA2A	1
POU6F2	STEAP1B	1
GLI3	SEPTIN7	1
AMPH	CDK13	1
ANLN	EEPD1	1
IKZF1	PHF14	1
SPMIP7	VPS41	1
ABCA13	URGCP	1
VOPP1	ZNF679	1
RAPGEF5	VOPP1	1
BMPER	EGFR	1
EGFR	PURB	1
PSPH	TNS3	1
EGFR	SUMF2	1
MET	SPECC1L	1
ACO2	ACTB	1
ACTB	GNAS	1
NINL	NIPSNAP2	1
CDC37	KMT2C	1
COL1A2	NAPSA	1
ABCB1	GIPC1	1
APOC1	IQCE	1
ACTB	EML2	1
PDIA4	TADA2A	1
MET	PRKAR1A	1
COL1A1	COL1A2	1
GGNBP2	PTPN12	1
BRAF	RABEP2	1
RFWD3	STK31	1
HSP90AA1	PTPN12	1
ST7	TMCO3	1
BAIAP2L1	LRRC23	1
TSFM	TYW1	1
CPT1A	ZNF277	1
HNRNPA2B1	SIAE	1
AEBP1	NDUFV1	1
JMJD1C	TMEM178B	1
ANK3	BRAF	1
IQCE	VIM	1
GSN	HLA-F	1
RBPMS	ROS1	1
CFB	RPL8	1
ANKS1A	SULF1	1
ANKS1A	TACC1	1
CLDN4	UTRN	1
KDELR2	ROS1	1
GOPC	KDELR2	1
BRAF	BTN2A1	1
CAPZA2	TFEB	1
HLA-DQB2	MET	1
AQP1	CFB	1
AEBP1	ANKS1A	1
IGF2R	WTAP	1
EZR	SLC22A2	1
NHSL1	VTA1	1
OPRM1	ROS1	1
ADGRG6	ROS1	1
HINT3	TRMT11	1
METTL24	SYNE1	1
SLC16A10	TRMT11	1
FYN	LAMA4	1
ADGRB3	SH3BGRL2	1
DSP	UTRN	1
KIF13A	PTPRK	1
LYRM4	ZFAND3	1
AIF1	TRERF1	1
ILRUN	NUDT3	1
BRPF3	ZFAND3	1
FBXO9	ROS1	1
CD2AP	OPN5	1
ADGRF1	ADGRF5	1
PLXNB2	UTRN	1
UTRN	XBP1	1
HIVEP1	MAPK1	1
ARFGEF2	PTP4A1	1
GSTA5	SPATA2	1
LDLR	ROS1	1
NAPSA	SEC63	1
SPDEF	VSTM2B	1
TTBK1	ZNF254	1
ADGRF4	CALR	1
BAIAP2	ROS1	1
VARS1	VMP1	1
PPARD	WNK4	1
ANKS1A	KRT19	1
PGC	UBB	1
CCDC28A	CLEC16A	1
FGF7	PTPRK	1
MYO5C	ROS1	1
UTRN	WARS1	1
ANKS1A	SERPINA1	1
TSPAN8	UTRN	1
OS9	UTRN	1
ROS1	WNK1	1
CTDSP2	RTN4IP1	1
NCOR2	PGC	1
CD4	PGC	1
HMGA1	HYOU1	1
CNPY3	CXCR5	1
NDUFV1	PPP1R18	1
CCDC6	ROS1	1
CHD1	SFTPC	1
CMBL	NDUFAF6	1
CAST	CDHR3	1
BRAF	GHR	1
NPM1	ROS1	1
ANXA6	UTRN	1
IL6ST	KDM1B	1
MYO10	NOL7	1
SLIT3	STK10	1
NSD1	UNC5A	1
CPEB4	STK32A	1
CD74	NRG2	1
MATR3	UBE2D2	1
NRG2	RNF14	1
CSNK1A1	SLC12A2	1
CDC42SE2	LYRM7	1
CAST	SCGB3A1	1
ARB2A	KIAA0825	1
FNIP1	RASA1	1
OCLN	RASGRF2	1
ARHGEF28	UTP15	1
MAST4	MRPS27	1
ADAMTS6	AK6	1
NLN	PPWD1	1
ERBIN	MAST4	1
ANKRD55	SNX18	1
ANKRD55	IL6ST	1
CTNNA1	PLEKHG4B	1
SLC12A7	TMEM232	1
SLC12A7	ZDHHC11B	1
CTNND2	SDHA	1
MYO10	ZNF622	1
LPCAT1	SDHA	1
CEP72	TPPP	1
FGFR4	GHR	1
CLPTM1L	RAI14	1
RAI14	TTC23L	1
NIPBL	SLC1A3	1
MTMR12	ZFR	1
DROSHA	SPEF2	1
MYH9	TGFBI	1
CD74	TNFRSF6B	1
ARHGAP26	RTF2	1
ASXL1	ERBIN	1
ADAMTS12	UQCC1	1
TGFBI	TNNT1	1
CAPNS1	CHD1	1
CTNND2	GPI	1
CYSTM1	RPL26	1
ERBB2	RETREG1	1
MOSMO	NRG2	1
PRM1	SRFBP1	1
RETREG1	SALL1	1
CLN6	FBXL17	1
OCLN	RASGRF1	1
GOLGA8B	GPBP1	1
AP1G2	RPS14	1
ARHGEF7	ZDHHC11	1
GPC5	MYO10	1
GRIP1	TNIP1	1
EIF4G2	MRNIP	1
CTSD	SPARC	1
FAR1	PDGFRB	1
CLNS1A	SMIM15	1
GRM5	TTC33	1
ANAPC15	RAI14	1
SGMS1	STK10	1
KIF3A	PSAP	1
RET	SEMA5A	1
GPM6A	ROS1	1
CCNG2	TAB2	1
PPA2	TBCK	1
PRSS12	TSPAN5	1
G3BP2	PDGFC	1
PPP3CA	RASGEF1B	1
HERC3	RASGEF1B	1
SCARB2	SHROOM3	1
FAM47E	SHROOM3	1
CXCL9	NUP54	1
FRAS1	SHROOM3	1
BMP2K	SHROOM3	1
AREG	SCARB2	1
TLR6	UGDH	1
ADGRL3	TOP1	1
CLCN3	NAPSA	1
ANGPTL4	CLCN3	1
APBB2	DOC2B	1
KRBOX5	POLN	1
GALNS	LAP3	1
GRXCR1	SLC7A6	1
ALG11	ZFYVE28	1
FGB	PLEKHA5	1
PTPN13	TUBA1A	1
PDGFRA	SCAF11	1
ADD1	NUDT4	1
EEA1	SLC34A2	1
BRSK2	TBC1D14	1
NDUFV1	SLC34A2	1
CLCN3	SMNDC1	1
RET	SLC39A8	1
FOXP1	NDRG1	1
LRCH4	NCEH1	1
CCDC174	ECHDC1	1
ASCC3	UBE2E1	1
FOXP1	HLA-C	1
PRKCI	RASGRF2	1
PRKAA1	TBC1D5	1
EPHB1	SLC34A2	1
CLCN2	SENP2	1
MCCC1	MCF2L2	1
MAP3K13	VPS8	1
LIPH	MAP3K13	1
ATP13A4	FNDC3B	1
B3GALNT1	TP63	1
GPR160	SEC62	1
GOLIM4	NCEH1	1
NLGN1	RSRC1	1
SELENOT	TSC22D2	1
MFSD1	RSRC1	1
RASA2	ZBTB38	1
GRM7	PIK3CB	1
MGLL	SLCO2A1	1
GAP43	TMEM108	1
COL8A1	GSK3B	1
DCBLD2	STXBP5L	1
DCBLD2	ST3GAL6	1
EPHA6	ZBTB20	1
TAMM41	VGLL4	1
MTMR14	TTLL3	1
RAF1	XPC	1
FBLN2	NUP210	1
EOMES	SLC4A7	1
GADL1	TOP2B	1
CTDSPL	OXSR1	1
SEMA3F	SLC9A9	1
PLS1	TEX264	1
KIF15	NR2C2	1
ATG7	FYCO1	1
GNL3	SFMBT1	1
PRSS50	SETD2	1
KLHL18	PTPN23	1
PBRM1	STIMATE	1
MAP4	SPINK8	1
KIF15	ZKSCAN7	1
FOXP1	LTF	1
ADAMTS9	CHL1	1
CACNA2D3	FLNB	1
FHIT	TAFA4	1
MAP3K13	SYMPK	1
PPP2R3A	ZNF875	1
GXYLT2	VAV1	1
MAGI1	PARD6G	1
FOXP1	PRKAR1A	1
EIF4G1	SNW1	1
CHFR	POLR2H	1
FXR1	RPH3A	1
FGFR2	GOLGA4	1
FYCO1	RET	1
FOXP1	PSAP	1
RALB	URM1	1
PDIA6	TPM2	1
ALK	PTPN3	1
ALK	KANK1	1
EXOC6B	MTAP	1
SFTPB	TLN1	1
FGFR1	HDLBP	1
ALK	INTS10	1
EIF2AK2	PLEC	1
DPYSL2	SFTPB	1
DMTN	SFTPB	1
EGFR	ERBB4	1
FMNL2	GSAP	1
CNTNAP5	MET	1
ALK	CUX1	1
AGR2	EIF2AK2	1
ALK	PHACTR1	1
ALK	KIF13A	1
ALK	RMDN2	1
MPC1	SFTPB	1
PGC	SFTPB	1
NCL	SQSTM1	1
UBE2E3	WDR70	1
ITGB6	SH3PXD2B	1
NCKAP5	OSMR	1
ADAMTS12	TMEM182	1
ADGRV1	ALK	1
ALK	CTNND2	1
ALK	GHR	1
ALK	RSRC1	1
ALK	SETD2	1
ALK	CACNA1D	1
EIF2AK2	SEC61A1	1
PRKCE	XRN1	1
ALK	WDR43	1
EML4	WDR43	1
EML4	FBXO11	1
EIF3D	PLEKHB2	1
DRG1	RMDN2	1
GKN1	TBC1D22A	1
LRP2	POFUT2	1
PPP1R7	SNED1	1
FARP2	SEPTIN2	1
AGFG1	MFF	1
BARD1	TRIP12	1
PARD3B	WDR12	1
CARF	NBEAL1	1
METTL21A	PLEKHM3	1
FLACC1	HYCC2	1
CASP10	CFLAR	1
BMPR2	KIAA2012	1
ADAM23	SGO2	1
OSBPL6	SPHKAP	1
CASP8	SSB	1
CASP8	UBR3	1
AGPS	PRKRA	1
OLA1	PDE11A	1
ERICH2	GORASP2	1
METTL8	RBMS1	1
B3GALT1	STK39	1
CCDC148	LY75	1
CD302	ITGB6	1
ARHGAP15	KYNU	1
HNMT	MGAT5	1
CRACDL	MGAT4A	1
IL1R1	IL1R2	1
ASAP2	MBOAT2	1
ALK	INPP5D	1
ALK	CDK15	1
ALK	ITGAV	1
ALK	ITPRID2	1
ALK	R3HDM1	1
ALK	SAP130	1
ALK	LIMS1	1
DTNB	ROCK2	1
ALK	KIDINS220	1
ALK	RNF144A	1
ALK	TP53I3	1
ALK	SLC4A1AP	1
MRPL33	RBKS	1
ALK	LCLAT1	1
ALK	VIT	1
ALK	THUMPD2	1
ADCY3	SOS1	1
ALK	SLC8A1	1
ALK	NLRC4	1
FEZ2	RAB10	1
ALK	BIRC6	1
BIRC6	YIPF4	1
ATL2	HNRNPLL	1
ALK	TTC7A	1
ALK	PRKCE	1
MAP4K3	PRKCE	1
BIRC6	CRIPT	1
ALK	CCDC85A	1
ACYP2	ALK	1
GTF2A1L	LHCGR	1
B3GNT2	KYNU	1
COMMD1	EHBP1	1
ANXA4	GCC2	1
ALK	DYSF	1
BCL11A	C2ORF42	1
ANXA4	GMCL1	1
EXOC6B	SFXN5	1
ALK	REG3A	1
ALK	LRRTM4	1
ALK	CTNNA2	1
COL5A2	SFTPB	1
ALK	ELMOD3	1
CHMP3	PIGF	1
SFXN5	TMEM150A	1
SFTPB	USP39	1
KDM3A	MRPL35	1
ATOH8	VAMP5	1
GPR39	ZNF285	1
GPR39	ZNF112	1
BSG	PLEKHB2	1
MAL	XRCC1	1
C3	SFTPB	1
EIF3G	SFTPB	1
PTMA	SAP30BP	1
COL3A1	VMP1	1
ALK	DHX8	1
ALK	SSH2	1
ALK	SMPD3	1
ALK	PRKCB	1
SFTPB	SRRM2	1
ALK	SV2B	1
PPIB	SFTPB	1
PID1	SPTLC2	1
COL3A1	SUPT16H	1
ALK	SETD3	1
ALK	STRN3	1
BRMS1L	TCF7L1	1
ALK	MTUS2	1
SFTPB	TPT1	1
ASB1	ZNF268	1
CPSF6	SH3YL1	1
ALK	TMED2	1
ALK	ARID2	1
CD63	EIF2AK2	1
RPLP0	SFTPB	1
FAR1	UGGT1	1
ALK	PKNOX2	1
ALK	PPFIA1	1
ALK	CTNND1	1
ALK	LRRC4C	1
CALCA	SFTPB	1
SFTPB	SLC35C1	1
PLEKHB2	PSAP	1
ALK	PARD3	1
SFTPA2	SFTPB	1
EFCAB6	XPNPEP3	1
SYCE3	TYMP	1
GRAP2	TBC1D22A	1
ATXN10	GTSE1	1
CIMAP1B	PPP6R2	1
BRD1	MLC1	1
APOBEC3F	SBF1	1
ASCC2	EIF3L	1
ASPHD2	DDX17	1
SEC14L2	SLC35E4	1
CHEK2	GRK3	1
CELSR1	SNAP29	1
MICAL3	PDGFB	1
KIAA1671	ZMAT5	1
SEPTIN5	TBX1	1
MAPK1	SNAP29	1
CRKL	SLC25A18	1
RSPH1	TMPRSS3	1
AGPAT3	PFKL	1
AGPAT3	APP	1
PRELID3B	TRAPPC10	1
PTGIS	ZNF217	1
OSBPL2	WFDC3	1
NEURL2	WFDC3	1
LSM14B	TAF4	1
DNAJC5	PRPF6	1
BCAS1	CYP24A1	1
SDC4	YWHAB	1
ADNP	TRPC4AP	1
GNAS	RBM12	1
PEDS1	PXMP4	1
OSBPL2	TPX2	1
HM13	OSBPL2	1
CPNE1	GNAS	1
CDK5RAP1	GNAS	1
BCAS4	PHF20	1
ACTR5	ZNF217	1
CBFA2T2	ZNF341	1
DYNLRB1	TLDC2	1
SAMHD1	SCAND1	1
RPN2	SAMHD1	1
CDK5RAP1	RALY	1
ITCH	POFUT1	1
ASIP	MAP1LC3A	1
GSS	TTI1	1
DLGAP4	PROCR	1
BPIFB1	BPIFB4	1
RALGAPB	TMC2	1
DEFB125	TRIB3	1
MACROD2	RBCK1	1
SLC24A3	TASP1	1
DTD1	MACROD2	1
EIF2B3	ZBTB5	1
HAX1	PLEC	1
SPRR2E	STK3	1
DHCR24	SFTPC	1
DDC	KIAA0040	1
EGFR	SHC1	1
KHDRBS1	MET	1
BRAF	BTF3L4	1
ARID1B	KIF26B	1
LAMC1	UTRN	1
ABCF1	S100A6	1
ENO1	UTRN	1
DDX39B	ESPN	1
CD2AP	DVL1	1
CGA	ZFYVE9	1
RAPGEF6	SUSD4	1
FNIP1	SUSD4	1
ATP2B4	MACROH2A1	1
NBPF19	RARS1	1
C1QA	CD74	1
ATAD3C	MAN2A1	1
APC	BARHL2	1
F11	NTRK1	1
BMPR1B	NSUN4	1
DHCR24	TADA2B	1
LAP3	SRSF11	1
FOXP1	SHC1	1
AHDC1	ALCAM	1
FOXP1	PSMA5	1
CSNK1E	SPRR3	1
LIPI	NTRK1	1
COL6A1	S100A6	1
ECE1	PCP4	1
CBS	DHCR24	1
NTRK1	PHF20	1
PRKCZ	TP53TG5	1
BCL2L1	VWA5B1	1
SERINC2	ZNFX1	1
DNAAF9	EVI5	1
CSDE1	DDX27	1
ITCH	NBPF26	1
ALK	LRRN2	1
CHI3L1	SFTPB	1
MUC1	SFTPB	1
LIMS1	PTP4A2	1
NASP	WIPF1	1
CACHD1	SPAG16	1
SSBP4	ZMYM4	1
SLC22A15	VPS4B	1
NARF	OLFML2B	1
CACNB1	IGSF8	1
SPAG5	SYTL1	1
EFCAB2	FKBP3	1
NTRK1	STRN3	1
HSPG2	SUSD6	1
ENO1	SNW1	1
SUPT16H	TMEM59	1
CYP4B1	PLA2G1B	1
CAPN2	MUC5AC	1
PGM2L1	RBBP5	1
ATP1B1	SIAE	1
MUC1	SIAE	1
CCT3	NDUFV1	1
PGA3	RCC1	1
PIK3R3	SPON1	1
DHCR24	SIAE	1
DHCR24	NDUFV1	1
RET	ZBTB41	1
KIF5B	NTRK1	1
FOXJ3	RET	1
AGBL4	RET	1
TARBP1	TOMM20	1
DNAH14	EPHX1	1
DSTYK	RBBP5	1
LRRN2	PPP1R12B	1
IPO9	NAV1	1
C4BPA	CD55	1
DCAF6	ILDR2	1
CD247	GPR161	1
FMN2	NTRK1	1
CD1C	SLAMF1	1
ATF6	NOS1AP	1
METTL25B	NTRK1	1
ACBD3	KHDC4	1
HDGF	THBS3	1
INSRR	MEF2D	1
CCT3	RIT1	1
ASH1L	RAB25	1
ASH1L	CCT3	1
C1ORF21	POGZ	1
ARNT	F5	1
PDE4DIP	VANGL2	1
DCAF8	GATAD2B	1
EFNA3	HJV	1
RORC	VPS72	1
SNX27	TARS2	1
GABPB2	PRUNE1	1
ATP13A2	UBR4	1
GPR157	RERE	1
NMNAT1	RBP7	1
MEGF6	WRAP73	1
CLSTN1	PLEKHG5	1
C1ORF159	SDF4	1
ARID1A	C1QC	1
ARHGEF10L	TMCO4	1
ACAP3	TMEM240	1
FAM76A	WDTC1	1
SNRNP40	SRSF4	1
AZIN2	RBBP4	1
ARHGEF16	DYNLT4	1
ERI3	ZBTB8OS	1
ST3GAL3	YARS1	1
CSMD2	PHC2	1
MAST2	TMEM69	1
AGO3	THRAP3	1
ELOVL1	SLC2A1	1
PABPC4	RHBDL2	1
BTF3L4	STMN1	1
MAST2	NDC1	1
FGGY	OSBPL9	1
CPT2	SCP2	1
EPS15	PATJ	1
DNAJC6	ROR1	1
LEPROT	NFIA	1
DPYD	TGFBR3	1
TMED5	TMIGD3	1
ADORA3	TMED5	1
HAO2	VANGL1	1
ADAM30	NOTCH2	1
CBS	EEF2	1
DDX27	NAPSA	1
CEACAM6	ZNFX1	1
CEACAM6	DDX27	1
DNM2	NCOA3	1
DDX27	LONP1	1
EYA2	KEAP1	1
ZNF418	ZSCAN22	1
BAX	ZNF417	1
SMG9	ZNF415	1
PPP1R13L	ZNF229	1
NDUFA3	VASP	1
ACTMAP	SNRPA	1
SCGB2B2	ZNF599	1
ANKRD27	RHPN2	1
IGSF23	RELB	1
PPP2R1A	TGFB1	1
PPP1R12C	PPP6R1	1
PLAUR	XRCC1	1
NECTIN2	SCN1B	1
MAMSTR	SULT2B1	1
CEACAM16	KMT2B	1
CXCL17	GSK3A	1
GIPR	PRR12	1
ETHE1	ZNF235	1
CEACAM5	ERCC1	1
DMKN	NUMBL	1
CXCL17	EXOSC5	1
COX6B1	TTYH1	1
CLPTM1	RPS5	1
CLPTM1	IGSF23	1
CIC	KLK11	1
BLOC1S3	GEMIN7	1
AP2A1	SCAF1	1
ACTN4	YIF1B	1
ACTN4	RPS16	1
MPND	ZNF585A	1
INSR	WDR62	1
BRD4	PGLYRP1	1
PRDX2	ZNF490	1
MYO1F	ZNF414	1
GCDH	TRMT1	1
MLLT1	SH3GL1	1
RANBP3	RFX2	1
RAB3D	SPC24	1
RAB3A	RAD23A	1
AP3D1	PTBP1	1
OAZ1	SF3A2	1
NR2F6	OCEL1	1
GCDH	NFIX	1
CRB3	NFIC	1
MIER2	NMRK2	1
ARID3A	MIDN	1
ABCA7	MIDN	1
HSH2D	MED26	1
EVI5L	LRRC8E	1
LDLR	SMARCA4	1
DOCK6	KANK2	1
ILVBL	SLC1A6	1
FSD1	SHD	1
DNMT1	RAVER1	1
CIRBP	WDR18	1
NR1H2	ZNF91	1
GIPC1	ZNF100	1
CEP192	TPTE	1
PHACTR3	PTPRM	1
KMT2B	RPRD1A	1
CDH19	SERPINB5	1
GAREM1	RPRD1A	1
GREB1L	TRAPPC8	1
ABHD3	SLC14A2	1
MIB1	SNRPD1	1
CABLES1	LAMA3	1
CDH7	PPP4R1	1
PTPRM	RELCH	1
GALNT1	IMPA2	1
APCDD1	TRAPPC8	1
GNAL	LAMA3	1
MYL12A	TWSG1	1
MTCL1	PPP4R1	1
LPIN2	MYL12A	1
ATXN10	KRTAP9-1	1
MRTFA	SCGB1C2	1
BRWD1	CEP112	1
RABEP1	TFF1	1
GRB2	SS18L1	1
PTPRA	TADA2A	1
BPIFA1	CLDN7	1
NAPSA	RNF213	1
CACNA1G	ZNF585B	1
CACNA1G	ZNF585A	1
COL1A1	NAPSA	1
BRCA1	ZNF675	1
ARL5C	ZNF675	1
TMEM94	UNK	1
RAB37	TMEM104	1
TEN1	TMEM94	1
SGSH	TBC1D16	1
DNAH17	SEPTIN9	1
GALK1	SEC14L1	1
NHERF1	TTYH2	1
NARF	USP36	1
GGA3	MRPS7	1
KCTD2	TMEM104	1
ITGB4	SAP30BP	1
GRB2	SLC25A19	1
CYTH1	USP36	1
CYTH1	LGALS3BP	1
ARMC7	NUP85	1
ARHGDIA	RNF213	1
HELZ	MFSD11	1
LRRC37A3	SMURF2	1
CCDC47	RECQL5	1
ARMC7	CYB561	1
MARCHF10	PRKCA	1
APPBP2	USP32	1
CLTC	PTRH2	1
BCAS3	MAP3K3	1
CDC42EP4	WIPF2	1
HOXB9	USP32	1
PECAM1	SPOP	1
MSI2	NPEPPS	1
DHX8	PCTP	1
TOB1	TTLL6	1
KPNB1	NPEPPS	1
ACBD4	NME2	1
MBTD1	PHB1	1
DHX8	GPATCH8	1
KRT33A	SYNRG	1
CCL4L2	NME2	1
CACNB1	KRT40	1
GSDMB	STARD3	1
LASP1	MLLT6	1
ACACA	SRCIN1	1
ACACA	SSH2	1
GOSR2	UTP6	1
CPD	GSDMB	1
NEK8	TLCD1	1
NUFIP2	SSH2	1
PHF12	TMEM97	1
ATAD5	EFCAB5	1
SPNS3	YWHAE	1
SLC43A2	YWHAE	1
RTN4RL1	YWHAE	1
PIMREG	XAF1	1
PRPF8	SLC43A2	1
ENO3	PSMB6	1
NAA38	POLR2A	1
ABR	NXN	1
DNAH2	KDM6B	1
CRK	MYO1C	1
CRK	GEMIN4	1
ABR	CRK	1
MAP2K4	TAOK1	1
ARHGAP44	SDF2	1
AKAP10	SLC16A3	1
PSMC3IP	SPECC1	1
KCNJ18	MMP28	1
KCNJ12	MMP28	1
ACADVL	ULK2	1
ATPAF2	TTC19	1
FAM83G	TRIM16	1
MPRIP	SREBF1	1
C22ORF39	LONP2	1
JAG1	NQO1	1
NAPSA	UQCRC2	1
ANKRD11	TGIF1	1
EEF2K	KCTD1	1
NLRP1	SNX29	1
JPT1	TMC5	1
C16ORF74	ZDHHC7	1
SPIRE2	TCF25	1
CDK10	SPIRE2	1
GSE1	USP10	1
CDK10	SPG7	1
ADAT1	TMEM170A	1
CHST5	TMEM231	1
SLC7A5	WWP2	1
CYB5B	WWP2	1
SNTB2	UTP4	1
CDH3	SF3B3	1
RANBP10	SLC7A6	1
FHOD1	NFAT5	1
ELMO3	PHAF1	1
CARMIL2	DUS2	1
CDH1	VPS4A	1
CBFB	NUTF2	1
CNGB1	IL34	1
ITFG1	PHKB	1
FTO	RBL2	1
GLYR1	GSE1	1
UBE2I	ZNF205	1
RAB40C	WDR90	1
MARF1	UNKL	1
MGRN1	UBN1	1
SNX29	TNFRSF17	1
CLEC16A	SNX29	1
CLEC16A	PLA2G10	1
NPIPA3	PDXDC1	1
CIITA	VWA3A	1
ANKS4B	TNRC6A	1
SYT17	TMC5	1
MOSMO	OTOA	1
INO80E	NOMO3	1
CREBBP	TP53TG3	1
NOL12	UNC13C	1
EEF2	THSD4	1
ANKLE1	MGA	1
CRTC3	GEMIN4	1
ACTG1	THSD4	1
NUTM1	SPECC1	1
RORA	TXNDC11	1
SEMA4B	ZNF710	1
BLM	RCCD1	1
BLM	MAN2A2	1
CTSH	RASGRF1	1
ARNT2	CEMIP	1
CHRNA3	TSPAN3	1
INSYN1	VPS13C	1
CYP1A2	SPG21	1
MAP2K5	SMAD6	1
RBPMS2	TLN2	1
AFG2B	SQOR	1
RAB27A	RSL24D1	1
PRTG	PYGO1	1
GATM	SLC30A4	1
ADAM10	ALDH1A2	1
AFG2B	TTBK2	1
GANC	SNAP23	1
FRMD5	MFAP1	1
DNAJC17	PPP1R14D	1
CHP1	RAD51	1
EFL1	FAM98B	1
AVEN	GOLGA8B	1
NIPA1	TCF12	1
FMN1	SNRPN	1
PLXNB2	SUPT16H	1
AP1G2	SDC4	1
KTN1	PRKCSH	1
AXL	MBIP	1
CALM1	JPT1	1
JDP2	WDR45B	1
ERBB2	SUPT16H	1
FBLN5	PPP4R3A	1
BAG5	PPP1R13B	1
C14ORF180	PACS2	1
BTBD7	ITPK1	1
ASPG	COA8	1
CATSPERB	TRIP11	1
AMN	TNFAIP2	1
RAD51B	SIVA1	1
PACS2	RAD51B	1
LTBP2	NPC2	1
ALDH6A1	ENTPD5	1
C14ORF39	DCAF5	1
HIF1A	LRRC9	1
SUSD6	TXNDC16	1
FBXO34	NID2	1
MDGA2	STYX	1
MIA2	TRAPPC6B	1
SEC23A	TRAPPC6B	1
PPP2R3C	WARS1	1
BAZ1A	LRRC9	1
ARID4A	NPAS3	1
MIPOL1	SLC25A21	1
MIPOL1	SFTA3	1
NPAS3	TM9SF1	1
EGLN3	STRN3	1
AKAP6	NPAS3	1
ARHGAP5	PRORP	1
AKAP6	SPTSSA	1
MYCBP2	SLC52A3	1
ARFGEF2	ITM2B	1
FOXO1	SMARCA4	1
LPIN2	PARP4	1
ATP11A	CCDC43	1
P4HB	TPT1	1
CUL4A	SUPT16H	1
BAZ1A	DOCK9	1
MCF2L	TMCO3	1
PCID2	TMCO3	1
ATP11A	CARS2	1
ADPRHL1	TFDP1	1
COL4A1	UGGT2	1
DOCK9	GPR183	1
ITGBL1	LMO7	1
MRPS31	ZC3H13	1
N4BP2L2	SUCLA2	1
MTUS2	PIBF1	1
VWA8	ZMYM2	1
FLT1	HMGB1	1
GRIN2B	RNF215	1
A2M	ARFGEF2	1
BICD1	NAPB	1
CACNA1C	UBA52	1
ERC1	ZNF492	1
EEF2	PLEKHA5	1
ELK3	LGALS3BP	1
RASSF3	TTYH2	1
LIMA1	SPOP	1
PCGF2	TUBA1C	1
ACTG1	PLEKHA5	1
BMAL2	STAT5A	1
ABCC6	LTA4H	1
KIF21A	LMF1	1
CDH13	KRAS	1
CLIP1	LTK	1
APBA2	C12ORF60	1
HSP90B1	SUPT16H	1
G2E3	NAP1L1	1
LYZ	SUPT16H	1
ATN1	SUPT16H	1
RFC5	WSB2	1
STX2	TMEM132D	1
RFLNA	TMED2	1
RSRC2	SBNO1	1
RNF10	SIRT4	1
ARPC3	PPTC7	1
P2RX4	ZNF664	1
MAPKAPK5	PTPN11	1
EP400	SFSWAP	1
DENR	KNTC1	1
ATP2A2	SPRING1	1
ATP2A2	IFT81	1
ADGRD1	TXNRD1	1
CCDC38	NTN4	1
EEA1	UBE2N	1
NAP1L1	ZNF664	1
NR2C1	PTPRB	1
FRS2	RAB21	1
CNOT2	TSPAN8	1
FRS2	MDM2	1
FRS2	LYZ	1
PWP1	SRGAP1	1
SYT1	USP15	1
MON2	USP15	1
CYP27B1	GNS	1
NEMP1	UNG	1
MARS1	TBC1D15	1
MYRFL	R3HDM2	1
FRS2	PIP4K2C	1
OS9	SLC16A7	1
MUCL1	SLC16A7	1
AVIL	R3HDM2	1
CTDSP2	MARS1	1
BIN2	TFCP2	1
RHEBL1	SLC38A1	1
PRIM1	RNF41	1
OS9	R3HDM2	1
LMBR1L	VDR	1
ARF3	DDX23	1
CSRNP2	GLS2	1
COPZ1	HNRNPA1	1
CCT2	LRRK2	1
ASB8	NELL2	1
PTMS	SARNP	1
CCDC77	WNK1	1
A2ML1	RIMKLB	1
GAPDH	NCAPD2	1
APOLD1	ERC1	1
NAP1L1	SLCO1B1	1
PLEKHA5	R3HDM2	1
KRAS	SLC2A14	1
B4GALNT3	LMO3	1
ADIPOR2	ST8SIA1	1
ABCC9	ST8SIA1	1
MGST1	SLCO1A2	1
STK38L	YEATS4	1
STK38L	TMPRSS12	1
PUS7L	SMCO2	1
ERGIC2	TMTC1	1
AMN1	FAR2	1
C22ORF23	IGHMBP2	1
EIF3L	LTO1	1
SMTN	TSKU	1
RAB1B	XBP1	1
MRTFA	SCGB1C1	1
DTD1	POU2F3	1
CHD6	FAT3	1
TALDO1	ZNFX1	1
MUC5B	ZNFX1	1
EIF4G2	ZNFX1	1
IGF2	MCM8	1
CEACAM6	SIAE	1
FADS2	FTL	1
ERBB2	ST14	1
CXCR5	P4HB	1
COG7	SLC43A1	1
FAR1	FLYWCH1	1
RASGRF1	RDX	1
SRP54	THRSP	1
APLP2	TNFSF11	1
ATP5F1B	CALCA	1
LDLRAD3	TM7SF3	1
FAM118B	ST3GAL4	1
ARHGEF12	SC5D	1
HYOU1	POU2AF3	1
FOXR1	HMBS	1
CD3G	FXYD6	1
GRIK4	TENM4	1
ME3	NARS2	1
CTSC	GRM5	1
LRP5	VPS26B	1
DPP3	FEZ1	1
APLP2	SPCS2	1
GPR137	PAFAH1B2	1
C2CD3	NCAM1	1
PACS1	SLN	1
ARRB1	DLG2	1
BANF1	SHANK2	1
FGF3	RBM14	1
RAD9A	RBM14	1
DHCR7	NUMA1	1
MACROD1	PLAAT3	1
FKBP2	SPINDOC	1
DPP3	KDM2A	1
DNAJC4	NUDT22	1
CDC42EP2	DNAJC4	1
CHKA	GDPD5	1
C2CD3	COA4	1
ARRB1	GDPD5	1
FADS1	TOP6BL	1
BAD	STX5	1
CTNND1	ZDHHC5	1
LRRC56	PHRF1	1
AMPD3	KCNQ1	1
IPO7	TMEM41B	1
DCDC1	EPS8L2	1
AMBRA1	TAGLN	1
DCLRE1C	IFNAR1	1
FTL	SFTPA2	1
LDLR	RET	1
RBM17	TWSG1	1
BTRC	IKZF3	1
DDX5	PFKP	1
ABHD17C	RET	1
FGFR2	MBIP	1
ECHDC3	TESC	1
FADS2	PSAP	1
FAR1	PSAP	1
PICALM	RET	1
MSMB	RAB30	1
RDX	WAC	1
MPP7	RNF169	1
INPP5A	JAKMIP3	1
BCCIP	EDRF1	1
BBIP1	FAM53B	1
ACSL5	ZDHHC6	1
RBM20	SHOC2	1
AS3MT	GBF1	1
DYDC2	TSPAN14	1
CNNM2	MCU	1
TSPAN14	VDAC2	1
KAT6B	SAMD8	1
CDH23	CHST3	1
CXCL12	IPMK	1
MARCHF8	PRKG1	1
C10ORF53	MAPK8	1
GPRIN2	NPY4R	1
IDI2	LARP4B	1
AKR1C3	IDI1	1
DIP2C	TUBB8	1
NUDT5	UPF2	1
ARL3	CAMK1D	1
ITGA8	RET	1
FAM107B	USP6NL	1
CAMK1D	FRMD4A	1
ABI1	BMI1	1
EBF3	ZNF37A	1
NRP1	WAPL	1
ARMCX4	BTK	1
NONO	OGT	1
MID1	SMPX	1
EIF1AX	RPS6KA3	1
GRIPAP1	OTUD5	1
AFP	SMC1A	1
PISD	RPS6KA3	1
GPC3	RBP4	1
USP9X	ZNF692	1
MAMDC4	TRAF2	1
DIPK1B	RABL6	1
CCDC187	INPP5E	1
ABL1	FUBP3	1
AMBP	WHRN	1
AMBP	ORM1	1
ALDOB	BAAT	1
AUH	SYK	1
ANKS6	GABBR2	1
AOPEP	ZNF169	1
ERMP1	PLGRKT	1
KIF24	UBAP2	1
AMBP	RAE1	1
MAP2K2	ZDHHC12	1
AMBP	TYK2	1
ALDOB	C3	1
ALDH1A1	FXYD1	1
AMBP	P4HB	1
ALDOB	MYO18A	1
ALDOB	FAM234A	1
RPL35	SERPINA1	1
BAAT	STAT6	1
APOC3	ORM1	1
CAMK2G	EEIG1	1
FGFR2	TNC	1
AMBP	RBP4	1
EIF3H	RAD21	1
ATAD2	EFR3A	1
EEF1D	STAU2	1
C8ORF34	PREX2	1
ASPH	ELOC	1
ST3GAL1	TDRP	1
CLVS1	FDFT1	1
VPS37A	ZDHHC2	1
SLC39A14	XPO7	1
FGF17	SLC39A14	1
NUGGC	PURG	1
EXTL3	RBPMS	1
APOL3	CLU	1
CLU	EPB41L1	1
PAK5	RBPMS	1
NFIC	SFRP1	1
KCTD1	TUSC3	1
CLU	MT1G	1
PLEC	SLC10A1	1
GOLGA7	PCNX4	1
F2	FOXH1	1
CLU	RBP4	1
MET	PCM1	1
KIF13B	MET	1
AOC1	SLC4A2	1
ACTR3C	GIMAP2	1
LMBR1	PRSS1	1
ESYT2	PPP1R3A	1
KPNA7	SMURF1	1
DNAJC2	RELN	1
CYP3A5	GJC3	1
AZGP1	CYP3A5	1
CYP3A43	ZSCAN25	1
BCL7B	TBL2	1
ADAP1	METTL2B	1
AOAH	HERPUD2	1
GCK	POLD2	1
MET	TNS3	1
ARFGEF2	TMEM176B	1
CDRT15L2	SMURF1	1
BCL7B	TNFRSF12A	1
PEX1	SERPINA1	1
CROT	PRRG4	1
FGFR2	TFEC	1
CREB5	FGFR2	1
ERCC6L2	ROS1	1
AMBP	SEC63	1
RABEPK	SLC29A1	1
COL27A1	CUL9	1
MAP3K4	PLG	1
ADGRG6	VTA1	1
ADGRG6	GJE1	1
DSE	NT5DC1	1
FIG4	HS3ST5	1
ASCC3	NT5E	1
EYS	SH3BGRL2	1
EYS	FILIP1	1
KHDC1L	MYLIP	1
ATXN1	DTNBP1	1
GLO1	LMBRD1	1
POLR1C	ZFAND3	1
POLR1C	TMEM63B	1
SRSF3	STK38	1
LY6G6F	STK19	1
LY6G5B	MICB	1
BTBD9	CDC5L	1
CHMP4B	SYCP2L	1
APOE	DSP	1
ABCF1	C3	1
PHF12	SMLR1	1
CFB	SERPINA1	1
ALDH8A1	PPM1H	1
ADTRP	MGST1	1
CLIC1	ITPR2	1
NT5E	PRDM10	1
SERPING1	YIPF3	1
BEND3	FGFR2	1
CTBP2	OSTM1	1
PREP	USP6NL	1
FGFR2	TRIM15	1
DAAM2	FGFR2	1
CYP3A4	FNIP1	1
ACTB	SELENOP	1
CCT5	CFB	1
CLTB	KIAA1191	1
ANXA6	CCDC69	1
FBXO38	FNIP1	1
LMAN2	MCC	1
BHMT2	JMY	1
ARB2A	BDP1	1
CLPTM1L	SLC12A7	1
RPL37	TTC33	1
AGXT2	PRLR	1
APOE	IQGAP2	1
APOE	CCT5	1
C1QTNF3	SIPA1L3	1
PRKCA	RASGRF2	1
DDX19A	HSPA9	1
MCTP1	SNTB2	1
C9	VPS35L	1
CCDC152	HP	1
BMERB1	SELENOP	1
CD74	THSD4	1
CLPTM1L	USP8	1
CCT5	SERPINA1	1
BICDL1	TRIM7	1
A2M	CCT5	1
CCT5	SERPING1	1
FGFR2	MATR3	1
TECTB	TERT	1
CCDC152	CYP2E1	1
ALB	UBAC1	1
ALB	TLN1	1
CYC1	FGA	1
NSD3	ZNF721	1
MTFR1	YIPF7	1
ALB	DYNC1I1	1
ACTB	ALB	1
ALB	SEC63	1
DSP	GC	1
HLA-F	KLHL5	1
ALB	SQSTM1	1
CLCN3	FGG	1
FGG	PLRG1	1
FGA	FGB	1
CENPE	SLC9B2	1
PDLIM5	SMARCAD1	1
HSD17B11	SPARCL1	1
AFP	ALB	1
AFM	ALB	1
AFM	AFP	1
RNF4	SPINK2	1
LYAR	NOP14	1
LRPAP1	TMEM175	1
PCDH7	USP46	1
COX7B2	SLC30A9	1
FGA	ZNFX1	1
ALB	ARFGEF2	1
NCOR1	ZNF595	1
FGG	HP	1
FGB	HP	1
ADH1B	CES1	1
ALB	MSRB1	1
FGG	SERPINA1	1
LAP3	SERPINA3	1
FGB	STAT6	1
DDIT4L	ELK3	1
ALB	PLEKHA5	1
CDKL2	COMMD9	1
FAM53B	SORBS2	1
FGB	RBP4	1
FGFR2	G3BP2	1
ARHGAP24	FGFR2	1
ALB	DDX21	1
AK1	LPP	1
PTPRD	ZBTB20	1
ACTB	AHSG	1
TF	UTRN	1
CLPTM1L	MAP3K13	1
CLPTM1L	LPP	1
CCT5	TF	1
PRIMPOL	ULK4	1
ALB	FOXP1	1
TNK2	TRA2B	1
PAK2	ST6GAL1	1
LRCH3	TMEM41A	1
EHHADH	MAP3K13	1
RNF168	TNIK	1
CCDC50	PEX5L	1
EIF5A2	SLC2A2	1
FNDC3B	PRKCI	1
HEG1	MFN1	1
LEKR1	TIPARP	1
AHSG	TF	1
CLDN11	TF	1
CEP70	MSL2	1
ESYT3	FAIM	1
KBTBD12	SEC61A1	1
EEFSEC	SEC61A1	1
ABI3BP	KLF15	1
CMTM8	GPD1L	1
HPS3	SFMBT1	1
RFT1	STIMATE	1
PBRM1	SFMBT1	1
ITIH4	SFMBT1	1
QRICH1	USP4	1
ARIH2	TMA7	1
FHIT	TKT	1
CEP15	PTPRG	1
RALY	WDR53	1
GP5	STK35	1
ARFGEF2	TF	1
C3	MFN1	1
TF	TYK2	1
A1BG	ITIH4	1
NT5DC2	REX1BD	1
HRG	TTR	1
HP	TF	1
SERPINA1	TF	1
LGMN	SLC25A26	1
FOXP1	SERPINA1	1
NAALADL2	RNF6	1
AHSG	STAT6	1
C1R	MAP3K13	1
LPCAT3	MAP3K13	1
FGFR2	PHLDB2	1
FGFR2	FOXP1	1
FGFR2	GBE1	1
FAM117B	UGCG	1
ATP5MC3	ORM2	1
GCKR	NPR2	1
ODF2	TCF7L1	1
DNAH6	LRRC8A	1
APOB	CLU	1
CROCC2	TMEM232	1
APOB	RACK1	1
FGG	UGT1A3	1
CPS1	FGA	1
ALB	NBAS	1
FHIT	GALNT14	1
CRELD2	PARD3B	1
DIS3L2	SP100	1
ACSL3	SMARCAL1	1
TMEM169	XRCC5	1
DNPEP	NHEJ1	1
IGFBP2	RPL37A	1
CPS1	MAP2	1
CYP20A1	NBEAL1	1
ITGAV	MYO1B	1
ANKAR	MFSD6	1
SSB	UBR3	1
AGPS	PDE11A	1
CERS6	GAD1	1
LCT	ZRANB3	1
MAP4K4	ZNG1B	1
RAPGEF4	TMEM131	1
LYG2	TSGA10	1
CEBPZ	MAP4K3	1
ACVR2A	PIGF	1
EPAS1	TMEM247	1
EML4	VPS54	1
PRKCE	RTN4	1
PNPT1	PPP4R3B	1
C2ORF74	USP34	1
MDH1	UGP2	1
INO80B	TTC31	1
USP39	VAMP8	1
FBXO27	NFE2L2	1
FBXO17	NFE2L2	1
BCAM	REG3A	1
JPH3	UGT1A6	1
HP	IGFBP2	1
EIF2AK2	SERPINA3	1
CPS1	WNT10B	1
IGF2	REG3A	1
FGFR2	RAPH1	1
KIF11	STAT4	1
CYP2E1	REG3A	1
ACO2	XRCC6	1
EIF3L	POLR2F	1
PICK1	SH3BP1	1
EP300	RBX1	1
CYP2D6	SULT4A1	1
PITPNB	TTC28	1
LIMK2	SMTN	1
RNF215	SEC14L3	1
C22ORF39	GNB1L	1
FTCD	SPATC1L	1
RAB22A	VAPB	1
RBL1	SAMHD1	1
PCK1	RALGAPA2	1
FNBP1	PMVK	1
SLC20A2	TMIGD3	1
ADORA3	SLC20A2	1
CYP3A4	GLUL	1
MAN1A2	RNF216	1
EPHX1	SEC63	1
SFPQ	TFEB	1
PSD2	SOX13	1
AMACR	HSD11B1	1
APOA2	MRNIP	1
ALB	UBR4	1
ADH1B	TRIT1	1
ALB	MACF1	1
ALB	AMPD2	1
EBNA1BP2	TFRC	1
MAST2	TM4SF1	1
HMGCS2	TF	1
CLIC4	PACSIN2	1
CDK11B	CHKB	1
CRP	DDX27	1
SERINC2	SGK2	1
NFASC	TCF7L1	1
GLUL	UGT1A6	1
APOA2	TYK2	1
IMPA2	YARS1	1
SERPINC1	VTN	1
APOA2	VTN	1
EFNA3	PRKCA	1
STAT3	TPM3	1
C1ORF43	STAT3	1
ARHGEF10L	PYCR1	1
ABCA10	TRIT1	1
CYP4B1	NPLOC4	1
HP	SERPINC1	1
GNB1	TXNDC11	1
CNOT1	PSMB2	1
CNIH4	VPS39	1
ATP1B1	THSD4	1
CD46	SERPINA1	1
SERPINA1	TMCO1	1
PPP2R5C	ZCCHC17	1
EIF5	EVI5	1
PTGR2	SLC16A1	1
COL2A1	SRGAP2	1
SERPINC1	STAT6	1
GLUL	STAT6	1
APOA2	GAPDH	1
APOA2	ITPR2	1
TMEM120B	UBR4	1
C8B	PAH	1
APOA2	CTSD	1
PAX7	TNKS1BP1	1
CYP2E1	GLUL	1
GPAM	TMIGD3	1
ADORA3	GPAM	1
TFB2M	ZNF124	1
DCAF6	SDCCAG8	1
IRF2BP2	TARBP1	1
EPHX1	HSD11B1	1
ETNK2	REN	1
C4BPA	MAPKAPK2	1
APOA2	CHI3L1	1
CDC73	RO60	1
LYPD8	TOR3A	1
ABL2	KCNH1	1
RASAL2	RGL1	1
CENPL	KLHL20	1
ADCY10	MPC2	1
F13B	NR1I3	1
SDHC	UFC1	1
APOA2	PFDN2	1
HDGF	ISG20L2	1
CCT3	CD5L	1
CCT3	GLMP	1
ADAR	KRTCAP2	1
TDRKH	UBAP2L	1
SCNM1	TUFT1	1
NUP210L	SHC1	1
GABPB2	SETDB1	1
RORC	S100A7	1
FAM72D	RNF115	1
KCNN3	PBXIP1	1
ARNT	GOLPH3L	1
ARNT	ENSA	1
FBLIM1	PRDM2	1
EMC1	UBR4	1
CEP85	CLIC4	1
AKR7A3	CAPZB	1
NHSL3	PEX10	1
CCDC28B	ZCCHC17	1
HDAC1	TSSK3	1
ATP5IF1	EPB41	1
PI4KB	SH3D21	1
MTF1	PABPC4	1
CLSPN	KIAA0319L	1
KDM4A	SZT2	1
ST3GAL3	TGFBR3	1
LRP8	TUT4	1
LDLRAD1	TMEM59	1
DBT	SASS6	1
FAF1	SIKE1	1
HMGCS2	WARS2	1
C3	SHANK3	1
ICAM1	PRR14L	1
FTCD	THOP1	1
APOE	ARFGEF2	1
DBP	TMEM143	1
GRAMD1A	LSR	1
KDELR1	SULT2B1	1
CCER2	HNRNPL	1
GPI	HAMP	1
CEP89	COX6B1	1
CAPN12	LGALS7	1
BCAT2	NUCB1	1
ACTN4	RYR1	1
MBD3L2	ZNF557	1
SAFB2	YJU2B	1
NDUFB7	TECR	1
EPS15L1	SLC35E1	1
DPP9	SH3GL1	1
PLPPR3	SBNO2	1
ARRDC5	SAFB	1
FDX2	S1PR2	1
ANGPTL4	RAB11B	1
NFIC	SMIM24	1
HMG20B	NFIC	1
KLHL26	TMEM59L	1
ILF3	SMARCA4	1
HNRNPM	RFX2	1
ELL	PBX4	1
DDX49	NCAN	1
C3	RFX2	1
BRD4	CALR3	1
ARMC6	BRD4	1
ARFGEF2	TTR	1
BCL2	VPS4B	1
ARK2N	CTIF	1
GATA6	RBBP8	1
ESCO1	GREB1L	1
KCTD17	UTP18	1
BCL2L13	SPECC1	1
HSD17B14	RNF213	1
ARHGAP23	TSSK6	1
STAP2	SUZ12	1
TMC6	TNRC6C	1
RECQL5	TRIM65	1
PCYT2	RAC3	1
DCXR	SIRT7	1
CLTC	PRKCA	1
GRN	STXBP4	1
CA10	SPOP	1
EPN3	SPATA20	1
KPNB1	SP2	1
ARL5C	BECN1	1
AATF	KRT15	1
METTL23	NSRP1	1
RPL23A	TAOK1	1
POLDIP2	VTN	1
MYO18A	SSH2	1
MYH13	SEPTIN9	1
PELP1	SMYD4	1
PELP1	SPAG7	1
KIF1C	RNF167	1
ASGR2	NDEL1	1
CCDC103	PEMT	1
MED9	NT5M	1
B4GALT5	RNF151	1
SEPTIN1	ZNF512B	1
ENTPD6	TBC1D10B	1
C3	HP	1
CTF1	TIMM50	1
PTGES3L	WDR59	1
AARSD1	WDR59	1
MT1G	PRKAR1A	1
PITPNC1	THUMPD1	1
ZC3H18	ZFPM1	1
CRISPLD2	GSE1	1
BCAR1	CFDP1	1
NFAT5	SLC7A6	1
COG4	MTSS2	1
CES4A	PDP2	1
DRC7	KATNB1	1
DNAJA3	MGRN1	1
IL32	TNFRSF12A	1
GNPTG	HAGH	1
EMP2	TVP23A	1
ANKS3	ZNF500	1
PKD1	RPS15A	1
DAPK2	USP18	1
ARHGAP17	RAB8B	1
DNAJA4	HYKK	1
DENND4A	DPP8	1
ONECUT1	REC114	1
GPR176	OIP5	1
AQR	GOLGA8A	1
APOE	SNW1	1
MRPL52	TSKS	1
CPD	SERPINA1	1
DHRS4	SREBF1	1
NIN	TPM1	1
SERPINA11	SERPINA12	1
C14ORF180	EFCAB11	1
DICER1	EIF5	1
DCAF4	RBM25	1
GCH1	SERPINA6	1
NEK9	TRIM9	1
MBIP	PPP2R5E	1
IRF9	RNF31	1
HEATR5A	HECTD1	1
BCL2L2	RNF212B	1
CPAMD8	ZDHHC20	1
ZMYM2	ZNF90	1
ARL4D	PCCA	1
ADPRHL1	GRTP1	1
DOCK9	RCBTB1	1
COG6	GPC5	1
KPNA3	WDFY2	1
CPB2	ZC3H13	1
CPB2	LCP1	1
ATP8A2	WASF3	1
BICDL1	HLCS	1
DRAM1	OVOL2	1
APOC1	SLC38A4	1
BORCS5	CDR2L	1
EEA1	HP	1
DIP2B	UNKL	1
SERPINA1	TMT1A	1
CD63	SERPINA1	1
A2M	SERPINA1	1
KPNA3	RESF1	1
IQCD	SLC8B1	1
GCN1	PXN	1
PITPNM2	SBNO1	1
ANO4	BLTP3B	1
CPSF6	EEA1	1
RASSF3	XPOT	1
CBX5	ZNF385A	1
NABP2	SLC39A5	1
PYM1	RACGAP1	1
C1QL4	MCRS1	1
ACVR1B	CS	1
ACVR1B	ACVRL1	1
SH2B3	WNK1	1
A2M	CLEC2A	1
DDX11	ITPR2	1
BMAL2	PPFIBP1	1
BICD1	DENND5B	1
CAPN5	EPB41L1	1
NCOA6	PSMD13	1
FHIP1B	PIGU	1
TRIM29	TRIM65	1
EEF2KMT	ZDHHC24	1
HP	SAA1	1
AP2A2	PKD1L3	1
MRPL48	TMED10	1
FADS2	SERPINA1	1
IGF2	SERPINA1	1
LGR4	SERPINA1	1
AKAP11	PACS1	1
CPT1A	KRT8	1
IFT46	TBRG1	1
TMEM25	USP28	1
CBL	NHERF4	1
CWF19L2	SLN	1
C11ORF65	POGLUT3	1
CLNS1A	RSF1	1
SART1	ZFPL1	1
MUS81	RAD9A	1
MYEOV	PPFIA1	1
GSTP1	PPFIA1	1
LRP5	MRPL48	1
MACROD1	PDE2A	1
KDM2A	NDUFV1	1
ACTN3	CCS	1
ATL3	RTN3	1
KMT5B	OR5M10	1
KMT5B	OR5M1	1
FADS2	SHANK2	1
CTNND1	STARD10	1
TMEM138	TMEM216	1
RHOD	RHOG	1
PPFIBP2	RRP8	1
PSMA1	RRAS2	1
IFITM1	PTDSS2	1
DZANK1	FGFR2	1
C3	DDX21	1
ACACA	FGFR2	1
APOH	CYP2C9	1
ERCC6	FAM83G	1
GABRG3	RET	1
CIDEB	PTEN	1
FGFR2	MTUS2	1
CYP2E1	HPD	1
ANKS1B	FGFR2	1
BEST1	RBP4	1
ARMS2	HTRA1	1
FGFR2	PRDX3	1
FGFR2	TM9SF3	1
PI4K2A	UBTD1	1
HOGA1	UBTD1	1
CPN1	PKD2L1	1
PAPSS2	SHLD2	1
ECD	MRPS16	1
A1CF	FGFR2	1
ITIH2	TAF3	1
FGFR2	WAC	1
ALOX5	MRC1	1
LAMP2	UPF3B	1
HEPH	ZC3H12B	1
ERAS	USP9X	1
CD99L2	TTC28	1
HS6ST2	TTC28	1
PABIR2	UCKL1	1
ALK	DIAPH2	1
PABIR2	PCBP2	1
ATP2B3	RET	1
HECTD2	SPIN3	1
RAPGEF1	TSC1	1
RAB14	RBM18	1
SNX30	TTLL11	1
ELP1	TMEM245	1
NEK6	RASEF	1
BRD10	INSL6	1
CCDC171	CNTLN	1
C9ORF72	MOB3B	1
GRHPR	ZCCHC7	1
LCN2	ZNFX1	1
NFIB	THBS1	1
CNTRL	PCID2	1
ERBB3	NIBAN2	1
IGF2	SIGMAR1	1
NRBP2	VPS28	1
RGS22	VPS13B	1
CIBAR1	NDUFAF6	1
SAMD12	ZBTB10	1
MRPS28	OXR1	1
JPH1	LY96	1
CPNE3	PSKH2	1
CSPP1	TERF1	1
LACTB2	NCOA2	1
ARFGEF1	CSPP1	1
CNBD1	SPIDR	1
ANK1	SPIDR	1
MSRA	TNKS	1
ESCO2	PTK2B	1
NRG1	TNFRSF10B	1
KCTD9	NRG1	1
CDH17	ERLIN2	1
IKBKB	NRG1	1
ADAM32	GTF2E2	1
CHRNA6	POMK	1
HOOK3	POLB	1
AP3M2	PLAT	1
MYH9	PLAT	1
ASPH	DNAAF9	1
DDX27	ZNF703	1
CYRIB	GNAL	1
CANT1	MROH1	1
PRR15L	RSPO2	1
B2M	MAL2	1
COL22A1	FMN1	1
KCNU1	TUBGCP5	1
ARMH4	RSPO2	1
ATP11A	ZFTRAF1	1
EEF1D	UFM1	1
NDUFV1	PLEC	1
SLC39A14	TSPAN15	1
DYNC2I1	UBE3C	1
CHCHD3	EXOC4	1
EXOC4	MKLN1	1
AHCYL2	TNPO3	1
ARF5	SND1	1
MUC12	MUC3A	1
BAIAP2L1	DMTF1	1
BRAF	GTF2IRD1	1
FOXP2	ZNF107	1
DTX2	SRRT	1
BUD23	LIMK1	1
ADAP1	GET4	1
BZW2	IMMP2L	1
PHF14	SNX13	1
NPVF	OSBPL3	1
BBS9	KMT2E	1
MET	SNRNP70	1
ARHGEF1	TMEM120A	1
KLK1	MICALL2	1
ACTB	SAFB	1
BRAF	TEX2	1
ICA1	KCTD13	1
BRAF	ETFA	1
ADAP1	NOC4L	1
NME8	RET	1
BRF2	KHDRBS2	1
PDE10A	SMOC2	1
CCDC170	PLEKHG1	1
EPB41L2	FRMD1	1
MAP7	TPD52L1	1
MCM9	ROS1	1
ASCC3	TPD52L1	1
BEND3	MDN1	1
CASP8AP2	HACE1	1
HMGN3	PHIP	1
HIVEP2	SMAP1	1
FOXO3	GMDS	1
H4C2	H4C5	1
ROS1	SRPK1	1
HLA-DPB1	MLN	1
DHX16	PPP1R18	1
CSNK2B	VARS1	1
CNPY3	RPL7L1	1
ABHD16A	CLIC1	1
CARMIL1	LRRC1	1
GCLC	TOMM6	1
ROS1	TTC28	1
DST	FUT5	1
EPB41L2	STAT3	1
DENND4A	PTK7	1
MAP3K9	ROS1	1
P4HA1	ROS1	1
CDC42SE2	SPIDR	1
CPLX2	SFXN1	1
ANKHD1	WDR55	1
PPP2CA	VDAC1	1
C5ORF15	PPP2CA	1
C5ORF58	SLC12A2	1
ATP10B	COMMD10	1
ARB2A	PRR16	1
CAST	ELL2	1
HOMER1	LMNB1	1
MTREX	PCDHGC5	1
MTREX	PCDHGC4	1
MTREX	PCDHGC3	1
MTREX	PCDHGB7	1
MTREX	PCDHGB6	1
MTREX	PCDHGB5	1
MTREX	PCDHGB4	1
MTREX	PCDHGA9	1
MTREX	PCDHGA8	1
MTREX	PCDHGA12	1
MTREX	PCDHGA11	1
MTREX	PCDHGA10	1
NADK2	RANBP3L	1
OPA3	TNPO1	1
CCT5	CEACAM6	1
KDSR	TRIO	1
ERCC8	YWHAE	1
CMBL	NOL11	1
CCT5	MCRIP2	1
HERC2	SLC12A2	1
HEXB	SUPT16H	1
ADAMTS12	SNX6	1
CCT5	COL4A2	1
CMBL	GPC5	1
CLEC2D	NPM1	1
HSP90B1	SPARC	1
LEAP2	TRAF6	1
ALB	EEF1A1	1
ANKHD1	USO1	1
NMU	SV2C	1
CTSO	NAA15	1
GATB	NOCT	1
GATB	SH3D19	1
SEPTIN11	WWC2	1
FIP1L1	LNX1	1
ANKRD17	HS3ST1	1
G3BP2	UBE2K	1
ATP8A1	RBM47	1
CORIN	FRYL	1
CLCN3	COL6A1	1
FGFR3	SPDYE4	1
CLCN3	PKM	1
CLCN3	OLFM4	1
CAMK2D	COL4A1	1
ANXA10	ATE1	1
PPA1	SLC39A8	1
BBX	SMC5	1
AHCYL2	IP6K2	1
EPHA6	ROS1	1
ITGA9	ROS1	1
BBX	DLG1	1
PRKCI	SKIL	1
EIF5A2	PHC3	1
GPR160	SLC7A14	1
IFT80	TRIM59	1
DIPK2A	SLC9A9	1
KIF15	ZDHHC3	1
DHX30	FBXW12	1
RAD54L2	SLC25A26	1
GBE1	MKRN2OS	1
SPATA16	TTC28	1
B2M	EIF2A	1
MME	TPT1	1
EEF1G	NCEH1	1
RET	ROBO1	1
APLF	SPTLC1	1
COL3A1	PLAT	1
ALK	PRKAR1B	1
C6ORF52	GIGYF2	1
DNAH7	ZCWPW2	1
GPR160	SFXN5	1
PSMD1	TRPM8	1
CAB39	PSMD1	1
CCDC141	SESTD1	1
GRB14	PSMD1	1
HNMT	SPOPL	1
FAM178B	MGAT4A	1
ARID5A	CNNM4	1
MYT1L	PXDN	1
KLF11	TMEM247	1
EFEMP1	PPP4R3B	1
ACYP2	EML6	1
REL	SANBR	1
HDLBP	LSR	1
FCGBP	PLEKHB2	1
ALK	CCDC61	1
ALK	RBBP8	1
LRRFIP1	WDR81	1
DYNLL2	SFXN5	1
REG3A	SERPINA1	1
HOXD11	NOC4L	1
EIF2AK2	IGF2	1
MUC2	SPTBN1	1
NAV2	TCF7L1	1
CELSR1	RNF215	1
SFI1	SNAP29	1
MED15	PISD	1
EIF4ENIF1	KIAA1671	1
CHEK2	KIAA1671	1
CRKL	KIAA1671	1
DGCR8	ESS2	1
ARVCF	BCR	1
C21ORF58	IFNGR2	1
APP	TSPEAR	1
MTG2	TAF4	1
SERINC3	WFDC11	1
PIGT	SRSF6	1
LIME1	SLC2A4RG	1
LAMA5	RNF114	1
BMP7	EEF1A2	1
B4GALT5	EYA2	1
ATP9A	WFDC8	1
ATP9A	CHD6	1
BCAS4	NDRG3	1
HM13	ZBTB46	1
EFCAB8	TTI1	1
DYNLRB1	TRPC4AP	1
MROH8	RBM12	1
EDEM2	RALY	1
DEFB123	HM13	1
EPB41L1	NNAT	1
CPNE1	MROH8	1
CDK5RAP1	PTPRA	1
PKIG	TMX4	1
RRBP1	SNTA1	1
PLCB1	SMOX	1
PLCB1	PSMF1	1
PCNA	TMEM230	1
KIF16B	PCSK2	1
KIF16B	SNX5	1
ABHD12	GINS1	1
NTRK1	ZKSCAN1	1
PRKAA1	PTPN22	1
DHX9	RAF1	1
PDE4DIP	TTC28	1
KLHL20	TPTE	1
ARFGEF2	TMEM59	1
COP1	REG3A	1
FAAP20	LENG8	1
KPNA6	RAB11FIP4	1
KHDC4	RPS15A	1
DHRS4L2	PTPRF	1
DHRS4	PTPRF	1
MTUS2	PTPN14	1
KIAA0319L	LRRIQ1	1
F11R	RBM4	1
APIP	SLC25A33	1
SIAE	SRSF4	1
ATP5PB	INTS4	1
ATP1A1	DDX21	1
FH	OPN3	1
DISC1	LYPLAL1	1
TCEA3	THAP3	1
FAAP20	SMIM1	1
PEX10	SLC9A1	1
FUCA1	TCEA3	1
CDC42	CELA3A	1
TNFRSF14	TXLNA	1
CEP85	STX12	1
PTPRU	TRNAU1AP	1
GNB1	KIAA0319L	1
ARTN	PTPRF	1
ARMH1	MAST2	1
BTF3L4	ZFYVE9	1
DDAH1	TRABD2B	1
EVI5	GFI1	1
ARHGEF1	UCKL1	1
DDX27	EEF2	1
BTBD2	RALY	1
SIPA1L3	SYMPK	1
FLT3LG	PRMT1	1
CXCL17	LIPE	1
ETHE1	POU2F2	1
IQCN	PDE4C	1
CNN1	DNM2	1
STAP2	ZNF714	1
NEDD4L	SERPINB5	1
DCC	ME2	1
LPIN2	MYO5B	1
CNDP2	NPC1	1
DLGAP1	LDLRAD4	1
ANKRD12	TXNDC2	1
HELZ	SNTA1	1
MEF2B	TADA2A	1
APOH	CEP112	1
BPTF	KPNA2	1
METTL2A	SEPTIN9	1
APPBP2	VMP1	1
BCAS3	CA10	1
STXBP4	USP32	1
RARA	RNF43	1
HNF1B	MSI2	1
DNAJC7	TBCD	1
TUBD1	WIPF2	1
KRTAP4-6	VMP1	1
LRRC37A2	USP32	1
IKZF3	TOP2A	1
KRT222	SMARCE1	1
CDC6	SRCIN1	1
RAB40B	TAF15	1
CACNB1	WIPF2	1
FBXL20	TNS4	1
KRT39	SRCIN1	1
FBXL20	NFE2L1	1
CDK12	KRTAP4-1	1
ARL5C	RETREG3	1
ARHGAP23	CCR7	1
GRB7	MYO19	1
ARHGAP23	MRPL45	1
FBXL20	TADA2A	1
CISD3	STARD3	1
ARHGAP23	STARD3	1
FAM222B	TRIM37	1
NF1	POLDIP2	1
MYO1D	PIGS	1
MYO18A	MYO1D	1
BLTP2	LGALS9	1
KSR1	NOS2	1
TTLL6	WRAP53	1
PITPNA	YWHAE	1
INPP5K	YWHAE	1
ALOX15B	RPH3AL	1
NCOR1	PIGL	1
ALDOA	DDX27	1
DPEP1	TCF25	1
ANKRD11	CNOT1	1
ATP6V0D1	ZDHHC1	1
PRMT7	TANGO6	1
ATP6V0D1	SMPD3	1
COG8	TERF2	1
C16ORF87	PSKH1	1
PRKCB	USP7	1
STX1B	UNKL	1
MVP	TMEM219	1
FUS	PYCARD	1
NTRK3	RUNX1	1
AHCY	RPLP1	1
NCOA3	SPINT1	1
AKAP13	PDE8A	1
ACSBG1	IDH3A	1
CSNK1G1	NTRK3	1
IQCH	ZWILCH	1
LACTB	TLN2	1
ICE2	RORA	1
SPPL2A	TRPM7	1
TTBK2	ZNF106	1
RPUSD2	ZFYVE19	1
DPH6	SLCO3A1	1
FAM98B	TCF12	1
DPH6	SHC4	1
CKB	SUPT16H	1
ARG2	GPHN	1
LGALS3	SOCS4	1
PPP2R5E	STRN3	1
DCAF11	PSME1	1
MYH9	TPT1	1
GNAS	LRCH1	1
COG6	STXBP4	1
DYNC1H1	OLFM4	1
KPNA3	PCDH9	1
FOXO1	RUBCNL	1
DIAPH3	USP12	1
PSPC1	UFM1	1
SPATA13	TNFRSF19	1
MTMR6	PAN3	1
MIPEP	POLR1D	1
ACO2	CRADD	1
BICD1	EPB41L1	1
CYP4F3	GRIN2B	1
OLFM4	STAT6	1
ERC1	GPC5	1
COX6A1	MED13L	1
MRPL42	NUDT4	1
HSP90B1	TSPAN8	1
FRS2	RAP1B	1
MAPKAPK5	SMARCD1	1
ARHGEF25	CD9	1
ATF7IP	YBX3	1
KDM5A	RAD52	1
GRIN2B	PLBD1	1
GRIN2B	MANSC1	1
ENO2	PIANP	1
HECTD4	PKP2	1
IPO8	TMTC1	1
TTC17	TTC28	1
CPNE1	NDUFV1	1
ANO9	RBCK1	1
FAR1	FXYD3	1
CIAO2A	STIM1	1
LYZ	NDUFV1	1
MMP8	MTMR2	1
CTNND1	RAB6A	1
SLC22A6	TMEM223	1
BTBD18	CTNND1	1
CD81	NDUFV1	1
E2F8	GALNT18	1
DEAF1	TMEM80	1
DEAF1	HRAS	1
EHF	PDHX	1
API5	TTC17	1
CFL1	LRP4	1
CKAP5	COMMD9	1
MYH9	SORCS1	1
EWSR1	TCF7L2	1
RET	RRBP1	1
ACTG1	DDX21	1
FGFR2	PIBF1	1
DDX21	MTMR6	1
PSAP	TSPAN8	1
DDX21	LYZ	1
CLRN3	DOCK1	1
ACSL5	ATE1	1
GPAM	VTI1A	1
ACSL5	TCF7L2	1
ARL3	NT5C2	1
PLCE1	SH3PXD2A	1
DDX21	SUPV3L1	1
C10ORF105	MICU1	1
LRMDA	RTKN2	1
CASP7	CCDC6	1
CELF2	ZMYND11	1
LYZL1	USP6NL	1
STEEP1	UBE2A	1
CHEK2	PARVB	1
SFI1	TPST2	1
ARFGEF2	ATP9A	1
PDS5B	TUBGCP3	1
LAG3	MED13L	1
CD4	MED13L	1
PAN3	RFC3	1
CYP2C19	PLCE1	1
ASAH2	NT5C2	1
IGSF1	PLAC1	1
LAS1L	MSN	1
PHEX	SMS	1
RAI2	TFE3	1
MAGEB18	USP9X	1
PAGE1	SHROOM4	1
GRIPAP1	TFE3	1
KAT6A	TFE3	1
ARID1B	TFE3	1
MAP3K7CL	VAMP7	1
CXADR	MTCP1	1
DSCAM	IGSF1	1
NDUFV3	TMEM164	1
ATP5MC3	FLNA	1
HBQ1	REPS2	1
MAPK1IP1L	TFE3	1
SETD1B	TFE3	1
FUBP1	TFE3	1
KYAT1	SPOUT1	1
AGTPBP1	PTPA	1
LRSAM1	SH2D3C	1
DAPK1	SPIN1	1
FANCC	PSIP1	1
UHRF2	ZNG1A	1
UHRF2	VLDLR	1
GLIS3	SPATA6L	1
KANK1	UHRF2	1
IL33	ZNG1A	1
CD274	KANK1	1
CD72	RIGI	1
ALDH1A1	TYK2	1
FAR1	PAEP	1
GDA	SIAE	1
HNRNPK	PFKP	1
NRG1	TNC	1
NDRG1	ST3GAL1	1
FAM83H	ZFTRAF1	1
ATAD2	C8ORF76	1
COL22A1	RAD54B	1
LOXL2	TNFRSF10B	1
ELP3	RBPMS	1
KAT6A	NRG1	1
DDX27	MTSS1	1
NCALD	PLD3	1
BSG	NCALD	1
KANSL1	PLEC	1
ASPH	SIPA1L1	1
NCALD	TPT1	1
NDRG1	PLEKHA5	1
CD63	PLAT	1
CLU	DDX21	1
DNAH11	VDAC3	1
ESYT2	VIPR2	1
CEP41	COPG2	1
EXOC4	ST7	1
ANKRD7	ST7	1
DOCK4	DUS4L	1
ADCK2	SLC26A4	1
SRRT	TRIP6	1
ST7	ZP3	1
EIF2AK1	RNF216	1
AMZ1	EIF3B	1
GLI3	SUGCT	1
TYW1B	VWC2	1
ARFGEF2	TMEM213	1
AQP1	ARFGEF2	1
HSPB1	TYK2	1
RNF10	SLC26A5	1
LDHB	PEX1	1
CPT1A	TRIM24	1
ACTB	TFEB	1
SHPRH	UTRN	1
GTF3C6	RPF2	1
C6ORF163	FAM135A	1
H2AC15	SCGN	1
TAF8	USP49	1
KIF6	MRPS18A	1
ILRUN	KCTD20	1
PKHD1	POLH	1
CD2AP	USP49	1
CD2AP	TRERF1	1
EWSR1	TFEB	1
DDX27	VEGFA	1
ACSS1	ZFAND3	1
GPI	UTRN	1
TOB1	UTRN	1
AKAP13	SYNE1	1
HNRNPA1	UFL1	1
EPS8L2	RIOK1	1
CANX	PLAT	1
GIN1	PKHD1L1	1
CCT5	CLU	1
PEX1	SLC35A4	1
MAP3K7	PDGFRB	1
PDLIM7	SQSTM1	1
NIPAL4	TNIP1	1
ATOX1	SPARC	1
HAVCR1	TIMD4	1
TCOF1	TNIP1	1
CAMK2A	TNIP1	1
ARSI	TNIP1	1
LMAN2	SPOCK1	1
PDLIM4	SLC22A4	1
MEIKIN	SEPTIN8	1
C7	CXCL14	1
FBXL17	MAT2B	1
ATG10	EPB41L4A	1
JMY	TENT2	1
RUFY1	TNPO1	1
IPO11	RNF180	1
FYB1	PDE4D	1
IPO11	SLC6A19	1
ADCY2	PLEKHG4B	1
MARCHF6	MTRR	1
CLPTM1L	SLC6A18	1
NIPBL	TAS2R1	1
RAI14	ZFR	1
NUP155	RICTOR	1
CARD6	MTMR12	1
ADAMTS12	LMBRD2	1
C7	SELENOP	1
CD74	MYH9	1
KIAA1671	NLN	1
PDCD6	PICK1	1
CLPTM1L	SCUBE1	1
MIF	SDHA	1
BRWD1	KIF2A	1
ATP5PF	HCN1	1
SEMA5A	TMX4	1
FTL	LARP1	1
C7	RHCG	1
EGLN3	TERT	1
FOXO1	PDGFRB	1
ITM2B	JADE2	1
COPS7A	ZDHHC11B	1
BIRC3	CCT5	1
CLPTM1L	TEAD1	1
DDX21	RACK1	1
NEBL	UBE2D2	1
C7	HTRA1	1
CLU	SPP1	1
CLCN3	VGF	1
CLCN3	CUX1	1
CLCN3	IGFBP3	1
CALU	LAP3	1
CLCN3	HLA-B	1
GNPDA2	TIAM2	1
ARHGEF38	SLCO4C1	1
NEK1	SH3RF1	1
OSTC	TET2	1
FAM13A	GAB1	1
ALB	EXOSC9	1
UBE2K	UCHL1	1
CLCN3	PLVAP	1
SPP1	TYK2	1
COL4A1	ZNF827	1
SPP1	STAT6	1
OSBPL11	PLEKHA2	1
CTSB	FOXP1	1
GTF2E2	ROBO2	1
CLASP2	HNRNPA2B1	1
ANKS1A	EIF4G1	1
IBTK	NCK1	1
RFESD	TIMMDC1	1
CAMK4	SFMBT1	1
CHD1	MAP4	1
DTWD2	SLMAP	1
ARHGEF3	SNX24	1
ARHGEF3	REEP5	1
MCC	PXK	1
CAST	TAFA1	1
PRKCI	YEATS2	1
PXYLP1	ZBTB38	1
CDV3	KLHL24	1
NLGN1	PDIA5	1
CPNE4	PLXNA1	1
ANAPC13	MGLL	1
PARP15	RAB7A	1
CHCHD6	SLC49A4	1
PHLDB2	RAB7A	1
CD86	KPNA1	1
C3ORF52	ZBED2	1
ITPR1	SETMAR	1
TATDN2	VHL	1
SETD5	TATDN2	1
DOCK3	TKT	1
PTPRG	TRPC1	1
IL17RD	TOMM70	1
ARF4	SLMAP	1
FRMD4B	LMOD3	1
FHIT	SYNPR	1
DDX27	TM4SF1	1
HMCES	TYK2	1
AQP2	FOXP1	1
MYLK	SIAE	1
MYO7A	ZBTB20	1
ITGAV	PTPRD	1
ANKS1A	HDLBP	1
BICRAL	PMS1	1
PCBP1	UTRN	1
CCT5	UGT1A3	1
EIF2AK2	GPX3	1
PARD3B	SNX4	1
MAGI1	NCOA1	1
EIF2AK2	SDC4	1
CNOT9	CYP27A1	1
FN1	WDSUB1	1
MYL1	XRCC5	1
ANKAR	PMS1	1
ERICH2	SLC25A12	1
ITGA6	PDK1	1
CCDC150	STK39	1
CCDC148	RBMS1	1
CCDC148	PKP4	1
NCKAP5	NMI	1
ANKRD30BL	R3HDM1	1
EIF2AK2	RHOB	1
KIF3C	SNTG2	1
MRPL33	SLC4A1AP	1
CRIM1	EEF1B2	1
CDC42EP3	UBE2E3	1
MORN2	TTC27	1
AAK1	GMCL1	1
IMMT	MEMO1	1
DPY30	IMMT	1
FN1	SH3GL1	1
IGFBP5	TYK2	1
EIF2AK2	ITGA3	1
OAZ2	SPAST	1
ELF1	RNF144A	1
MERTK	RBM14	1
DNMT3A	TRPC6	1
ALK	NUMA1	1
ALK	KIAA1217	1
SBF1	SCO2	1
DDX17	DMC1	1
ACO2	CSDC2	1
SAMM50	TXNRD2	1
CLTCL1	PHF21B	1
RNF215	TBC1D10A	1
HORMAD2	MTMR3	1
EWSR1	GAS2L1	1
KIAA1671	TTC28	1
CECR2	EIF4ENIF1	1
POFUT2	SLC19A1	1
EVA1C	TMEM50B	1
ADARB1	COL18A1	1
ARFGEF2	GNAS	1
ARFGEF2	CSE1L	1
DLGAP4	PEDS1	1
BPI	LBP	1
ROS1	ZRANB2	1
ADAR	CCT5	1
AFF1	HES4	1
BMPR1B	DDAH1	1
CHCHD6	FMN2	1
MITF	PRCC	1
ABI3BP	NBPF9	1
CD40	S100A6	1
EIF2AK2	TSPAN1	1
ALK	HOOK1	1
ACSM2B	NOTCH2	1
ARNT	MRPL52	1
HSPG2	SIAE	1
AGRN	SIAE	1
INAVA	KIF21B	1
ADAM15	DCST1	1
COP1	ENO1	1
CTRC	SPEN	1
AGRN	ISG15	1
NOL9	TRNAU1AP	1
PSMB2	ZMYM4	1
BEND5	TRABD2B	1
DNAJB4	NEXN	1
CDC14A	VCAM1	1
REG4	WARS2	1
SULT2B1	ZNF420	1
NUDT19	TDRD12	1
HNRNPL	SIRT2	1
ARHGAP35	NPAS1	1
GAMT	NECTIN2	1
MRI1	MYO1F	1
MIDN	SBNO2	1
CD226	RTTN	1
GREB1L	NPC1	1
APCDD1	NEDD4L	1
PIEZO2	RAB31	1
EXOSC5	USP32	1
TICAM1	VMP1	1
RHBDF2	TEPSIN	1
ENDOV	ITGB4	1
ACOX1	FBF1	1
CASKIN2	QRICH2	1
PRKCA	UNK	1
KAT7	NPLOC4	1
TRIM37	UBE2Z	1
FAM117A	SPOP	1
EFTUD2	GFAP	1
PIP4K2B	RPL23	1
RHOT1	TANC2	1
ANKFY1	ZZEF1	1
NDEL1	WSCD1	1
DHX33	NLRP1	1
LLGL1	MARCHF10	1
DNASE1	MYH9	1
FBXO7	PDPK1	1
DDX19A	UTP4	1
BEAN1	DUS2	1
CNOT1	SLC38A7	1
CNOT1	PHKB	1
C16ORF87	CNOT1	1
ANKRD11	RAB11FIP3	1
CAPN15	MCRIP2	1
ABCC6	ACSM2A	1
TJP1	TYK2	1
KIAA0753	ZNF609	1
ETFA	METTL9	1
PLIN1	ZNF710	1
SEMA4B	WDR93	1
IQGAP1	WDR93	1
BCL2A1	MTHFS	1
HERC1	MYO5A	1
ARNT2	TNFAIP8L3	1
ATP8B4	SMAD3	1
AP4E1	CSNK1G1	1
RAB27A	SORD	1
CATSPER2	RTF1	1
AP1G2	GNAS	1
P4HB	SNW1	1
TRAF3	ZNF839	1
MARK3	TRAF3	1
PTPN21	SIPA1L1	1
KTN1	WARS1	1
EGLN3	SLC25A21	1
AP1G2	PSME1	1
ACIN1	ATP5MJ	1
CBLN3	CHD8	1
APP	ITM2B	1
COL4A1	EDNRB	1
NDUFA4L2	PLXNB2	1
TMBIM6	TYK2	1
COPZ1	ONECUT2	1
ANKRD13A	CALCOCO2	1
MYL4	RAB3IP	1
ALDOA	DDX54	1
CHMP1A	HMGA2	1
GAPDH	SERPINA1	1
COL4A2	EEA1	1
GOLGA3	ZNF891	1
ORAI1	RIC8B	1
TEAD4	TULP3	1
CCDC77	KDM5A	1
A2M	TMEM52B	1
MRPS35	SMCO2	1
DGCR6	EHD1	1
EEF2	SIAE	1
C3	SIAE	1
CRTC1	ZFTA	1
IGF2	MYO18A	1
ALDOA	SIAE	1
SIAE	SLC25A3	1
APLP2	PLEKHA5	1
CTSD	EEA1	1
A2M	FAR1	1
CCS	RBM14	1
CTNND1	TMX2	1
SOX6	UVRAG	1
GALNT18	NUP160	1
HNRNPH3	KLK1	1
ANAPC16	HNF1B	1
ADIRF	SNW1	1
NALF1	TUBGCP2	1
DNM1L	VIM	1
PSAP	SIAE	1
SIAE	VIM	1
ADGRA1	STK32C	1
NRG3	SCD	1
ADK	SIRT1	1
ABLIM1	PIP4K2A	1
KLF6	ODAD2	1
GPR158	RPP38	1
ACBD5	ANKRD26	1
ELP4	FREM1	1
DNM1	FGFR2	1
SAMD12	TMEM74	1
CDH17	RAD54B	1
RSPO2	TOX	1
BRAF	ZCCHC8	1
ROS1	TMEM106B	1
KLC4	TJAP1	1
C6ORF132	MED20	1
FAM120B	SFI1	1
ANKFN1	CD2AP	1
SUCLA2	TINAG	1
CFB	NDUFV1	1
FGFR2	FRK	1
IL6ST	ZNF706	1
CD74	DDX27	1
PLCXD2	TMPRSS7	1
PHLDB2	TMPRSS7	1
HOXC6	KBTBD12	1
HOXC4	KBTBD12	1
EHBP1	MET	1
CPS1	CTDSPL	1
GAS8	HDAC4	1
KIAA1671	NF2	1
CEP250	PHF20	1
DEFB129	TRIB3	1
MICALL2	PTPRF	1
FAXC	PDE4B	1
DCAF17	IARS2	1
CFAP74	NUMB	1
AGTRAP	DHRS7	1
TCEA3	WDHD1	1
CHD8	DNAJC11	1
GPHN	STK40	1
FAF1	RAD51B	1
NTRK1	RABGAP1L	1
CAMTA1	DNAJC11	1
KDM4A	OPRD1	1
HCST	ZNF586	1
MZF1	TRIM28	1
DYRK1B	GAPDHS	1
ARHGAP35	CRX	1
DOCK6	TYK2	1
PTPRS	TPM4	1
EFNA2	IRF4	1
ACACA	EFCAB5	1
ALOX15B	MRM3	1
EIF5A	GLOD4	1
ARHGAP44	SLFN13	1
COX10	INPP5K	1
FNDC3A	PAN3	1
DHX37	SMURF2	1
SRGAP1	TBC1D30	1
DGKA	IKZF4	1
APLP2	PPP6R3	1
SHANK2	SPCS2	1
NEU3	SHANK2	1
FGFR2	TTC28	1
FGFR2	SIRT2	1
FGFR2	KCTD1	1
FGFR2	KRT8	1
FGFR2	PPHLN1	1
FGFR2	OGA	1
C10ORF90	MYOF	1
PTER	SEPHS1	1
AKT3	TAF6L	1
HCFC1	MECP2	1
HCFC1	IRAK1	1
CD40LG	VGLL1	1
GPC4	PABIR2	1
HS6ST2	TENM1	1
CMC4	STAG2	1
RHOXF2B	THOC2	1
NKRF	UBE2A	1
NXF3	SLC25A53	1
KLHL15	ZFX	1
APOO	ZFX	1
SYAP1	TXLNG	1
REPS2	SYAP1	1
NHS	REPS2	1
MID1	PIR	1
ARHGAP6	MID1	1
CNKSR2	MBTPS2	1
GTPBP6	SMC1A	1
TFE3	WDR45	1
JADE3	RBM10	1
KDM6A	NDUFB11	1
HSD17B10	KDM5C	1
HUWE1	PHF8	1
FGD1	PFKFB1	1
FAAH2	NBDY	1
ABCA2	FLNA	1
BGN	BRD10	1
YWHAZ	ZBTB33	1
COL28A1	MTMR1	1
COL1A2	LAMP2	1
ACTB	OGT	1
CCM2	PDHA1	1
NUP153	ZNF280C	1
ESR1	PCDH11X	1
HMGA1	PPEF1	1
BGN	ZNF827	1
ARHGEF9	CISD2	1
APBB2	DMD	1
ATP6AP1	CPB1	1
CPB1	RPS4X	1
ANOS1	ARHGEF26	1
CTNNB1	SLC38A5	1
CFAP20DC	GPR34	1
FLNA	SBF1	1
ABCB7	ACSS2	1
ZC4H2	ZMYND8	1
RBM39	TRAPPC2	1
CXORF66	MFSD6	1
PGK1	SH3BP4	1
ASMTL	UGT1A9	1
ASMTL	UGT1A8	1
ASMTL	UGT1A7	1
ASMTL	UGT1A6	1
ASMTL	UGT1A5	1
ASMTL	UGT1A4	1
ASMTL	UGT1A3	1
ASMTL	UGT1A10	1
ASMTL	UGT1A1	1
JADE3	MTA3	1
ACTN4	NLGN4X	1
CCNB3	PPP4R1	1
COL1A1	FLNA	1
NLK	VBP1	1
FGF13	NEUROD2	1
CCDC57	DIAPH2	1
B3GNTL1	CLCN4	1
AP1S2	VMP1	1
C16ORF95	GABRA3	1
GSE1	NONO	1
RTL9	SNAP23	1
GABRA3	SPATA7	1
BCAP31	SYNJ2BP	1
MAGED2	MPHOSPH8	1
DYRK2	SMS	1
PPHLN1	SCML2	1
MGP	REPS2	1
CDK4	UBA1	1
FAAH2	SSPN	1
IPO7	RENBP	1
AKAP17A	ATG16L2	1
RBM10	YAP1	1
MAGED2	NDUFV1	1
AIFM1	ARL3	1
CTBP2	IL1RAPL1	1
GPBP1L1	UTP14A	1
RAB9B	VAV3	1
APOOL	DCAF8	1
GPKOW	NVL	1
KIAA0319L	PAGE2B	1
TBC1D13	ZER1	1
MYMK	VAV2	1
TMEM141	TRAF2	1
QSOX2	SEC16A	1
LHX3	SEC16A	1
MIGA2	PTPA	1
PHYHD1	ZER1	1
AIF1L	NUP214	1
NOTCH1	NUP214	1
MIGA2	NUP188	1
EXD3	ZMYND19	1
EHMT1	TSC1	1
ARRDC1	EHMT1	1
EEIG1	NAIF1	1
CIZ1	EEIG1	1
BRD3	PIP5KL1	1
ASS1	NCS1	1
ABL1	BRD3	1
PNPLA7	RABGAP1	1
GTF3C4	LMX1B	1
MRRF	RC3H2	1
C5	PSMD5	1
DAB2IP	WDR38	1
ENDOG	PTBP3	1
ATP6V1G1	TNC	1
SLC31A1	SNX30	1
DNAJC25	NDUFA8	1
EPB41L4B	PTPN3	1
GABBR2	NOTCH1	1
GABBR2	TNC	1
GALNT12	MEGF9	1
ECPAS	ZNF484	1
NANS	NCBP1	1
ASPN	IPPK	1
IARS1	NOL8	1
FGD3	NOL8	1
GNA14	RC3H2	1
NAA35	TMEM245	1
ACTL7B	KLF9	1
FANCC	SLC28A3	1
ERCC6L2	TRPM6	1
SMC5	TJP2	1
MAMDC2	SMC5	1
RFX3	SMARCA2	1
DENND4C	NFIL3	1
RFX3	SLC24A2	1
MPDZ	PLIN2	1
ASTN2	ZCCHC7	1
SEC61B	SIT1	1
AOPEP	UBAP2	1
DOCK8	GLIPR2	1
B4GALT1	NFX1	1
ANKRD18A	B4GALT1	1
UBAP1	UBAP2	1
NFX1	UBAP1	1
RECK	TMEM8B	1
MELK	RGP1	1
GLIPR2	RECK	1
DCAF12	KIF24	1
CLTA	ZCCHC7	1
PTPRD	RAC2	1
FOCAD	GGT5	1
DDX27	STOM	1
TXN	UCKL1	1
EPS15L1	RABGAP1	1
BRD4	FRMD3	1
CNTLN	COQ8B	1
RFX3	ZNF236	1
PDCD1LG2	TPGS2	1
NOTCH1	TIMP2	1
ENG	NFE2L1	1
COL5A1	KRT19	1
NUP214	TOM1L2	1
PITPNC1	ZBTB43	1
NSF	PBX3	1
CENPP	CRHR1	1
ANXA1	ORMDL3	1
ANXA1	PPP1R1B	1
GLIS3	NF1	1
GABBR2	TMEM265	1
TMEM87A	TPRN	1
TMEM203	TMEM87A	1
LMX1B	ZNF839	1
ATG14	STRBP	1
UBR7	ZNF169	1
SPTSSA	TTC39B	1
HNRNPC	TTC39B	1
NIBAN2	PYROXD1	1
NCOR2	RABGAP1	1
BLTP3B	DENND1A	1
CAND1	WDR38	1
PBX3	PPFIA1	1
GSN	UVRAG	1
FAR1	PSMB7	1
NAA35	WDR74	1
JAK2	SIK2	1
PAX5	TMEM9B	1
IDE	STOM	1
GATA3	GRHPR	1
FAM171A1	UBAP2	1
DENND1A	SLC26A7	1
CNBD1	DCAF12	1
CA8	SCAI	1
GFI1B	RAB11FIP1	1
DOCK8	SLC20A2	1
COL14A1	ZHX2	1
TG	ZFAT	1
LYNX1	TSNARE1	1
GFUS	TRAPPC9	1
COLEC10	TNFRSF11B	1
ATAD2	SAMD12	1
PTK2	SLC30A8	1
ENPP2	PLEC	1
MROH1	ZNF707	1
GPAA1	MROH1	1
CCN3	MAL2	1
HSF1	MROH1	1
CYRIB	GSDMC	1
EFR3A	EIF3H	1
ASAP1	CYRIB	1
ARHGAP39	CPSF1	1
RAD21	TRPS1	1
LRATD2	TRPS1	1
SAMD12	SYBU	1
EIF3H	NUDCD1	1
COL14A1	ZFPM2	1
GRHL2	NRBP2	1
CPQ	OC90	1
ANXA13	DCAF13	1
NCALD	SYBU	1
CSMD3	RIMS2	1
SNX31	VPS13B	1
POLR2K	VPS13B	1
OSR2	VPS13B	1
LAPTM4B	SLC25A32	1
RNF19A	STK3	1
COX6C	RNF19A	1
BAALC	RIMS2	1
ATP6V1C1	RIMS2	1
MATN2	RAD54B	1
MATN2	POP1	1
LRP12	RIMS2	1
CPQ	ERICH5	1
COX6C	ZFPM2	1
COX6C	RGS22	1
TBC1D31	ZNF704	1
OC90	STAU2	1
ANGPT1	TPD52	1
TERF1	VPS13B	1
RALYL	RNF19A	1
CNGB3	PABPC1	1
CALB1	MTDH	1
AZIN1	MRPS28	1
GRHL2	TPD52	1
PAG1	ZFAND1	1
ATP6V0D2	WWP1	1
STAU2	TPD52	1
NECAB1	TPD52	1
NECAB1	TMEM64	1
GDAP1	PI15	1
CDH17	VCPIP1	1
ATP6V1C1	EYA1	1
C8ORF34	SULF1	1
SGK3	TRIM55	1
ARFGEF1	NCOA2	1
ARFGEF1	CPA6	1
EIF3H	RP1	1
ASPH	RNF139	1
GGH	ZFAND1	1
DECR1	FAM110B	1
NKAIN3	SLCO5A1	1
RP1	SPIDR	1
ATP6V1H	CHD7	1
RGS20	SPIDR	1
ATP6V1H	PXDNL	1
PCMTD1	RB1CC1	1
COLEC10	MCPH1	1
DEFB103B	PRKDC	1
DEFB135	MSRA	1
AGPAT5	MCPH1	1
CTSB	DEFB135	1
ARHGEF10	DEFA6	1
NAT1	PCM1	1
AZIN1	INTS9	1
CSGALNACT1	PSD3	1
CCDC25	TRIM35	1
BIN3	TNFRSF10A	1
PNOC	RHOBTB2	1
DMTN	FHIP2B	1
DMTN	SFTPC	1
EFR3A	SMIM18	1
GSR	PRKDC	1
CSMD1	FUT10	1
GSR	TRIM35	1
FUT10	NRG1	1
LSM1	NSMCE2	1
COL14A1	PLEKHA2	1
ADAM32	ZNF251	1
LSM1	NDUFAF6	1
BAG4	TP53INP1	1
GPAT4	KCNB2	1
SULF1	ZMAT4	1
NKAIN3	POMK	1
CHD7	TACC1	1
CSMD1	FGFR1	1
ADAM32	FBXO16	1
SLC20A2	UNC5D	1
NSD3	RNF122	1
NSD3	UNC5D	1
FGFR1	GTF2E2	1
DDHD2	NRG1	1
EIF4EBP1	ZNF703	1
FGFR1	SMIM19	1
DDHD2	PLPBP	1
KCNU1	PLEKHA2	1
NSD3	RAB11FIP1	1
NSD3	PLAT	1
ANK1	KAT6A	1
ANK1	IKBKB	1
HOOK3	PLEKHA2	1
GPAT4	HOOK3	1
FNTA	GPAT4	1
ADGRA2	FGFR1	1
ERLIN2	RAB11FIP1	1
ADRB3	ERLIN2	1
DDHD2	GPAT4	1
BAG4	PLEKHA2	1
ANK1	ZMAT4	1
EEF1D	PLA2G6	1
IGLL5	SFTPC	1
BAG4	SHANK3	1
APP	PPP2R2A	1
EIF3H	RIPOR3	1
PTGIS	RIMS2	1
COX6C	DDX27	1
CPQ	HM13	1
GRHL2	SNAP25	1
EIF3H	ZNF415	1
KLK3	ZC3H3	1
PLEC	RPS15	1
ARHGAP35	YWHAZ	1
GEMIN7	SLC39A14	1
LEPROTL1	MEX3D	1
FGFR1	ZNF577	1
KAT6A	KLK4	1
ASH2L	PPP1R14A	1
CYTH1	EIF3H	1
KHDRBS3	PITPNC1	1
DDX5	DEPTOR	1
ASAP1	SSH2	1
KSR1	PLEC	1
STAT3	ZFPM2	1
GRN	NCALD	1
PKIA	RARA	1
PDE7A	YPEL2	1
GPATCH8	VXN	1
SNX11	TTPA	1
MSI2	PXDNL	1
ARHGAP23	PRKDC	1
HDAC5	MSR1	1
DOCK5	STARD3	1
ADAM18	DDX5	1
COL14A1	DNAJA2	1
NCALD	SLC5A11	1
PCM1	SLC6A2	1
CHD9	DLC1	1
ANP32A	DNAAF11	1
EIF4EBP1	LRRC28	1
PPP1R13B	PPP1R16A	1
RPL8	SNW1	1
ATAD2	RAD51B	1
KLHDC2	SNTB1	1
ANKRD46	NUBPL	1
CPNE3	IFI27	1
CSPP1	VRK1	1
SNTG1	STRN3	1
FNTB	PEBP4	1
LRCH1	TBC1D31	1
DACH1	VPS13B	1
GRHL2	LRRC63	1
MZT1	TERF1	1
IKBKB	SPATA13	1
EIF4EBP1	POLR1D	1
EEA1	ST3GAL1	1
KRT4	RPL8	1
KRT18	PLEC	1
SCAF11	YWHAZ	1
DNM1L	FGFR1	1
NDUFV1	RPL8	1
FBXO3	PCMTD1	1
CSMD1	RTN3	1
GTF2E2	NARS2	1
SHANK2	UNC5D	1
NSD3	RSF1	1
RAB11FIP1	TPCN2	1
ADAM2	THAP12	1
SHANK2	TACC1	1
NSD3	PPME1	1
LAMTOR1	NSD3	1
C2CD3	HOOK3	1
HK1	UTP23	1
FGFR2	NCALD	1
DNAJC1	NDUFAF6	1
AZIN1	YME1L1	1
KIAA1217	PDE7A	1
MACROH2A2	XPO7	1
ADAM12	EIF4EBP1	1
BNC2	NRCAM	1
AGAP3	TG	1
FGFR1	IMMP2L	1
KMT2C	RHEB	1
AGAP3	GIMAP1	1
DPP6	NDUFB2	1
ATP6V0A4	CREB3L2	1
EXOC4	LRGUK	1
CALD1	LRGUK	1
PODXL	ZNF467	1
NRF1	STRIP2	1
HILPDA	SND1	1
PRKAG2	ST7	1
ASB15	IQUB	1
CADPS2	FAM3C	1
BCAP29	BRAF	1
CEP41	COG5	1
CYP3A43	ZNF789	1
KPNA7	TMEM130	1
PDAP1	SMURF1	1
EFCAB10	PUS7	1
HBP1	PIK3CG	1
ARPC1A	ZNF789	1
COL1A2	WNT2	1
BAIAP2L1	LRRD1	1
BAIAP2L1	CYP51A1	1
COL1A2	PEG10	1
CLIP2	KMT2C	1
PODXL	TYW1B	1
ELN	METTL2B	1
PHTF2	RUNDC3B	1
GUSB	VKORC1L1	1
TPST1	TYW1	1
ASL	GUSB	1
ADAP1	MIOS	1
SCIN	SKAP2	1
BZW2	KLHL7	1
RAPGEF5	STEAP1B	1
NPY	RAPGEF5	1
CDCA7L	PALS2	1
BRAF	MINDY4	1
CDK13	CLDN12	1
AGMO	POU6F2	1
ELMO1	VPS41	1
POU6F2	SUGCT	1
CDK13	RALA	1
OGDH	POLM	1
CCM2	PPIA	1
BLVRA	STK17A	1
FAM3C	SUSD2	1
ACTB	H1-0	1
ACTB	APOL1	1
AKAP9	RUNX1	1
CRCP	CYYR1	1
MRAP	UMAD1	1
FAM3B	GLI3	1
ACTB	NOL4L	1
RPN2	STK17A	1
CCT6A	DSTN	1
AZGP1	TYK2	1
FTL	KBTBD2	1
AQP1	TYK2	1
EGFR	POLD1	1
LRGUK	PRKCA	1
CREB3L2	LASP1	1
CA10	METTL2B	1
ERBB2	ZAN	1
CYB561	YWHAG	1
ELN	METTL2A	1
NHERF1	TNRC18	1
AP5Z1	SGCA	1
ABCB5	NF1	1
ASIC2	STK31	1
ANLN	BCAS3	1
ANKFN1	VPS41	1
AEBP1	COL1A1	1
AEBP1	THRA	1
ACTB	GSE1	1
HDAC9	PPL	1
ATXN7L1	TICRR	1
PDIA3	YWHAG	1
FKBP3	NUB1	1
COL1A2	POSTN	1
EMP1	KMT2C	1
RNF10	SYPL1	1
ELN	NCOR2	1
MDH2	PAWR	1
PRPF40B	STYXL1	1
PRKAR1B	ULK1	1
ATM	EXOC4	1
BCO2	CPED1	1
CADPS2	DHCR7	1
CFTR	ELP4	1
CTSD	GNB2	1
AZGP1	FAR1	1
RSBN1L	SHANK2	1
ELN	FADS2	1
CTSD	PRKAR1B	1
CRPPA	PPFIA1	1
C7ORF57	SHANK2	1
IGHMBP2	SPMIP7	1
PCDH15	PODXL	1
FOXI2	TNS3	1
VEGFA	ZNF462	1
AHI1	VPS13B	1
OXR1	PTPRK	1
ATG5	EIF3E	1
MSR1	MYO6	1
IMPG1	NSD3	1
FNTA	PHF3	1
RREB1	STK3	1
SNRNP48	STK3	1
HGSNAT	MBOAT1	1
CD24	GPAA1	1
HLA-B	UBR5	1
BLTP3A	PLEKHA2	1
ACTR3B	TAB2	1
ESR1	TNS3	1
MYB	UMAD1	1
ATG5	RSPH10B	1
ACTB	HLA-DQB1	1
AGR2	ANKS1A	1
CEP43	RPS6KA2	1
PDE10A	PSMB1	1
SYNJ2	TULP4	1
MTHFD1L	PLEKHG1	1
KATNA1	LATS1	1
IGF2R	SLC22A3	1
ESR1	ZBTB2	1
ESR1	MYCT1	1
ARMT1	RMND1	1
HIVEP2	SMOC2	1
AIG1	SYTL3	1
PLEKHG1	SAMD5	1
HIVEP2	MTHFD1L	1
ESR1	VTA1	1
ESR1	UTRN	1
AKAP12	MAP7	1
AKAP7	ESR1	1
PEX7	TCF21	1
BCLAF1	MAP7	1
ARFGEF3	TAAR6	1
CEP43	MCM9	1
HBS1L	TBC1D32	1
C6ORF58	RNF146	1
PTPRK	SLC35F1	1
PLN	PTPRK	1
PKIB	SLC35F1	1
IGF2R	PREP	1
PEX3	SLC16A10	1
ARMC2	HBS1L	1
ENPP1	SEC63	1
HDAC2	RSPO3	1
HDAC2	ROS1	1
SCML4	ZBTB24	1
SCML4	SEC63	1
PREP	QRSL1	1
ARMC2	PREP	1
CDK19	REV3L	1
AK9	ATG5	1
GRIK2	ROS1	1
GRIK2	SOBP	1
ARMC2	GRIK2	1
LIN28B	USP45	1
RRAGD	UBE2J1	1
RNGTT	RRAGD	1
BACH2	RNGTT	1
IBTK	MYO6	1
LMBRD1	REPS1	1
LMBRD1	PDSS2	1
ORC3	RIMS1	1
NUS1	PHF3	1
PSMG4	RPS6KA2	1
BCKDHB	RIPK1	1
SERPINB6	SLC22A23	1
NQO2	RIPK1	1
EEF1E1	PSMG4	1
ENPP3	SMIM13	1
EEF1E1	EYS	1
FARS2	RREB1	1
TFAP2A	TMEM14B	1
CAGE1	SSR1	1
ELOVL2	MAK	1
ELOVL2	ERVFRD-1	1
HBS1L	MBOAT1	1
ATXN1	PTPRK	1
JARID2	RNGTT	1
AKIRIN2	E2F3	1
MRS2	RIPOR2	1
KIF13A	TPMT	1
H2AC6	H2BC9	1
H2AC6	H4C5	1
MPC1	PXT1	1
SYNE1	ZFAND3	1
ESR1	POLH	1
BICRAL	CYB5R4	1
DNAH8	GMDS	1
BAG6	TMEM14B	1
DSP	SLC29A1	1
C6ORF89	H2AC6	1
DNAH8	DTNBP1	1
BICRAL	H2AC6	1
RNF8	ZFAND3	1
KCTD20	ZFAND3	1
C6ORF89	ZFAND3	1
MED20	USP49	1
SRPK1	UBR2	1
PEX6	TRERF1	1
MRPL14	TRERF1	1
CCND3	TBC1D22B	1
MSH5	SKIC2	1
KLC4	RPL7L1	1
FOXP4	RPL7L1	1
MED20	PGC	1
CLPSL1	LHFPL5	1
CFB	HLA-C	1
ATP6V1G2	DDX39B	1
BRPF3	HLA-DMA	1
BICRAL	UBR2	1
ANKS1A	UQCC2	1
ESR1	PTCHD4	1
COL21A1	SNX14	1
HMGN3	PAQR8	1
ADGRF1	RRP36	1
LRRC1	MEA1	1
MAD2L1BP	PRIM2	1
COL21A1	PRIM2	1
BAG2	ZNF451	1
DGCR2	SEC63	1
ANKS1A	MYH9	1
ESR1	USP25	1
ESR1	GNAS	1
DIDO1	REPS1	1
LPIN3	SASH1	1
TSHZ2	TSTD3	1
PROCR	RANBP9	1
MTHFD1L	SHANK1	1
ESR1	POLR2E	1
SS18	SUPT3H	1
CDK12	TIAM2	1
SSH2	UST	1
ESR1	VPS53	1
RARA	TSPYL4	1
CD24	GRB2	1
BCAS3	GRIK2	1
MMS22L	USP22	1
MEI4	PCTP	1
PHACTR1	SOCS7	1
KDM1B	PITPNC1	1
FKBP5	UBE2Z	1
COL1A1	HSP90AB1	1
COL1A1	FGD2	1
LASP1	TFEB	1
HSP90AB1	PCGF2	1
AXIN1	UTRN	1
IGF1R	ROS1	1
PAQR5	TUBB2B	1
CFB	TSPAN3	1
PTPRK	STXBP6	1
HLA-B	SNW1	1
ANKRD66	MOK	1
MTUS2	SYNJ2	1
NHSL1	SPATA13	1
AFDN	ERC1	1
ESR1	MGP	1
ERC1	UTRN	1
CRYBG1	STAT6	1
OOEP	TAFA2	1
GMDS	TMEM132B	1
GRIP1	SLC22A23	1
CFB	HSP90B1	1
ENPP5	EPYC	1
ANKS1A	ATP5F1B	1
GAPDH	MRPS18B	1
QKI	ZNF214	1
CCDC170	KDM2A	1
PREP	TPCN2	1
ARCN1	MANEA	1
PNISR	TAF1D	1
HMGN3	SHANK2	1
DYNC2H1	KCNQ5	1
FAM83B	NUMA1	1
FAM83B	KDM2A	1
ELOVL5	FAR1	1
CCDC170	FGFR2	1
CNNM2	NOTCH4	1
HLA-E	TSPAN14	1
HSP90AB1	TAF3	1
CAMK4	DENND1A	1
MIER3	RGS3	1
MRPL13	RNF130	1
SPARC	TRPS1	1
ATP6V1H	ST8SIA4	1
CDK7	RGS20	1
DEPDC1B	NPBWR1	1
CEP72	FNTA	1
BRAF	SPOCK1	1
ADCY2	SEM1	1
ACTB	NDUFS6	1
MICA	TMEM232	1
GJE1	IPO11	1
FBXW11	UBTD2	1
F12	HNRNPAB	1
CNOT6	FGF18	1
CLK4	ZNF354A	1
CANX	RUFY1	1
ATP6V0E1	BNIP1	1
ADAMTS2	ZNF354C	1
FAXDC2	GALNT10	1
G3BP1	GLRA1	1
ERGIC1	JAKMIP2	1
AFAP1L1	GRPEL2	1
SIL1	STK10	1
CDC42SE2	FBXO38	1
SKP1	VDAC1	1
NRG2	SIL1	1
CDKL3	PPP2CA	1
MATR3	PCDHAC2	1
MATR3	PCDHAC1	1
MATR3	PCDHA2	1
MATR3	PCDHA13	1
ETF1	KDM3B	1
FSTL4	SIL1	1
ARHGAP26	MEIKIN	1
ANKHD1	PCDHGC5	1
ANKHD1	PCDHGC4	1
ANKHD1	PCDHGC3	1
ANKHD1	PCDHGB7	1
ANKHD1	PCDHGB6	1
ANKHD1	PCDHGB5	1
ANKHD1	PCDHGA9	1
ANKHD1	PCDHGA8	1
ANKHD1	PCDHGA12	1
ANKHD1	PCDHGA11	1
ANKHD1	PCDHGA10	1
ANKHD1	PCDH1	1
CHSY3	COMMD10	1
EPB41L4A	MCC	1
DCP2	SRP19	1
DCP2	REEP5	1
CCDC112	EPB41L4A	1
ARSK	RHOBTB3	1
CAST	LNPEP	1
ERAP2	FAM81B	1
ELL2	SKIC3	1
CAST	MCTP1	1
FCHO2	TNPO1	1
CARTPT	MCCC2	1
BDP1	CWC27	1
ERBIN	TRAPPC13	1
ARL15	CDC42SE2	1
DHX29	IL6ST	1
RNF130	ZDHHC11	1
CTNND2	P4HA2	1
CLPTM1L	LPCAT1	1
FBXL7	RETREG1	1
ADAMTS2	OXCT1	1
GHR	WDR70	1
PRKAA1	RPL37	1
CPLANE1	NUP155	1
ADAMTS12	ZFR	1
ADAMTS12	C1QTNF3	1
PAIP1	UBE2D2	1
MGAT3	WWC1	1
GRK3	WWC1	1
CRNKL1	RHOBTB3	1
TBC1D9B	TYK2	1
STC2	TYK2	1
HNRNPH1	VAPA	1
RARA	SGCD	1
NDUFS4	SSH2	1
PITPNM3	SLC38A9	1
BASP1	COL1A1	1
AP1G1	STC2	1
CDH1	LARS1	1
CHD1	FUS	1
ADAMTS17	PCDHAC2	1
ADAMTS17	PCDHAC1	1
ADAMTS17	PCDHA8	1
ADAMTS17	PCDHA13	1
AKAP13	CHSY3	1
RTF1	SNX24	1
AP1G2	SQSTM1	1
LRFN5	TRIO	1
NUP155	ZFYVE26	1
CD74	MBD6	1
NDUFAF2	PPP1R12A	1
KIF21A	MED10	1
ADAMTS12	CD9	1
MRNIP	SLC36A4	1
CHKA	UBE2QL1	1
PAOX	ZNF346	1
ABLIM1	PTCD2	1
MXI1	PLEKHG4B	1
MTAP	PCDH7	1
CPEB2	SHB	1
FABP5	SHROOM3	1
BZW2	CLCN3	1
SYNPO2	TRIM24	1
CNOT4	ENAM	1
DYNC2I1	EVC	1
ACTB	SLC34A2	1
N4BP2	NCAPG2	1
HDDC2	STBD1	1
FAM47E	HDDC2	1
SPMAP2L	ZFAND3	1
CHD1	S100P	1
CCDC110	CFAP97	1
DDX60	MSMO1	1
PPID	SFRP2	1
DDX60L	LRBA	1
MAML3	TBC1D9	1
MND1	TRIM2	1
ELF2	INPP4B	1
FBXW7	TMEM154	1
FBXW7	MGST2	1
ARHGAP10	TMEM184C	1
AFG2A	ARHGAP10	1
ALPK1	LARP7	1
EGF	ENPEP	1
EIF4E	METAP1	1
PKD2	TSPAN5	1
FAM13A	NUDT9	1
GPAT3	MRPS18C	1
CCNI	SCARB2	1
ADAMTS3	GUCY1B1	1
COX18	INPP4B	1
JCHAIN	SHROOM3	1
GRSF1	SHROOM3	1
FRAS1	MOB1B	1
BMP2K	SLC4A4	1
ANKRD17	WDFY3	1
STAP1	UBA6	1
ENAM	RUFY3	1
FDCSP	PRR27	1
DCK	GRSF1	1
CSN3	FDCSP	1
ANKRD17	GC	1
FIP1L1	SHROOM3	1
NOA1	SPINK2	1
KIT	PDGFRA	1
NSD2	TACC3	1
NELFA	POLN	1
LETM1	POLN	1
ABLIM2	AFAP1	1
KCNIP4	WDFY3	1
ANKRD17	KCNIP4	1
PROM1	TAPT1	1
CPE	SMIM14	1
ARAP2	CCDC149	1
KLB	UBE2K	1
PDS5A	RBM47	1
SLC2A9	SLC30A9	1
NSUN7	SLC30A9	1
APBB2	NSUN7	1
FRYL	LNX1	1
EWSR1	SMR3B	1
BLTP1	CHODL	1
HTN3	KCNE2	1
LRBA	UQCC1	1
ANAPC10	PTPRA	1
ETHE1	UGT2A3	1
DNASE2	SMR3B	1
SLC25A23	SLC2A9	1
ANXA10	PITPNC1	1
ARSJ	DNAH9	1
CDK12	RAP1GDS1	1
COX18	TBCD	1
POLR2A	SMR3B	1
FASN	ZNF721	1
ADGRA3	ERBB2	1
TBCK	USP10	1
IGFBP7	MAF	1
PML	POLN	1
CSN2	DYNC1H1	1
DHRS12	RPL34	1
NR3C2	SPPL3	1
CHD4	TRIM2	1
ANKRD50	ATP2B1	1
ANTXR2	TBC1D15	1
CCDC158	MSRB3	1
DENND5B	NUP54	1
CPSF6	SMR3B	1
CSN2	NACA	1
CSN2	HNRNPA1	1
CSN2	ERBB3	1
CSN1S1	MGP	1
ERC1	TACC3	1
EVC	MGST1	1
AHNAK	ZNF827	1
ALB	SIAE	1
CSN2	PAFAH1B2	1
COX18	TESMIN	1
MUC5B	SMR3B	1
CSN2	EHF	1
RGS12	USP2	1
RGS12	THY1	1
PRXL2A	YTHDC1	1
JCHAIN	PRXL2A	1
CCSER2	CSN2	1
AP2M1	PHF2	1
ANXA1	CPB1	1
C5	RUVBL1	1
ASTN2	PTPRG	1
FGFR1	GSK3B	1
SAMD12	SETD5	1
INTS10	UBE2E1	1
LTF	NCALD	1
CASD1	NMD3	1
C3ORF33	EIF3B	1
LAMB1	PARP14	1
BBX	GALNT17	1
TRIM24	ULK4	1
ELN	SLMAP	1
NAALADL2	SLC22A23	1
GPLD1	PCNP	1
ANKRD28	EYS	1
NISCH	SNRNP48	1
CFB	LTF	1
KLHL32	ROBO1	1
FXR1	ZFYVE16	1
CPB1	SQSTM1	1
ADGRV1	ATR	1
ADAM19	CCDC14	1
CHD1	LTF	1
SEC61A1	SMR3B	1
PIGX	SENP5	1
DLG1	TM4SF19	1
ATP13A3	LRRC15	1
LPP	TP63	1
EPHB3	PIGZ	1
LPP	RTP1	1
ADIPOQ	LPP	1
ABCF3	EIF4G1	1
ABCC5	EIF4G1	1
NAALADL2	SERPINI1	1
ACTL6A	PIK3CA	1
CLDN16	RNF13	1
TM4SF18	WWTR1	1
SSR3	VEPH1	1
SERP1	SIAH2	1
KPNA4	TRIM59	1
GFM1	RARRES1	1
PLOD2	PLSCR4	1
SSR3	TRPC1	1
CLSTN2	PCOLCE2	1
DZIP1L	MBNL1	1
CEP70	COPB2	1
PPP2R3A	TOPBP1	1
PCCB	PPP2R3A	1
ATP2C1	NEK11	1
MRAS	NME9	1
A4GNT	DZIP1L	1
CHCHD6	EPHB1	1
CCDC14	MYLK	1
HEG1	SLC12A8	1
ACAD9	RAB7A	1
C3ORF70	LSAMP	1
IQCB1	RUVBL1	1
NAA50	USF3	1
GAP43	LSAMP	1
GPR156	GSK3B	1
CCDC80	GRAMD1C	1
GOLGB1	ILDR1	1
C3ORF52	GCSAM	1
BOC	SLC35A5	1
BOC	PHLDB2	1
ARHGAP31	TIMMDC1	1
CMSS1	TBC1D23	1
ARL6	CRYBG3	1
CNTN4	SUMF1	1
FXR1	VGLL4	1
CD86	RAD18	1
ARPC4	GRM7	1
FGD5	SRGAP3	1
RAF1	SSUH2	1
FANCD2	MTMR14	1
BTD	EAF1	1
DAZL	RAF1	1
EFHB	PLCL2	1
GLB1	ZNF385D	1
CTNNB1	THRB	1
OXSR1	XYLB	1
CTDSPL	VILL	1
GOLGA4	STAC	1
CTDSPL	GOLGA4	1
CAMP	ZNF589	1
RFT1	SFMBT1	1
DCP1A	RFT1	1
RBM6	SLC38A3	1
ARIH2	RBM6	1
POC1A	TLR9	1
MAP4	RHOA	1
EPRS1	USP19	1
ALAS1	DNAH1	1
COL7A1	UQCRC1	1
LRIG1	THOC7	1
FLNB	SLMAP	1
ARHGEF3	HESX1	1
ARMC8	FOXP1	1
FOXP1	PPP4R2	1
EIF4E3	FOXP1	1
CCDC117	CPB1	1
AGPAT3	NAALADL2	1
ABI3BP	PAXBP1	1
DGKG	STMN3	1
MFN1	PREX1	1
CPB1	GNAS	1
CTNNBL1	RAF1	1
ELP6	PTPN1	1
PRICKLE2	SULF2	1
ATP2C1	FCGBP	1
LRIG1	SLC39A6	1
APOD	CLDN7	1
DGKG	RNF213	1
ACTL6A	CBX8	1
CPB1	P4HB	1
CPB1	RUNDC1	1
CPB1	ITGA3	1
COL1A1	CPB1	1
YPEL2	ZNF148	1
HEATR6	SH3BP5	1
OXTR	RPH3AL	1
PDCD6IP	SRSF1	1
ATXN7	BCAS3	1
ATXN7	RAD51C	1
CWC25	ROBO2	1
SKIL	ZC3H7A	1
CPB1	RAB40C	1
CPB1	TMEM219	1
CPB1	TAOK2	1
RFT1	UQCRC2	1
AP3S2	CPB1	1
METTL6	UBE2Q2	1
CPB1	SERPINA5	1
CPB1	SERPINA3	1
CPB1	SNW1	1
POSTN	YY1	1
CINP	FANCD2	1
ATP8A2	RNF13	1
CASR	SUCLA2	1
B4GALT4	SLC7A1	1
PTPRG	VWA8	1
NAALADL2	SLC25A3	1
MFN1	PCBP2	1
MGP	TNFSF10	1
CPB1	ERBB3	1
CPB1	MGP	1
H4C16	PCCB	1
ARIH2	TMEM119	1
PTPRB	ROBO2	1
CPB1	NDUFV1	1
CTSD	PLXNA1	1
EPHA6	TOP6BL	1
FOLH1	MKRN2	1
GOLGA4	HSPA8	1
ANO1	GOLGA4	1
POSTN	TM9SF3	1
HNRNPF	RAD18	1
ALAS1	HHEX	1
PARD3B	PIP5K1B	1
BRD10	CYP20A1	1
AFF3	ZNF658	1
UBAP2	USP34	1
AGAP1	MATN2	1
KCNU1	NYAP2	1
CTDSP1	FAM91A1	1
ARHGAP39	RAB10	1
MTBP	UBXN2A	1
COX6C	EIF2AK2	1
PKD1L1	RIF1	1
AFF3	ASZ1	1
AMD1	IGFBP5	1
MAP3K2	SUPT3H	1
CCDC138	GFRAL	1
COA5	ESR1	1
STRN	USP49	1
PSME4	SLC22A16	1
COL3A1	SPARC	1
ANKHD1	ITGAV	1
COL3A1	THBS4	1
PPP2CA	ROCK2	1
EIF2AK2	SELENOP	1
CBR4	ERBB4	1
GALNT7	ORC4	1
ATL2	CSN2	1
ARMC9	TM4SF4	1
HECW2	ROBO1	1
ATP5MC3	CPB1	1
SLC12A8	TMEM131	1
STON1	ZBTB20	1
PPP1R21	ZBTB20	1
FOXP1	TGOLN2	1
RNF25	TMEM184B	1
KRTAP6-2	NDUFS1	1
NCKAP1	SHLD1	1
RRM2	UQCC1	1
BABAM2	PTPN1	1
RAMP1	RBM44	1
COPS9	NDUFA10	1
ARMC9	NCL	1
EIF4E2	GIGYF2	1
EFHD1	GIGYF2	1
DIS3L2	GIGYF2	1
BOK	ING5	1
SP110	TRIP12	1
COL6A3	TRIP12	1
EIF2AK2	FN1	1
PGAP1	VWC2L	1
NIF3L1	ORC2	1
CMKLR2	HSPD1	1
ABI2	FAM117B	1
ABI2	CARF	1
COL3A1	SPATS2L	1
GLS	MFSD6	1
FSIP2	GULP1	1
OLA1	SP3	1
ITGA6	MAP3K20	1
CHRNA1	GPR155	1
CHN1	GPR155	1
CYBRD1	SLC38A11	1
BAZ2B	WDSUB1	1
SCN3A	TTC21B	1
PSMD14	TBR1	1
RBMS1	XIRP2	1
KCNH7	SLC38A11	1
ITGB6	RBMS1	1
EPC2	MBD5	1
EPC2	THSD7B	1
ARHGEF4	PLEKHB2	1
POLR2D	TFCP2L1	1
IWS1	MAP3K2	1
CHN1	TSGA10	1
TGFBRAP1	TMEM131	1
IL1R2	IL1RL2	1
FAM178B	TMEM131	1
AFF3	SEMA4C	1
KANSL3	KCNIP3	1
INPP4A	VWA3B	1
NOL10	PDIA6	1
IL1RN	PUM2	1
TTC32	WDR35	1
LAPTM4A	SDC1	1
FOSL2	TAF1B	1
RAB10	SDC1	1
GTF3C2	WDR35	1
CENPA	NCOA1	1
HADHB	MRPL33	1
HADHA	ITSN2	1
DNAJC27	ITSN2	1
GALNT14	SF3B6	1
EFR3B	NCOA1	1
ADCY3	DNMT3A	1
CENPO	NCOA1	1
BABAM2	HADHB	1
BABAM2	DPYSL5	1
ATAD2B	ITSN2	1
ASXL2	KIF3C	1
ADCY3	TP53I3	1
HEATR5B	STRN	1
SLC30A6	SPAST	1
DPY30	MEMO1	1
LTBP1	TTC27	1
EIF2AK2	STRN	1
DHX57	SOS1	1
ATL2	DHX57	1
MBOAT2	PRKCE	1
NBAS	THADA	1
CAMKMT	PRKCE	1
MSH2	TMEM247	1
COX7A2L	EML4	1
LRPPRC	NRXN1	1
COMMD1	ITGB6	1
GKN1	USP34	1
DGUOK	RBM45	1
USP34	ZNF638	1
DGUOK	TET3	1
PCYOX1	SNRPG	1
CLASP1	HK2	1
EIF2AK3	PRKD3	1
CHMP3	RNF103	1
COL3A1	ZNF43	1
DYNC1I2	PPP5C	1
NDUFAF7	SAMD4B	1
CCDC88A	GRAMD1A	1
CIRBP	UGP2	1
C2ORF42	MISP	1
ATOH8	ZNF880	1
SCAF1	VAMP8	1
RPS16	TMSB10	1
HDLBP	NTN1	1
CTDSP1	NARF	1
CTDSP1	TEX2	1
CTDSP1	TANC2	1
CLTC	CTDSP1	1
ERBB4	SLC25A10	1
BPTF	PIKFYVE	1
COL1A1	GORASP2	1
OLA1	ORMDL3	1
AFMID	BCL2L11	1
ITGA3	KHK	1
CCNF	MALL	1
IST1	PUM2	1
CTNNA2	LCMT1	1
ACKR3	GOLM2	1
PKM	SEMA4C	1
ALMS1	RORA	1
MSH6	WARS1	1
COL3A1	DCLK1	1
NBEA	RGPD5	1
NAXD	USP34	1
AGFG1	FBXL14	1
IGFBP5	RAB3IP	1
PIKFYVE	TMEM119	1
PPP1R12A	SEPTIN10	1
CYRIA	PRR4	1
ASXL2	SOX5	1
KRT8	PELI1	1
NAV2	WDFY1	1
CXCR5	IGFBP5	1
COL3A1	POLD3	1
AHNAK	EIF2AK2	1
EIF4G2	LRPPRC	1
MS4A4A	RPS27A	1
CSTPP1	RTN4	1
EHBP1	HMBS	1
GATA3	RHOB	1
ATRNL1	ITSN2	1
SGSM3	XPNPEP3	1
MEI1	WBP2NL	1
NDUFA6	TCF20	1
ACO2	SREBF2	1
PLXNB2	SBF1	1
FBLN1	PPARA	1
GGA1	POLR2F	1
PICK1	POLR2F	1
PDGFB	RPL3	1
NAGA	TCF20	1
JOSD1	RPS19BP1	1
DMC1	FAM227A	1
CSNK1E	DNAL4	1
CERK	SLC25A17	1
CBY1	GTPBP1	1
BRD1	TTLL8	1
ANKRD54	C22ORF23	1
LARGE1	SHANK3	1
PITPNB	SBF1	1
EIF4ENIF1	SHANK3	1
CPT1B	SEC14L3	1
ASCC2	TTC28	1
PITPNB	TOM1	1
HMGXB4	TOM1	1
HSCB	SLC35E4	1
RNF185	SFI1	1
FOXRED2	MYH9	1
C22ORF31	MYH9	1
LIMK2	OSBP2	1
DEPDC5	DRG1	1
AP1B1	TTC28	1
CERK	COMT	1
BCR	MOV10L1	1
SFI1	YPEL1	1
HIRA	RTL10	1
CCDC188	MICAL3	1
MAPK1	YDJC	1
GNB1L	HIRA	1
C22ORF39	CABIN1	1
COL18A1	TNRC6B	1
TMEM50B	URB1	1
RUNX1	UBE2G2	1
C21ORF62	SYNJ1	1
IGSF5	SH3BGR	1
ERG	RUNX1	1
CLDN14	RUNX1	1
GART	RCAN1	1
GET1	ITSN1	1
ICOSLG	KCNJ6	1
HUNK	MRAP	1
HLCS	SLC37A1	1
HLCS	IL10RB	1
EVA1C	HUNK	1
COL18A1	KRTAP10-9	1
CFAP298	CLDN14	1
C2CD2	TFF1	1
BRWD1	WDR4	1
AGPAT3	PDXK	1
ADAMTS1	PAXBP1	1
APP	MCM3AP	1
BACH1	TTC3	1
PITPNB	ZMYND8	1
MN1	ZMYND8	1
AURKA	CASTOR1	1
NELFCD	SPECC1L	1
DNTTIP1	GNB1L	1
SPAG4	ZBED4	1
CDK5RAP1	NUP50	1
PCNT	RTF2	1
MTCL2	TRAPPC10	1
ZNF217	ZNFX1	1
HELZ2	ZGPAT	1
SAMD10	UCKL1	1
SULF2	UBE2V1	1
CDH26	UBE2C	1
CDH4	TAF4	1
CDH22	TAF4	1
B4GALT5	TAF4	1
BCAS1	SYCP2	1
SULF2	ZNF217	1
NCOA5	STX16	1
PTK6	STMN3	1
GID8	SS18L1	1
MATN4	SLPI	1
RTF2	TSHZ2	1
PTPN1	RNF114	1
RIPOR3	ZNF335	1
RAE1	RBM38	1
CIMIP1	RAE1	1
GATA5	PRPF6	1
PHACTR3	SYCP2	1
DNAJC5	PCMTD2	1
PARD6B	PRPF6	1
CASS4	PARD6B	1
ADA	HELZ2	1
GNAS	RTF2	1
FNDC11	PTK6	1
ELMO2	RAE1	1
DPM1	TAF4	1
BCAS4	PHACTR3	1
AURKA	BCAS4	1
B4GALT5	PTGIS	1
B4GALT5	GNAS	1
ATP9A	SALL4	1
ATP9A	LAMA5	1
ARFGEF2	RNF114	1
ARFGEF2	NCOA3	1
BCL2L1	VAPB	1
ARFGAP1	UQCC1	1
PTPRT	TOP1	1
EMILIN3	PMEPA1	1
CTSZ	ZHX3	1
RPN2	STAU1	1
PTPN1	ROMO1	1
PMEPA1	TRPC4AP	1
FAM83C	PMEPA1	1
DOK5	EDEM2	1
CTNNBL1	TSHZ2	1
CPNE1	PI3	1
ADNP	MROH8	1
ADNP	MMP24	1
PLCG1	TRPC4AP	1
DHX35	ITCH	1
DYNLRB1	ZNF341	1
RALY	TRPC4AP	1
TM9SF4	TPX2	1
RALY	RPRD1B	1
NDRG3	RBL1	1
MAP1LC3A	RALY	1
PPP1R16B	TTI1	1
PIGU	UQCC1	1
DLGAP4	PHF20	1
GSS	NCOA6	1
CEP250	EPB41L1	1
EDEM2	NOL4L	1
DYNLRB1	ERGIC3	1
DSN1	MTCL2	1
COMMD7	SUN5	1
CHMP4B	ZNF341	1
RASSF2	SLC23A2	1
BCAS1	KIF16B	1
CRLS1	UQCC1	1
ERGIC3	TRMT6	1
PLCB1	TRMT6	1
MACROD2	NDUFAF5	1
KIF16B	PLCB1	1
FLRT3	SEL1L2	1
FERMT1	MCM8	1
NINL	TGM2	1
CST4	SHLD1	1
ENTPD6	PYGB	1
DTD1	POLR3F	1
NAA20	RIN2	1
KAT14	OVOL2	1
LPAR1	TMEM63A	1
ASH1L	TBC1D13	1
CCDC171	PALMD	1
ETNK2	ZNF704	1
GOLGA7	SLC25A44	1
MRPS28	POGZ	1
PLEC	PLEKHM2	1
EXT1	TINAGL1	1
SPIDR	SYNC	1
SSBP3	TRAPPC9	1
ASH2L	PRKACB	1
RGS22	SYCP1	1
NRG1	VTCN1	1
HNRNPU	TES	1
PPP1R9A	SUCO	1
ABCA13	ATP1B1	1
LMNA	PTN	1
HNRNPA2B1	UBAP2L	1
STARD3NL	ZNF644	1
BCL2L15	TSC22D4	1
VANGL1	ZNRF2	1
ZC2HC1B	ZNF496	1
AFG1L	GALNT2	1
CCDC28A	WASF2	1
QKI	TAF12	1
AZIN2	PHIP	1
ARFGEF3	TNNI3K	1
HDDC2	SRSF11	1
GCNT2	PDE4B	1
ANKS1A	TGFBR3	1
FNBP1L	NCR2	1
CTNNA1	SRSF4	1
RNF11	STC2	1
TERT	TTLL7	1
TARS1	USP33	1
AHCTF1	NAAA	1
COX20	SMR3B	1
CSRP1	RASGEF1B	1
QSOX1	SMR3B	1
ELF2	NR1I3	1
DCST2	SHROOM3	1
BTC	ZBTB7B	1
ATAD3B	MFSD10	1
GRIK3	LRBA	1
CSN2	ELAPOR1	1
ATP1A1	CSN2	1
NBPF26	TMEM150C	1
CHRM3	ERICH6	1
MAP3K21	USP13	1
FNDC3B	UCK2	1
ATP1A2	CPB1	1
CPB1	EFNA1	1
GNB1	TRH	1
GLB1	UBR4	1
NCK1	ZZZ3	1
POSTN	TRIM33	1
NOTCH2	PRKAR2A	1
ARID4B	CARD10	1
CYB5R3	TXNIP	1
JAK1	ZC3H7B	1
DDX27	GLUL	1
CD48	PARD6B	1
ATF6	SERINC3	1
TSHZ2	VPS72	1
MOCS3	NIPAL3	1
PRPF6	ST7L	1
BCAS1	NTNG1	1
DNAH7	ZNF678	1
PPP1R12B	RETREG2	1
MERTK	SOX13	1
EIF2AK2	GLUL	1
COL3A1	PRRC2C	1
DDR2	NPHP1	1
HSD17B7	NPHP1	1
KANSL3	UFC1	1
CFAP45	THADA	1
S100A16	STK11IP	1
C2ORF88	CAPZB	1
COL16A1	COL3A1	1
CAPNS1	GLUL	1
PRRC2C	ZNF569	1
LSM14A	TSTD1	1
F11R	LSM14A	1
BTBD2	ISG20L2	1
CIC	LMNA	1
ACTN4	CAPZB	1
ARHGEF1	SERINC2	1
SBNO2	SERINC2	1
PAK4	TTC4	1
MROH7	PAK4	1
DAB1	TNPO2	1
BCAR3	CIMAP1D	1
ELF3	SLC39A6	1
CTIF	WASF2	1
SLC39A6	TBX15	1
GPR37L1	PSME3	1
CPD	RABIF	1
RNF2	TANC2	1
PTRH2	UAP1	1
CISD3	COPA	1
PRKCA	TUFT1	1
NBPF12	USP32	1
JUP	RFX5	1
ERBB2	SDF4	1
PATJ	SRR	1
ARL5C	COL11A1	1
KCND3	PPM1E	1
ATP1A1	RABEP1	1
NPIPB3	USP48	1
BMERB1	RHBDL2	1
MAPKAPK2	SKIC8	1
NUP210L	RORA	1
PARP16	PHF13	1
ATOSA	CTPS1	1
AGO3	FRMD5	1
PCNX1	SRP9	1
KCTD3	TXNDC16	1
NOTCH2NLA	RAD51B	1
FAM131C	TTC6	1
CRIP2	SERINC2	1
CD58	RAD51B	1
ARHGEF2	PSPC1	1
MTUS2	ZRANB2	1
MTARC2	RAB3IP	1
NCSTN	TMBIM6	1
KHDC4	PHC1	1
DDX11	ITGA10	1
CLSPN	SBNO1	1
CSAD	ZYG11B	1
FNBP1L	ZNF605	1
CHFR	FNBP1L	1
CHI3L2	MUCL1	1
ADIPOR2	FAM72B	1
KIRREL3	PGBD2	1
GUK1	TMEM216	1
GLUL	NDUFV1	1
ANO1	UFC1	1
ESRRA	NBPF20	1
CTSD	EPHA2	1
NFYC	SLC15A3	1
HOOK1	RAB6A	1
FCHSD2	NBPF4	1
MYEOV	WDR3	1
GALNT2	PRKCQ	1
POLR3A	TP53BP2	1
FGFR2	PLXNA2	1
MLLT10	NAV1	1
ANP32E	KAT6B	1
PSMB2	SGMS1	1
DHCR24	TCTN3	1
ARL3	MTF2	1
ANKRD26	ZNHIT6	1
AHCTF1	ZNF124	1
CATSPERE	SDCCAG8	1
EDARADD	LGALS8	1
PRSS38	SNAP47	1
OBSCN	RNF187	1
GALNT2	PGBD5	1
CNIH3	DNAH14	1
ARID4B	PCNX2	1
ARID4B	B3GALNT2	1
TP53BP2	WDR26	1
CNIH4	RAB3GAP2	1
ENAH	PTPN14	1
HLX	MTARC2	1
HHIPL2	TLR5	1
BROX	CAPN2	1
AKT3	RPS6KC1	1
CD46	USH2A	1
CAPN8	HHAT	1
TMCC2	ZBED6	1
ELF3	SRGAP2	1
PPP1R12B	TIMM17A	1
CAMSAP2	PPP1R12B	1
PKP1	UBE2T	1
LRRN2	PIK3C2B	1
NSL1	PACC1	1
GPR37L1	LGR6	1
CD34	HHAT	1
CD46	PDC	1
RASAL2	ZNF695	1
AKT3	COP1	1
ACBD6	PGBD2	1
LAMC1	SUSD4	1
CENPF	LAMC1	1
ACBD6	RRP15	1
LAMB3	RALGPS2	1
LGR6	RABGAP1L	1
NFASC	QSOX1	1
ACBD6	CHIT1	1
BRINP3	XPR1	1
QSOX1	XPR1	1
QSOX1	RALGPS2	1
KIFAP3	XPR1	1
DHX9	UCK2	1
DARS2	SUCO	1
MGST3	RABGAP1L	1
COP1	PRRC2C	1
C1ORF105	SUCO	1
F5	SLC19A2	1
CD247	POU2F1	1
KIFAP3	STYXL2	1
KIFAP3	NTMT2	1
DCAF6	SLC19A2	1
DCAF6	RCSD1	1
CREG1	MPC2	1
PBX1	SLC30A10	1
IL19	USP21	1
DARS2	NOS1AP	1
MGST3	SLAMF7	1
KIRREL1	TMCO1	1
LMX1A	UAP1	1
ARHGAP30	TSTD1	1
PBX1	TAGLN2	1
COPA	PFDN2	1
ETV3	IQGAP3	1
HDGF	METTL25B	1
ATF6	SPATA46	1
DAP3	OBSCN	1
ACBD6	GON4L	1
CCT3	NCSTN	1
GON4L	IQGAP3	1
CCT3	RHBG	1
NAXE	RHBG	1
GBA1	SCAMP3	1
ADAR	LYPD8	1
CHRM3	GOLPH3L	1
PCNX2	SPRR1B	1
FCAMR	ZBTB7B	1
PRPF3	SRGAP2	1
FCAMR	RBM8A	1
CTSS	LRRN2	1
NBPF10	NME7	1
COPA	PSMD4	1
GOLPH3L	IFI16	1
CRTC2	KHDC4	1
CKS1B	ZBTB7B	1
SCNM1	SNX27	1
S100A3	S100A4	1
RPRD2	VPS45	1
C1ORF54	PRUNE1	1
POGZ	THEM4	1
CA14	MRPS21	1
ARNT	MCL1	1
GPR89A	RNF115	1
FLAD1	UBAP2L	1
DENND4B	RAB13	1
CNIH3	SPEN	1
GNB1	KIFAP3	1
FAM131C	ZBTB17	1
RERE	VPS13D	1
NMNAT1	UBE4B	1
PLA2G2A	TMCO4	1
PRKCZ	SKI	1
CAMTA1	RPL11	1
RAP1GAP	USP48	1
CELA3B	RAP1GAP	1
PLCH2	PRKCZ	1
CDC42	MTOR	1
MICOS10	RCC2	1
MIB2	PLEKHN1	1
INTS11	MXRA8	1
CAMTA1	GPATCH3	1
EIF4G3	RAP1GAP	1
DDOST	EIF4G3	1
CLIC4	SLC45A1	1
ANKRD65	CCNL2	1
CASZ1	SRM	1
CAPZB	OTUD3	1
CAPZB	EMC1	1
CAMTA1	THAP3	1
AUNIP	PADI1	1
LAD1	TSSK3	1
EYA3	SYTL1	1
PHACTR4	TRNAU1AP	1
KHDRBS1	TMEM39B	1
CCDC28B	TMEM234	1
CSMD2	PUM1	1
PHC2	ZSCAN20	1
HDAC1	ZBTB8B	1
LEFTY2	PTPRF	1
NFYC	PLXNA2	1
CHIT1	MAST2	1
MAP7D1	TMCO4	1
TESK2	UTS2	1
FBXO42	SMAP2	1
SCMH1	SLC66A1	1
CLSTN1	LSM10	1
H6PD	HIVEP3	1
CAMTA1	FOXJ3	1
DHDDS	PSMB2	1
YTHDF2	ZMPSTE24	1
RBBP4	ZMYM4	1
MACF1	PTPRU	1
EIF2B3	TMEM53	1
KDM4A	ST3GAL3	1
ARMH1	RPS8	1
MAST2	RNF220	1
RLF	ZMPSTE24	1
PRDX1	TMEM53	1
AKR1A1	PRDX1	1
GRIK3	MACF1	1
KDM4A	PTPRF	1
GPBP1L1	HIVEP3	1
CMPK1	ERI3	1
NTRK1	SCP2	1
ACOT11	SSR2	1
FGGY	RPS6KA1	1
OSBPL9	PEF1	1
FAF1	SLC2A1	1
FAF1	INPP5B	1
ELAVL4	TUT4	1
CYP4Z1	OSBPL9	1
OMA1	TACSTD2	1
FAF1	SCP2	1
ECHDC2	SCP2	1
LRP8	SLC1A7	1
FGGY	LDLRAD1	1
FAF1	HOOK1	1
CYB5RL	TTC39A	1
CEP170	PRKACB	1
DOCK7	PPP1R12B	1
PDE4B	PTPRF	1
ERI3	PATJ	1
FGGY	NFIA	1
PTGFR	SLC44A5	1
GADD45A	PDE4B	1
KANK4	PATJ	1
ERICH3	NEGR1	1
MSH4	RABGGTB	1
ALG6	UBE2U	1
FIRRM	RPL5	1
PKN2	TRABD2B	1
MCOLN2	TTLL7	1
COL24A1	SELENOF	1
FNBP1L	MTF2	1
DIPK1A	MTF2	1
CASQ1	PTBP2	1
AGL	UBE4B	1
RWDD3	TLCD4	1
DPH5	EXTL2	1
AKT3	MAGI3	1
RGL1	VAV3	1
CSMD2	ST7L	1
COL24A1	TRIM33	1
PKN2	VAV3	1
EEIG2	TLCD4	1
CFAP276	WDR47	1
NBPF6	SLC25A24	1
ELAPOR1	GNAI3	1
CTTNBP2NL	GNAI3	1
AMPD1	DENND2C	1
CSDE1	DENND2C	1
CELSR2	KCNC4	1
OBSCN	SPAG17	1
POGK	SPAG17	1
ACOT11	SEC22B	1
NOTCH2	PARS2	1
MAGI3	SPAG17	1
ADORA3	GDAP2	1
AHCYL1	MAN1A2	1
MACF1	NBPF26	1
PRPF31	ZC3H7B	1
FEM1A	SELENOM	1
DPF1	PRMT2	1
AGPAT3	RPS19	1
SOD1	TYK2	1
ADARB1	SBNO2	1
COL6A2	PRDX2	1
NLRP5	RAB22A	1
KCNC3	PEDS1	1
KCNQ2	NUP62	1
GNAS	NECTIN2	1
CDH4	NLRP9	1
TOP1	ZNF813	1
CHD6	ZNF235	1
SRC	ZNF587B	1
SRC	ZNF587	1
CEACAM16	DNAAF9	1
BRD4	CSE1L	1
AXL	ZNF865	1
ZNF444	ZNF83	1
PPP2R1A	ZNF773	1
TMEM150B	ZNF587B	1
TMEM150B	ZNF587	1
BRSK1	ZNF587	1
ZNF586	ZSCAN4	1
LAIR1	ZNF584	1
IZUMO2	ZNF569	1
ZNF567	ZNF761	1
ZNF528	ZNF8	1
NUP62	ZNF473	1
TOMM40	ZNF180	1
KIR2DL1	ZNF154	1
EXOC3L2	VASP	1
PEPD	UBA2	1
MBOAT7	TMC4	1
IFNL1	TIMM50	1
THAP8	WDR62	1
CGB7	SPHK2	1
SIPA1L3	ZNF835	1
RPS9	TSEN34	1
DMRTC2	RPS19	1
NLRP9	RDH13	1
NPAS1	PTOV1	1
MAP3K10	PSMD8	1
IGFLR1	PROSER3	1
DPRX	PPP6R1	1
PPP1R12C	ZNF579	1
PPP1R12C	ZNF233	1
EML2	PLD3	1
ALDH16A1	PIH1D1	1
CYP2A6	PAK4	1
NR1H2	ZNF610	1
LGALS7B	NFKBIB	1
MED29	SAMD4B	1
CLASRP	MARK4	1
FXYD3	LSM14A	1
LAIR1	LENG8	1
ASPDH	KCNC3	1
CYTH2	IZUMO2	1
ITPKC	SPTBN4	1
HSPBP1	VRK3	1
FBXO46	SYMPK	1
ACTMAP	EID2	1
DHX34	PPP5C	1
COX6B1	SERTAD1	1
CIC	RPS19	1
CHST8	ZNF146	1
CEACAM6	CEACAM7	1
CCDC9	DHX34	1
C19ORF47	NUMBL	1
BLVRB	C19ORF47	1
BRSK1	HSPBP1	1
BCL3	IGSF23	1
BCL2L12	PRMT1	1
ALDH16A1	BAX	1
UQCRFS1	ZNF610	1
FPR2	ZNF536	1
POP4	URI1	1
ARHGEF1	STXBP2	1
ARHGEF1	SBNO2	1
MEIS3	YJU2	1
C19ORF53	ZSWIM4	1
MAST1	ZNF700	1
ZNF699	ZSWIM4	1
ELOF1	ZNF653	1
WIZ	ZNF564	1
AKAP8L	ZNF564	1
CYP4F22	ZNF333	1
RNASEH2A	ZNF136	1
OLFM2	ZNF121	1
MLLT1	ZBTB7A	1
APBA3	ZBTB7A	1
CYP4F3	WIZ	1
CERS4	UQCR11	1
KXD1	UBA52	1
LRRC25	TPM4	1
RTBDN	TNPO2	1
TJP3	ZNF554	1
TICAM1	TLE2	1
MEF2B	SUGP2	1
BORCS8	SUGP2	1
STK11	TYK2	1
MIDN	STK11	1
GPX4	STK11	1
RASAL3	SMARCA4	1
PBX4	SLC44A2	1
CYP4F22	SLC35E1	1
CIMAP1D	RNF126	1
RAD23A	RNASEH2A	1
RAB3D	TMEM205	1
ILF3	QTRT1	1
ARRDC5	PLIN3	1
GTPBP3	PGLS	1
C3	NOTCH3	1
MAST1	NFIX	1
CALR	NFIX	1
GDF1	MED26	1
CERS1	MED26	1
ARRDC2	MAST3	1
MARCHF2	OR7G2	1
CERS4	MARCHF2	1
LDLR	ZNF333	1
KLF16	RNF126	1
CD70	KHSRP	1
KDM4B	UBA52	1
DOCK6	KDM4B	1
ILVBL	SYDE1	1
ILF3	ZNF627	1
ARHGEF18	GNG7	1
GATAD2A	MAU2	1
FZR1	NFIC	1
CALR3	EPS15L1	1
ELAVL1	HDGFL2	1
DOT1L	TLE6	1
DNMT1	KLF1	1
DNM2	PIN1	1
DNM2	P2RY11	1
DHPS	HOOK2	1
COLGALT1	MVB12A	1
CACNA1A	ZNF44	1
BSG	NFIX	1
BRD4	CC2D1A	1
AKAP8	MYO9B	1
ADGRL1	PODNL1	1
NDUFA7	ZNF98	1
MAU2	ZNF738	1
FCHO1	ZNF492	1
EPS15L1	ZNF675	1
AP3D1	ZNF682	1
CDH19	DEPDC5	1
RBBP8	RRBP1	1
C18ORF63	ZNF407	1
CBLN2	PHLPP1	1
DYM	SMAD7	1
IER3IP1	PIAS2	1
BCL2	NEDD4L	1
ELAC1	SMAD4	1
CTIF	DYM	1
CTIF	SMAD2	1
CTIF	LOXHD1	1
ATP8B1	NARS1	1
DTNA	ZNF236	1
PARD6G	SLC14A2	1
DOK6	TRAPPC8	1
ARK2C	SETBP1	1
CDH2	KIAA1328	1
DTNA	ZNF521	1
CHST9	TAF4B	1
LDLRAD4	PARD6G	1
MYO5B	RAB12	1
LPIN2	SLC39A6	1
MPPE1	PIEZO2	1
FAM210A	LDLRAD4	1
PACSIN2	USP32	1
ATF4	CDK12	1
MAP2K4	NIPSNAP1	1
APP	RAB11FIP4	1
ARFGAP1	FOXK2	1
BRIP1	TAF4	1
BCAS3	EYA2	1
APPBP2	CCN5	1
TRPC4AP	USP32	1
HCK	SMARCD2	1
EPB41L1	TUBD1	1
RNF24	VMP1	1
LPO	RBM12	1
CPNE1	LPO	1
IKZF3	TNFRSF6B	1
MED24	NFATC2	1
NEUROD2	RAB22A	1
CASS4	FBXL20	1
DOK5	NLK	1
LBP	SSH2	1
DTD1	SSH2	1
GAS7	TTLL9	1
FERMT1	TVP23C	1
NKX2-2	RAI1	1
TBC1D16	ZNF573	1
DUS1L	RPL13A	1
ACTG1	PPP1R12C	1
MRPL4	SLC16A3	1
ABCA7	CYBC1	1
HELZ	RPL18A	1
SIGLEC9	TLK2	1
APPBP2	ZNF345	1
INTS2	TPM4	1
INSR	MTMR4	1
COL1A1	EPN1	1
IKZF3	SYDE1	1
COLGALT1	FMNL1	1
RPL19	RPS16	1
GGNBP2	TMEM59L	1
NFIX	STARD3	1
HNF1B	NFIX	1
ACACA	CALR	1
DDA1	TMIGD1	1
RABEP1	SNRNP70	1
ELOF1	USP6	1
ILF3	TP53	1
BRIP1	RELCH	1
CLTC	EPB41L3	1
ACAP1	MYL12B	1
CEP295NL	USP36	1
PCYT2	TSPAN10	1
FOXK2	TBCD	1
FN3KRP	TBCD	1
SDK2	SLC39A11	1
ENPP7	SLC39A11	1
C17ORF80	SLC39A11	1
SLC16A5	UNK	1
MRPL38	SEPTIN9	1
KIF19	RPL38	1
CARD14	RNF213	1
JMJD6	RHBDF2	1
RECQL5	WBP2	1
NPLOC4	PDE6G	1
NOTUM	NPLOC4	1
H3-3B	TRIM47	1
GGA3	SMIM5	1
EXOC7	ST6GALNAC2	1
CYTH1	EXOC7	1
CCDC57	RBFOX3	1
CCDC57	NPLOC4	1
ANAPC11	CCDC40	1
CANT1	SEPTIN9	1
B3GNTL1	PPP1R27	1
PITPNC1	SLC39A11	1
ARSG	SEPTIN9	1
HELZ	PRCD	1
PRKCA	PSMD12	1
GNA13	LRRC37A3	1
HELZ	PITPNC1	1
BPTF	CACNG4	1
AXIN2	LRRC37A3	1
ARSG	PRKCA	1
ARSG	MAP2K6	1
IKZF3	PITPNC1	1
ICAM2	UNK	1
SLC25A10	USP32	1
MAP3K3	MYO15B	1
MRPL12	USP32	1
LLGL2	TANC2	1
CDR2L	PECAM1	1
APPBP2	SEPTIN9	1
AATK	USP32	1
PSMD12	USP32	1
PITPNC1	TLK2	1
KCNJ16	TLK2	1
PECAM1	SLC16A6	1
PSMD12	TLK2	1
BCAS3	PRKAR1A	1
MARCHF10	PITPNC1	1
KCNJ2	MILR1	1
DCAF7	RGS9	1
CEP95	RGS9	1
CACNG4	VMP1	1
BCAS3	PRKCA	1
AXIN2	BCAS3	1
ARSG	PPM1D	1
SMARCD2	VMP1	1
CHCT1	VMP1	1
TANC2	USP32	1
BCAS3	USP32	1
DCAF7	TLK2	1
TANC2	TEX2	1
ACE	TANC2	1
MAP3K3	RPS6KB1	1
PECAM1	PSMC5	1
EFCAB3	PPM1D	1
MED13	MILR1	1
INTS2	VMP1	1
INTS2	LIMD2	1
HEATR6	USP32	1
DDX42	ERN1	1
DHX40	SCN4A	1
DDX5	EFCAB3	1
BCAS3	CLTC	1
CCDC47	GH1	1
BRIP1	VMP1	1
BCAS3	TANC2	1
APPBP2	PECAM1	1
APPBP2	HEATR6	1
APPBP2	DCAF7	1
ACE	MAP3K3	1
ACE	CCDC47	1
MSI2	TIMP2	1
SDK2	TEX14	1
STXBP4	TBCD	1
MSI2	SLC39A11	1
GRB2	TEX14	1
CA10	PITPNC1	1
MMD	PRKCA	1
ANKFN1	ARSG	1
AKAP1	PITPNC1	1
VMP1	YPEL2	1
SCPEP1	USP32	1
RNFT1	TRIM37	1
DDX42	RNF43	1
DDX42	HSF5	1
DCAF7	PRR11	1
CLTC	PRR11	1
ANKFN1	VEZF1	1
SKA2	TRIM37	1
SKA2	SRSF1	1
MSI2	PPM1E	1
CUEDC1	HSF5	1
CD300LD	ZNF652	1
GAA	PLEKHM1	1
HELZ	SMARCE1	1
PHB1	PRKCA	1
B4GALNT2	PITPNC1	1
CEP112	NME2	1
CASC3	RGS9	1
CASC3	CEP112	1
ARSG	CALCOCO2	1
BPTF	NPEPPS	1
ARSG	STAT5B	1
PDK2	VMP1	1
TMEM106A	TUBD1	1
THRA	USP32	1
TEX2	TOB1	1
KRT10	TANC2	1
SPOP	VMP1	1
CLTC	PPP1R9B	1
ATP5MC1	PPM1D	1
ITGA3	MED13	1
INTS2	ZNF652	1
FAM117A	VMP1	1
DDX5	RSAD1	1
B4GALNT2	DDX42	1
CBX1	DHX40	1
BRIP1	UTP18	1
BCAS3	HOXB9	1
B4GALNT2	YPEL2	1
ATP5MC1	YPEL2	1
SNF8	TSPOAP1	1
DLX3	TRIM25	1
NFE2L1	RNF43	1
IKZF3	PRR11	1
MSI2	PRR15L	1
CCR7	MKS1	1
DYNLL2	KANSL1	1
DGKE	KRT222	1
CA10	ODAD4	1
ACSF2	XYLT2	1
SP2	WIPF2	1
IKZF3	WIPF2	1
ACSF2	STAT5B	1
ARL17B	SPAG9	1
NR1D1	SKAP1	1
SCRN2	SKAP1	1
BRCA1	RETREG3	1
RARA	WIPF2	1
PSME3	RARA	1
IGFBP4	RARA	1
HOXB3	RARA	1
MAPT	RAPGEFL1	1
IKZF3	RAPGEFL1	1
RAB5C	RETREG3	1
KRT23	PHOSPHO1	1
KAT7	NXPH3	1
EFCAB13	NSF	1
GNGT2	NPEPPS	1
FAM117A	NPEPPS	1
NBR1	RUNDC3A	1
MED24	TNS4	1
MED24	SLC4A1	1
MBTD1	UTP18	1
KAT7	SPOP	1
KANSL1	OSBPL7	1
KANSL1	MBTD1	1
CDC6	MSL1	1
CASC3	MED24	1
CACNA1G	PRAC2	1
CACNA1G	MED24	1
ATP5MC1	SKAP1	1
METRNL	PPP1R1B	1
FBXL20	RHBDF2	1
ERBB2	SLC39A11	1
B3GNTL1	LRRC3C	1
ACACA	VCF1	1
BPTF	PGAP3	1
CEP112	FBXL20	1
ABCA6	FBXL20	1
ACACA	PRKCA	1
ABCA6	LIG3	1
MED1	USP32	1
CWC25	USP32	1
PTRH2	TAF15	1
SYNRG	TUBD1	1
CSH2	SYNRG	1
ACACA	INTS2	1
HEATR6	MIEN1	1
BRIP1	GRB7	1
FBXL20	TANC2	1
CEP95	FBXL20	1
DUSP14	HEATR6	1
ACACA	TANC2	1
MYO19	TRIM37	1
MSI2	SYNRG	1
STARD3	STXBP4	1
MYO19	SKA2	1
ANKFN1	MED1	1
FBXL20	PPM1E	1
LRRC3C	WIPF2	1
GRB7	WIPF2	1
CACNB1	UBTF	1
CACNB1	THRA	1
CASC3	STARD3	1
SPAG9	TADA2A	1
PSMD3	SLFN12	1
PSMD3	SRCIN1	1
EPOP	PSMD3	1
FAM117A	PSMB3	1
KPNB1	PIP4K2B	1
IKZF3	PGAP3	1
IFI35	PGAP3	1
FBXL20	NAGLU	1
CNP	MYO19	1
CDK12	MSL1	1
MED1	PHOSPHO1	1
MED1	NSF	1
MED1	NGFR	1
ACSF2	MED1	1
LRRC59	NEUROD2	1
HAP1	LIG3	1
KANSL1	PPP1R1B	1
GRB7	ITGB3	1
FBXL20	WIPF2	1
FBXL20	SNX11	1
FBXL20	SNF8	1
CDC6	FBXL20	1
CCL16	ETV4	1
ABI3	ERBB2	1
EME1	ERBB2	1
DUSP14	PHB1	1
ARL17B	DDX52	1
ARL17A	DDX52	1
CDK12	JUP	1
CDC6	IKZF3	1
ACACA	MED24	1
ABI3	STARD3	1
AATF	GOSR2	1
AP2B1	TAF15	1
STARD3	TADA2A	1
FNDC8	SRCIN1	1
CDK12	SPMAP1	1
SLFN5	SYNRG	1
RPL23	TCAP	1
PEX12	RFFL	1
CWC25	PSMB3	1
PLXDC1	STAC2	1
MLLT6	PIP4K2B	1
ERBB2	PIP4K2B	1
PGAP3	STAC2	1
MED1	STAC2	1
MED1	PIP4K2B	1
MED1	MRPL45	1
FBXO47	MED1	1
CCL2	MED1	1
CDK12	LASP1	1
FBXL20	SYNRG	1
FBXL20	RPL23	1
FBXL20	FBXO47	1
ERBB2	FBXL20	1
ARL5C	FBXL20	1
ERBB2	SRCIN1	1
ERBB2	MED1	1
CACNB1	LASP1	1
CACNB1	FBXL20	1
CACNB1	ERBB2	1
ASIC2	RASL10B	1
AP2B1	ERBB2	1
ACACA	DDX52	1
AATF	TADA2A	1
AATF	ACACA	1
CLDN7	ERBB2	1
ADAP2	USP36	1
PRKCA	SUPT6H	1
PITPNC1	PSMD11	1
PITPNC1	RHOT1	1
BPTF	FAM222B	1
FAM222B	VMP1	1
LRRC37B	TANC2	1
DHX40	SSH2	1
PTRH2	RHBDL3	1
CLTC	MYO1D	1
TEX14	TMEM98	1
CA10	RHOT1	1
RAB11FIP4	RAD51C	1
ANKFN1	NF1	1
MSI2	MYO18A	1
SKAP1	TMEM97	1
GOSR1	THRA	1
SUZ12	TAC4	1
SLC35B1	SSH2	1
PROCA1	SNF8	1
CORO6	SLC35B1	1
NPEPPS	OMG	1
MYO1D	ORMDL3	1
GOSR2	RHOT1	1
GOSR2	OMG	1
AATF	TNFAIP1	1
PCGF2	TAOK1	1
OMG	STARD3	1
CDK12	SSH2	1
CDK12	PHF12	1
NLK	PPP1R1B	1
ACACA	MYO1D	1
ERBB2	MYO18A	1
CDK12	NUFIP2	1
ANKRD13B	CDK12	1
ARHGAP23	NLK	1
TRAF4	WSB1	1
TAOK1	ZNF207	1
EFCAB5	TAOK1	1
SSH2	TNFAIP1	1
LGALS9	NLK	1
MYO18A	NUFIP2	1
LRRC37B	MYO18A	1
LYRM9	NSRP1	1
KSR1	PIPOX	1
IFT20	SUZ12	1
GOSR1	NF1	1
ATAD5	CRLF3	1
ADAP2	CPD	1
CDK5R1	PSMD11	1
SEPTIN9	SMG6	1
NHERF1	RABEP1	1
ERN1	SMTNL2	1
SPATA22	ZZEF1	1
SMG6	ZZEF1	1
TRARG1	YWHAE	1
TLCD2	YWHAE	1
SLC25A11	UBE2G1	1
CXCL16	UBE2G1	1
SCARF1	SLC43A2	1
SLC16A13	SLC35G6	1
ALOX12	SLC35G6	1
ACADVL	SENP3	1
RAP1GAP2	SGSM2	1
NUP88	RABEP1	1
POLR2A	SLC16A13	1
ALOX12	POLR2A	1
PLD2	ZZEF1	1
NXN	PITPNA	1
CAMKK1	NCBP3	1
NAA38	RABEP1	1
KDM6B	METTL16	1
KIAA0753	PHF23	1
GGT6	PELP1	1
GABARAP	MYOCD	1
ATPAF2	SLC39A11	1
PEMT	PRKCA	1
TMEM11	TOM1L1	1
CCDC144A	PPM1E	1
IGF2BP1	PEMT	1
NT5M	ZNF652	1
LUC7L3	MPRIP	1
RASL10B	USP22	1
EVI2A	TOP3A	1
COPS3	PLD6	1
MIEF2	RAI1	1
GID4	RAI1	1
AKAP10	EPN2	1
ALKBH5	MYO15A	1
C16ORF87	KIAA1671	1
NRIP1	SHCBP1	1
TGIF2	WWOX	1
N4BP1	PTPRA	1
CES5A	CRLS1	1
PEDS1	VPS35	1
ATF7IP2	STAU1	1
COQ7	OSBPL2	1
IRX3	USF2	1
L3MBTL4	POLR3K	1
COL1A1	MMP2	1
CHD9	KSR1	1
ACSM2B	DHX40	1
SEC14L1	SEPTIN1	1
TANC2	ZNF689	1
EIF3C	ERN1	1
PHKG2	RPL27	1
ALDOA	COL1A1	1
CACNB1	PPP4C	1
KLHDC4	SPG7	1
GSE1	KIAA0513	1
EMC8	GINS2	1
GAS8	SPIRE2	1
CDK10	GAS8	1
CTU2	MLYCD	1
CHST6	WDR59	1
CHST6	TMEM170A	1
CDH13	MLYCD	1
CHST4	SNTB2	1
COG4	SF3B3	1
RANBP10	ZFHX3	1
CMTM4	PHAF1	1
NFAT5	NQO1	1
IST1	NFAT5	1
ELMO3	ZDHHC1	1
CALB2	CYB5B	1
CTCF	NUTF2	1
ANKRD11	CES5A	1
GNAO1	TOX3	1
CHD9	NETO2	1
BRD7	ZNF423	1
GPT2	NUP93	1
CBFB	TIGD7	1
NPW	TSC2	1
ADCY9	TRAP1	1
RAB40C	STUB1	1
RAB11FIP3	STUB1	1
E4F1	RAB26	1
NAA60	RAB11FIP3	1
ABCA3	PARN	1
CORO7	PAM16	1
NOMO3	TFAP4	1
MYH11	NOMO1	1
MRTFB	SHISA9	1
CLEC16A	MRTFB	1
CRAMP1	JPT2	1
EMP2	NUBP1	1
BFAR	EMP2	1
CRAMP1	CREBBP	1
CIAO3	CREBBP	1
ABCC1	BMERB1	1
ANKS3	DNAAF8	1
ADCY9	RMI2	1
ADCY9	PRSS27	1
ADCY9	PAM16	1
ADCY9	CDIP1	1
ABAT	USP7	1
PARN	SMG1	1
MRTFB	USP31	1
ACSM2A	HAPSTR1	1
NPIPB5	USP31	1
RPS15A	SMG1	1
DCTN5	UBFD1	1
ARHGAP17	TNRC6A	1
GSG1L	TLCD3B	1
NOMO2	PRR14	1
FBRS	NOMO2	1
NFATC2IP	VPS35L	1
ZNF48	ZNF771	1
MVP	TMEM265	1
BCL7C	KRBOX5	1
ALDOA	ASPHD1	1
HMGN1	RORA	1
MEF2A	NFATC2	1
PCMTD2	TMED3	1
CHD6	CHRNB4	1
BCL2A1	EPB41L1	1
MAP2K1	UCKL1	1
ATP8B4	NAA20	1
FAM174B	ZNF615	1
GALK2	NAPSA	1
ADGRL1	POLR2M	1
ADGRL1	MYZAP	1
IGF1R	PPP4R1	1
LINS1	WRAP53	1
PKM	TRPV3	1
RMDN3	SKA2	1
SUPT6H	TJP1	1
NIPA2	STXBP4	1
ANXA2	SMG1	1
SV2B	UNC45A	1
PCSK6	SNRPA1	1
LINS1	PCSK6	1
IGF1R	MFGE8	1
IQGAP1	MESP2	1
CIB1	IQGAP1	1
AP3S2	KIF7	1
ADAMTS17	LRRC28	1
IGF1R	TRIP4	1
IGF1R	RAB27A	1
CDIN1	IGF1R	1
CIB1	PDE8A	1
AGBL1	IQGAP1	1
ZNF592	ZSCAN2	1
ARIH1	MPI	1
MCTP2	PKM	1
THAP10	THSD4	1
PAQR5	THSD4	1
LRRC49	THSD4	1
CLN6	PAQR5	1
CIB1	ICE2	1
RPL4	SNAPC5	1
PLEKHO2	ZNF609	1
CSNK1G1	HERC1	1
CLPX	PDCD7	1
AGBL1	USP8	1
ADAMTSL3	NEDD4	1
FGF7	TLN2	1
FAM227B	TRPM7	1
LYSMD2	SLC24A5	1
GALK2	MAPK6	1
CGNL1	TCF12	1
BLOC1S6	SQOR	1
RTF1	TYRO3	1
NUSAP1	OIP5	1
COPS2	DPH6	1
CDIN1	FAM98B	1
CYFIP1	ENTREP2	1
CYFIP1	TUBGCP5	1
ATP9A	COA8	1
ADCK1	OSBPL2	1
MKKS	PCNX1	1
GPHB5	STAU1	1
PSMA3	ZNFX1	1
MDGA2	NCOA6	1
MYH14	ZNF839	1
CRIP2	SBNO2	1
EXOC3L4	PITPNC1	1
HOXB2	RPS6KA5	1
NF1	SIPA1L1	1
KRTAP4-1	MAPK1IP1L	1
MAP3K3	RPS29	1
KLHL28	SSH2	1
CASC3	MIPOL1	1
PGS1	TM9SF1	1
COL1A1	HEATR5A	1
MRPL52	USP22	1
CRIP2	DBNDD1	1
PMM2	PPP2R3C	1
AP1G2	SMPD3	1
KLC1	TRAF3	1
FBLN5	TC2N	1
ATXN3	TC2N	1
EVL	TRAF3	1
EML1	EVL	1
DYNC1H1	PPP2R5C	1
DEGS2	WARS1	1
CATSPERB	TC2N	1
CATSPERB	FBLN5	1
ATXN3	CATSPERB	1
PLEKHD1	SLC39A9	1
MAP3K9	SLC39A9	1
NEK9	TMED10	1
ENTPD5	MIDEAS	1
BBOF1	PTGR2	1
CATSPERB	SYNE2	1
CATSPERB	SPTB	1
MTHFD1	ZBTB1	1
HIF1A	MNAT1	1
FNTB	FUT8	1
FNTB	RAB15	1
RTRAF	TMX1	1
ATL1	SAV1	1
MAP4K5	SAV1	1
CCDC198	EXOC5	1
ERO1A	TXNDC16	1
ERO1A	GPR137C	1
PSMC1	SEC23A	1
MARK3	MIA2	1
NEMF	NIN	1
PRPF39	PSMA6	1
MIA2	MIPOL1	1
BRMS1L	PRORP	1
NUBPL	TRIP11	1
TM9SF1	TSSK4	1
HECTD1	SCFD1	1
MMP14	THTPA	1
RNASE1	TEP1	1
BCL2L2	PABPN1	1
DAD1	RAB2B	1
CDH24	HOMEZ	1
ABHD4	PSMB11	1
RUNX1	STK24	1
ABHD13	KIZ	1
ARFGEF2	TPT1	1
SLX4IP	SUGT1	1
CPAMD8	SAP18	1
DHX8	TDRD3	1
LUC7L3	TPT1	1
NF1	PDS5B	1
SEPTIN9	UBE2L5	1
ERBB2	POLR1D	1
CDK8	NPIPB15	1
CRYL1	USP31	1
ALDOA	MPHOSPH8	1
SPTB	UBAC2	1
TFDP1	TMCO3	1
LAMP1	MCF2L	1
NALCN	PCCA	1
CLYBL	TM9SF2	1
DNAJC3	GPC6	1
LMO7	UCHL3	1
FBXL3	KLF5	1
LCP1	RUBCNL	1
RB1	RCBTB2	1
NAA16	VWA8	1
ENOX1	FNDC3A	1
DNAJC15	UFM1	1
COG6	LHFPL6	1
CAB39L	EXOSC8	1
ALG5	NBEA	1
N4BP2L2	ZAR1L	1
MTUS2	TM9SF2	1
FNDC3A	ZMYM2	1
B3GLCT	USPL1	1
LRP6	WNT7B	1
ICOSLG	PUS1	1
ATP2A2	RRP1	1
APP	TBK1	1
ARHGEF25	CCT8	1
DIP2A	PRH1	1
CAPS2	CASS4	1
CPM	STK4	1
ITFG2	ZNF831	1
ARFGEF2	H2AJ	1
PPP1R12C	ULK1	1
ETHE1	ULK1	1
NECTIN2	NOC4L	1
LSM4	TRHDE	1
BLOC1S3	C12ORF4	1
ATG4D	TMEM52B	1
LARP4	PTPRM	1
BPTF	PEBP1	1
GNPTAB	USP36	1
GSDMA	OSBPL8	1
KSR1	RAB21	1
CPM	TBCD	1
ANKRD52	PGS1	1
COL1A1	FMNL3	1
MUCL1	RPL23	1
LIMA1	USP22	1
CD69	SLC39A11	1
GAPDH	KRT13	1
CACNA1C	STARD3	1
CD163L1	FBXL20	1
LPCAT3	MYO15A	1
P4HB	PLEKHA5	1
FBXL20	SOX5	1
PEMT	RECQL	1
RASSF8	SLC47A2	1
C2CD5	LGALS9B	1
FBXL20	INTS13	1
DCN	VPS35	1
MON2	SMG1	1
EMP2	KRT81	1
PDILT	PPFIBP1	1
LGMN	NAP1L1	1
CPSF6	ZBTB1	1
DCAF5	DPY19L2	1
BRF1	SLC4A8	1
SLC4A8	ZFP36L1	1
VWF	ZC3H14	1
DTD2	SOX5	1
VSIG10	WSB2	1
VPS33A	VPS37B	1
MORN3	TMEM120B	1
SETD1B	TMEM120B	1
EIF2B1	SBNO1	1
RSRC2	VPS37B	1
HVCN1	PPTC7	1
GOLGA3	POLE	1
NCOR2	RILPL2	1
MED13L	RNFT2	1
KSR2	P2RX4	1
HECTD4	SBNO1	1
DDX54	IQCD	1
CLIP1	SLC8B1	1
BICDL1	GALNT9	1
ANKLE2	CHFR	1
AACS	DNAH10	1
CHST11	FBXW8	1
NOPCHAP1	RIC8B	1
CHPT1	SCYL2	1
CHPT1	MYBPC1	1
CEP83	RIMBP2	1
GLIPR1L2	VSIG10	1
LIN7A	RSRC2	1
RIC8B	SYT1	1
ATP2B1	IKBIP	1
ANKS1B	CCER1	1
THAP2	TMTC3	1
LIN7A	NAV3	1
CAPS2	GLIPR1	1
OSBPL8	PTPRR	1
LGR5	MDM1	1
CPSF6	NAV3	1
FRS2	RAB3IP	1
CPSF6	MYRFL	1
MSRB3	RAB3IP	1
MDM2	XPOT	1
C12ORF56	TBK1	1
CTDSP2	METTL1	1
PCBP2	TMED2	1
MED13L	PRIM1	1
EEA1	PCBP2	1
DNAJC22	NTN4	1
SCN8A	SRGAP1	1
DTX3	LRIG3	1
DCTN2	USP15	1
BLOC1S1	SARNP	1
PRPF40B	SPATS2	1
POU6F1	SMAGP	1
MUCL1	OS9	1
DGKA	MYL6	1
BLOC1S1	GDF11	1
DDX23	SMAGP	1
COPZ1	HOXC4	1
ACVR1B	PCBP2	1
ERC1	WNT5B	1
WNK1	WNT5B	1
KDM5A	WNK1	1
PRH1	TSPAN9	1
RHNO1	TMEM52B	1
CLEC4D	RIMKLB	1
DYRK4	RAD51AP1	1
MLF2	PTMS	1
CLEC2B	ETV6	1
ERC1	ETV6	1
DUSP16	HEBP1	1
DUSP16	GPRC5D	1
ATN1	LRRC23	1
ADIPOR2	WNT5B	1
ADIPOR2	CACNA2D4	1
MGST1	TSPAN8	1
PYROXD1	SLC2A14	1
CLSTN3	PLCZ1	1
MGP	WBP11	1
PLEKHA5	ST8SIA1	1
EPS8	LMO3	1
KRAS	RERGL	1
H4C16	MGP	1
BCAT1	RECQL	1
SINHCAF	TAOK3	1
BORCS5	CCDC91	1
PLCZ1	PTHLH	1
IPO8	MGST1	1
ETNK1	PPFIBP1	1
DDX11	DERA	1
CAPRIN2	ST8SIA1	1
CABP2	TXN2	1
ERG	PAK1	1
HSPA13	RSF1	1
PCBP3	PDHX	1
CDH26	TMEM25	1
NARS2	SERINC3	1
INTS4	PTPRT	1
PFDN4	RHOD	1
ARFGEF2	RAB1B	1
PPFIA1	TRPC4AP	1
DTD1	FHIP1B	1
ST3GAL4	ZNF208	1
AAMDC	PLAUR	1
INTS4	PLAUR	1
LILRB2	SHANK2	1
NFIC	RPS3	1
CTSD	LTBP4	1
EIF4G2	RAB8A	1
MARCHF2	TNNT3	1
FBXO3	RDH13	1
LRP4	NFIX	1
BARX2	MIEN1	1
NARS2	PLXDC1	1
GAB2	PLXDC1	1
FBXL20	THRSP	1
ERBB2	NARS2	1
CCDC90B	PLXDC1	1
GRM5	TMEM98	1
NARS2	SSH2	1
PPFIA1	SLC39A11	1
PRKCA	SHANK2	1
KDM2A	VMP1	1
DHCR7	VMP1	1
BCAS3	XRRA1	1
BCAS3	POLD4	1
MTMR4	RBM4	1
COX8A	GDPD1	1
IKZF3	RAD9A	1
PSMD3	TOP6BL	1
KANSL1	KDM2A	1
FCHSD2	THRA	1
CASC3	FCHSD2	1
CALCOCO2	RCOR2	1
ACTN3	GRB7	1
ARRB1	CACNB1	1
PPP6R3	ZNF207	1
ANO1	SSH2	1
ANO1	PHF12	1
FAM168A	SLC13A2	1
LRP5	RANGRF	1
ANKFN1	INCENP	1
EIF5A	FTH1	1
GCGR	PHRF1	1
FBXL20	TRIM49B	1
NF1	TSPAN18	1
CPT1A	LPCAT2	1
ABCC11	ANO1	1
ALDOA	NDUFV1	1
ALDOA	FADS2	1
BET1L	LMF1	1
IQGAP1	SCGB1D2	1
PHRF1	SNRPA1	1
ARHGEF12	ATP5MJ	1
RAD51B	TMPRSS4	1
ALG8	OXA1L	1
CEP128	SLCO2B1	1
FAM161B	TOP6BL	1
PPFIA1	TMEM229B	1
PPP6R3	STRN3	1
AKT1	PHRF1	1
HOMEZ	STIM1	1
ABTB2	NDUFB1	1
EIF3M	PNN	1
FARP1	SIAE	1
DDX10	SKA3	1
CD151	MIPEP	1
CCT2	CXCR5	1
TENM4	TMTC2	1
RIC8B	SPINDOC	1
GRIP1	KDM2A	1
DHCR7	USP15	1
MYL6	SF3B2	1
MYO7A	STRAP	1
CTTN	ST8SIA1	1
CTTN	PLEKHA5	1
MGP	SCGB2A2	1
MDM2	SBF2	1
MGP	TMEM9B	1
DENND5B	GALNT18	1
BARX2	ST14	1
DDX25	FAM118B	1
APLP2	KCNJ5	1
POU2F3	TLCD5	1
DLAT	NKAPD1	1
GRIK4	TMPRSS4	1
CBL	UBE4A	1
APOA5	BUD13	1
CUL5	SDHD	1
EXPH5	SLC35F2	1
CUL5	RAB39A	1
CBL	CLNS1A	1
TAF1D	TRIM49C	1
TAF1D	TRIM49	1
NARS2	TENM4	1
PAK1	THRSP	1
NARS2	NDUFC2	1
KCTD21	TENM4	1
INTS4	KCTD14	1
GAB2	TENM4	1
AAMDC	GAB2	1
CLNS1A	TRIM49C	1
CLNS1A	GAB2	1
AQP11	CLNS1A	1
KCTD14	UVRAG	1
RNF169	USP35	1
SHANK2	TENM4	1
PPME1	TENM4	1
AQP11	PPME1	1
DLG2	NADSYN1	1
INTS4	SLCO2B1	1
GDPD4	INTS4	1
ARAP1	USP35	1
MYEOV	UVRAG	1
MAP6	UVRAG	1
GDPD4	UVRAG	1
EFEMP2	TOP6BL	1
SPTBN2	TMEM134	1
FCHSD2	THAP12	1
P2RY6	STIP1	1
CABP2	SSH3	1
GDPD4	SPTBN2	1
RTN3	SPINDOC	1
SHANK2	SPTBN2	1
NRXN2	SHANK2	1
MYEOV	SHANK2	1
KDM2A	SHANK2	1
COA4	SHANK2	1
ACER3	SHANK2	1
SART1	SF3B2	1
NDUFS8	RTN3	1
RHOD	RIN1	1
ACTN3	RBM4	1
RAD9A	SSH3	1
MRPL48	RAB6A	1
PPP6R3	TESMIN	1
KDM2A	PPFIA1	1
FRMD8	PPFIA1	1
CAPN1	POLA2	1
NUMA1	PLEKHB1	1
PLCB3	VEGFB	1
PCNX3	SNX32	1
ANO1	PC	1
PACS1	RHOD	1
NEU3	POLA2	1
NAA40	RTN3	1
MUS81	TOP6BL	1
MRPL48	TPCN2	1
KDM2A	MRPL21	1
LTO1	RNF169	1
FOLR1	LRTOMT	1
LRP5	TOP6BL	1
GAL	LRP5	1
KDM2A	RPS6KB2	1
GDPD4	KDM2A	1
IGHMBP2	PITPNM1	1
GRK2	TPCN2	1
FAM168A	TPCN2	1
EMSY	MYO7A	1
DHCR7	KRTAP5-11	1
CTTN	MYEOV	1
CTTN	INPPL1	1
CPT1A	MYEOV	1
CPT1A	GDPD4	1
CHKA	CPT1A	1
CLPB	TMEM134	1
CLPB	PDE2A	1
CAPN1	CDC42EP2	1
CCS	KDM2A	1
ARL2	CAPN1	1
ATG2A	NRXN2	1
ARRB1	TPCN2	1
ARRB1	MYEOV	1
ARRB1	KRTAP5-11	1
ARHGEF17	COA4	1
ANO1	EMSY	1
AIP	POLD4	1
ACER3	PC	1
MS4A4E	PC	1
RAB6A	ZFP91	1
TOP6BL	UBXN1	1
PACS1	SYT7	1
PGA5	SHANK2	1
AHNAK	SHANK2	1
ACTN3	SDHAF2	1
ALDH3B1	SCGB1D2	1
PRPF19	RAB1B	1
PGA5	PLCB3	1
MS4A18	PACS1	1
GLYATL2	MARK2	1
DTX4	FCHSD2	1
FADS1	SHANK2	1
DAGLA	POLD3	1
ARHGEF17	WDR74	1
ARAP1	INTS5	1
ANO1	OR4D10	1
LPXN	ZFP91	1
FADS3	VPS37C	1
STX5	TMEM223	1
CD5	TMEM109	1
SLC22A6	STX5	1
BSCL2	STX5	1
FADS2	SCGB1D2	1
NXF1	TAF6L	1
FAM111B	GLYATL1	1
CTNND1	TIMM10	1
AHNAK	INTS5	1
FEZ1	SBF2	1
PARVA	POLD3	1
CHRDL2	COPB1	1
CTSD	TMEM109	1
C11ORF98	PKP3	1
EIF3F	FADS2	1
IPO7	ZNF143	1
PARVA	TEAD1	1
POLR2L	SLC25A22	1
CHID1	SLC25A22	1
DEAF1	RNH1	1
OLFML1	PPFIBP2	1
AP2A2	PLEKHA7	1
PHRF1	TSPAN4	1
CARS1	NAP1L4	1
HRAS	SCT	1
DEAF1	GATD1	1
CD151	DRD4	1
AP2A2	TMEM80	1
ANO5	HPS5	1
ABTB2	TYR	1
ABTB2	KDM2A	1
EHF	NAV2	1
SLC5A12	TRIM44	1
DEPDC7	QSER1	1
ELF5	PDHX	1
LDLRAD3	TCP11L1	1
ELP4	LDLRAD3	1
CD44	LDLRAD3	1
CD59	CSTF3	1
CAPRIN1	CAT	1
ABTB2	LMO2	1
LRP5	MADD	1
CTSD	PACSIN3	1
ELF5	EXT2	1
MTCH2	RAG2	1
ACCS	PRDM11	1
AMBRA1	PEX16	1
ALX4	EXT2	1
ATG13	FOLH1	1
DEPDC5	GOLGA7B	1
CACUL1	EIF6	1
ERCC6	PREX1	1
HTRA1	TYK2	1
AP1M1	FGFR2	1
ADD3	FTL	1
CDH23	KLK5	1
PSAP	TYK2	1
NRBF2	SAE1	1
KIRREL2	MAPK8	1
CUBN	SPIRE1	1
DYM	ITGB1	1
CCDC144A	EXOSC1	1
ADK	ITGB4	1
CDK12	SAR1A	1
CLUH	DLG5	1
CD68	PSAP	1
ANK3	TOM1L2	1
BRCA1	DNAJC1	1
ANKRD30A	MIEF2	1
ANK3	UBE2I	1
DDX19A	IL15RA	1
ATP8B4	MGMT	1
INPP5A	PPIP5K1	1
CHSY1	SPOCK2	1
IQCH	LRMDA	1
ADK	ZNF106	1
LRRC28	PBLD	1
GABPB1	JMJD1C	1
ANKRD30A	FAM227B	1
DOCK1	GALNT16	1
KIAA1217	SERPINA1	1
FGFR2	TBC1D4	1
ARHGEF7	SFTPA1	1
CAPS2	GRID1	1
PTEN	WNK1	1
MGAT4C	PPA1	1
ADK	LLPH	1
C1S	PSAP	1
AKR1C2	ZNF664	1
PTMS	TAF3	1
SEPHS1	TBC1D15	1
FBXW4	RSF1	1
CSKMT	HK1	1
CTNNA3	RSF1	1
MCMBP	TIAL1	1
ATE1	TACC2	1
DENND10	INPP5F	1
TACC2	TCF7L2	1
FANK1	FHIP2A	1
FHIP2A	TRUB1	1
ATRNL1	TECTB	1
PDCD4	PLEKHS1	1
ATRNL1	NHLRC2	1
CASP7	VTI1A	1
EXOSC1	SORCS1	1
TLL2	TM9SF3	1
PI4K2A	ZDHHC16	1
GBF1	NFKB2	1
LDB1	PCGF6	1
FBXW4	OGA	1
ACTR1A	ARL3	1
INPP5A	KIF20B	1
ATAD1	ATRNL1	1
ABCC2	TSPAN14	1
SLC35G1	TBC1D12	1
PANK1	STAMBPL1	1
BMPR1A	SHLD2	1
MICU1	TACC2	1
FGFR2	P4HA1	1
FGFR2	VPS26A	1
FGFR2	MCU	1
BTRC	CDH23	1
ADK	PI4K2A	1
LRMDA	NRG3	1
PLAU	VCL	1
CAMK2G	PPP3CB	1
NDST2	ZSWIM8	1
CHCHD1	MCU	1
CDH23	MCU	1
MACROH2A2	SRGN	1
LRRC20	NODAL	1
HK1	SUPV3L1	1
CFAP70	DNAJC9	1
ANAPC16	DLG5	1
AGAP5	CAMK2G	1
ANAPC16	MICU1	1
CDK1	WDR11	1
ANK3	IFIT5	1
ANK3	ATAD1	1
ASCC1	TET1	1
ANK3	P4HA1	1
KAT6B	RTKN2	1
ANK3	TFAM	1
DNAJC12	PBLD	1
ARMH3	PRKG1	1
PCGF5	RET	1
PTEN	SGMS1	1
CXCL12	ECD	1
ASAH2	WASHC2A	1
PARG	SGMS1	1
RASSF4	TMEM72	1
AGAP9	CSGALNACT2	1
LARP4B	PFKFB3	1
ADARB2	LARP4B	1
ABI1	TASOR2	1
FAM149B1	USP6NL	1
CELF2	SFMBT2	1
ITIH5	KIN	1
FRMD4A	PTEN	1
ADK	RPP38	1
ITGA8	NMT2	1
MCM10	OPTN	1
PSTK	YME1L1	1
ENKUR	NHLRC2	1
KIAA1217	PFKFB3	1
AKR1E2	WAC	1
APBB1IP	WAC	1
HACD1	STAM	1
DNAJC1	EBLN1	1
ARHGAP21	GPR158	1
CUBN	MTPAP	1
ARMC3	PARD3	1
ABI1	CCDC7	1
KCNQ5	RIMS1	1
AFF4	SEPTIN8	1
PLXND1	TMCC1	1
PRKAR2A	SLC26A6	1
PLA2R1	RBMS1	1
JPT1	USH1G	1
EFTUD2	KIF18B	1
LDHC	SERGEF	1
EGFR	SPAG1	1
DMD	KDM6A	1
HSD17B10	USP11	1
GNL3L	PAGE5	1
HNRNPA2B1	HSD17B10	1
GNAS	TSPAN7	1
DLK1	RPL10	1
COL5A1	FCN2	1
ANKS6	COL15A1	1
PCMTD2	WASHC1	1
CSTPP1	FAM219A	1
CYC1	MROH1	1
CPSF1	TONSL	1
COL6A1	PLAT	1
CCN3	GABRA5	1
CYC1	DLK1	1
DENND1A	RCC1L	1
DUS3L	GTF2IRD1	1
NF1	NRF1	1
CHMP1A	LMBR1	1
AUTS2	CDH8	1
POSTN	PTN	1
ACTB	ALDH2	1
STX5	TYW1B	1
CLU	SEC63	1
AHI1	MAP7	1
CMTR1	SMIM13	1
HCRTR2	TRAM2	1
ASCC3	TXNRD2	1
EEF2	SEC63	1
COX4I1	SYNJ2	1
C4B	DLK1	1
GJA1	STAT6	1
IQCE	SQSTM1	1
ARSB	TBCA	1
SERF1A	SMN2	1
KIF2A	MIER3	1
ANKRD55	PARP8	1
ANKRD31	RICTOR	1
C9	CERT1	1
ADRM1	CCT5	1
OLFM2	PLEKHG4B	1
CCT5	KTN1	1
DCLK2	LRBA	1
BST1	CC2D2A	1
APOE	CLCN3	1
CLCN3	VIM	1
APOD	PPP1R2	1
LAMP3	MCCC1	1
EHHADH	LIPH	1
GOLGA4	ITGA9	1
NEK4	STIMATE	1
KLHDC8B	RABEP1	1
ACOT2	QRICH1	1
NCOR2	RNF123	1
ARHGAP19	ELP6	1
CCT5	COL3A1	1
GIGYF2	HSCB	1
KCTD18	PLCL1	1
PARD3B	ZC3H8	1
SCN3A	TMEM182	1
TSGA10	ZRANB3	1
DNAAF10	PPP3R1	1
KCMF1	RAB1A	1
ARMC9	NPAS1	1
GNG7	PSMD1	1
CRYGD	MINDY3	1
FRA10AC1	GCA	1
MCU	MEMO1	1
DPY30	MCU	1
EMID1	ZNRF3	1
AGPAT3	TRAPPC10	1
IFNAR1	IL10RB	1
RALGAPA2	ZNFX1	1
NDUFS2	UBR2	1
CAPZB	MUC22	1
DDX27	S100A6	1
COA6	RPS15	1
ALPL	PGPEP1	1
GALNT2	IGF2	1
DHCR24	FADS2	1
ATF6	DDR2	1
FCGR3B	NOTCH2NLA	1
SEMA6C	VPS72	1
KIF1B	PGD	1
EBNA1BP2	ST3GAL3	1
DHCR24	EPHX1	1
CLPTM1	KIAA1671	1
CDS2	MAST3	1
ARHGAP35	ZC3H4	1
HNRNPUL1	TGFB1	1
HSD17B14	PLEKHA4	1
CASP14	SUGP1	1
LDLR	SLC44A2	1
RAVER1	TYK2	1
PALM	SGTA	1
AMH	OAZ1	1
MED16	R3HDM4	1
KDM4B	YJU2	1
CYP4F22	GIPC1	1
ASF1B	GIPC1	1
ADGRE5	ZNF626	1
ELP2	FHOD3	1
KCNB1	NDEL1	1
SEPTIN9	VAV1	1
DNM2	SLC47A1	1
WIPF2	ZPBP2	1
AARSD1	SPOP	1
FOXK2	TNFSF13	1
CTDNEP1	SHBG	1
ALDH3A2	EIF5A	1
MBTPS1	SLC38A8	1
CDH3	WWOX	1
PDPR	PSMD7	1
ST3GAL2	VAC14	1
NUTF2	TSNAXIP1	1
CYB5B	TERF2	1
NLRC5	NUP93	1
FLYWCH1	TVP23A	1
CIAO2B	CYFIP1	1
PIN1	PPP2R3C	1
DLK1	THSD4	1
CRIP2	MTA1	1
ALDH6A1	MIDEAS	1
DLST	YLPM1	1
PPP2R5E	XRCC3	1
EIF3D	SCARB1	1
DENR	ZIM2	1
DENR	PEG3	1
BSG	STAT6	1
HEXD	RHOF	1
ERBB3	P4HB	1
CS	CSNK1G1	1
DLK1	STAT6	1
PLA2G1B	PXN	1
EEA1	SCARB1	1
CCT2	KRT78	1
DTX1	KIF5A	1
LIN7A	R3HDM2	1
SARNP	SLC16A7	1
ANKRD52	RASSF3	1
CS	RNF41	1
BCDIN3D	NCKAP5L	1
HDAC7	VDR	1
ANO2	GALNT8	1
IGF2	NKAIN4	1
ASIP	MADD	1
IGF2	MAMSTR	1
LRP5	TLCD2	1
CLUH	IGF2	1
IFI27	NDUFV1	1
MRPL48	NCAPD2	1
CCDC88B	RPS6KA4	1
GANAB	LBHD1	1
DNAJC4	IGF2	1
ARAP1	IGF2	1
LSP1	SYT8	1
DUSP8	KCNQ1	1
AP2A2	DRD4	1
ARFGAP2	PACSIN3	1
GNAS	PSAP	1
KCNMA1	SERTAD1	1
DLK1	WBP1L	1
MMS19	NDUFV1	1
CNNM2	WBP1L	1
KIFBP	VPS26A	1
GIMAP8	KMT2A	1
LMO1	RIC3	1
CUL1	DPP6	1
EXOC4	TRHDE	1
NPM1	NPM1	1
FNDC3B	RARB	1
FNDC3B	RARA	1
NABP1	RARA	1
ERG	ETS2	1
EXOC3L2	PLAUR	1
IRF2BP1	RARA	1
ATAD5	CDK12	1
ANKRD34C	RARA	1
CCDC33	RARA	1
PML	ZNF106	1
RARA	STRN3	1
CDK12	KCNRG	1
HNRNPM	RARG	1
NAB2	RARA	1
PML	RARG	1
RARG	SART3	1
RARA	SNX15	1
NUMA1	RARA	1
ADAMTS17	PML	1
ADAMTS17	RARA	1
PRPF19	PRPF19	1
OPHN1	RUNX1	1
KMT2A	YJU2	1
RUNX1	TRPS1	1
EIF3E	RUNX1	1
FGFR1	TRIM24	1
DGKA	ZNF273	1
KMT2A	SEPTIN14	1
MNX1	MYB	1
ETV6	FRK	1
GFRA3	SIL1	1
PRRC1	RUNX1	1
ADAMTS19	RUNX1	1
CHD1	RUNX1	1
ETV6	IL3	1
OXCT1	SLCO2B1	1
FOXP1	HOXA10	1
MACROH2A1	MECOM	1
NUP98	POU1F1	1
ZNF37A	ZNF717	1
CENPE	HEATR5B	1
EMX1	NUP98	1
RPL22	RUNX1	1
ETV6	PRDM16	1
COL24A1	MCOLN3	1
TTC3	ZNF83	1
NCAM2	RUVBL2	1
SMAD2	TFF1	1
CEP192	VAPA	1
GNA13	MYO1D	1
SGSM2	SMG6	1
CBFB	TTC3	1
RUNX1	THOC6	1
CDS2	POLR3E	1
MAP2K1	TIPIN	1
NUTM1	TIPIN	1
AVEN	NUTM1	1
ETV6	FAAP100	1
NUP98	ZNF91	1
KMT2A	SARNP	1
KMT2A	RNF214	1
FDX1	MLLT10	1
MYC	SUPT3H	1
LCK	RCC1	1
ARHGEF6	STAG2	1
BCOR	STAG2	1
SH3KBP1	TLR3	1
ELF4	ERG	1
IRAK1	LYZ	1
GPC3	RAP1B	1
BRWD3	NUP98	1
AGPAT2	EGFL7	1
LHX6	MRRF	1
GAPVD1	PTGR1	1
FAM120A	RABGAP1	1
ANAPC2	CEBPA	1
CLUL1	FKTN	1
MPO	NTNG2	1
GPATCH8	KIAA1958	1
ANXA1	MPO	1
ANXA1	LYZ	1
NUP98	SET	1
LYN	PLAG1	1
RUNX1	TRIQK	1
RUNX1	TACC1	1
PRSS1	PRSS2	1
KLRG2	LUC7L2	1
AGK	DENND11	1
EZH2	PUS7	1
ZNF394	ZNF789	1
AUTS2	CLIP2	1
BZW2	GUSB	1
HOXA9	TNRC18	1
HOXA10	POLR1F	1
HOXA3	HOXA9	1
IKZF1	TNRC18	1
ASPHD2	RHEB	1
DTX2	RUNX1	1
DTX2	UPK3B	1
RUNX1	UPK3B	1
RUNX1	SEPTIN7	1
TMPRSS9	ZNRF2	1
MSI2	UBE3C	1
ELP5	HIPK2	1
IKZF1	STXBP4	1
ARID3B	CDK13	1
GPR141	ONECUT1	1
FBXL13	TSC22D1	1
CYP3A4	ETV6	1
CACNA1C	CLIP2	1
BAZ1B	PRMT8	1
ETV6	HOXA11	1
ANLN	ETV6	1
FLNC	KMT2A	1
AHCYL2	KMT2A	1
MEOX2	NUP98	1
HOXA6	NUP98	1
ATG16L2	IKZF1	1
ADAM22	MED23	1
NUP153	PHIP	1
MAPK14	PPARD	1
ABHD16A	LY6G5C	1
FKBP5	RUNX2	1
KIAA0753	TBPL1	1
L3MBTL3	SGSM2	1
EEF1A1	MPO	1
CDK19	KMT2A	1
CYSTM1	NRF1	1
BAZ1B	NIPBL	1
IQGAP2	SCAMP1	1
MYH9	PLCXD3	1
CSNK1G3	TNK1	1
CPD	NDUFS4	1
LARP1	NUTM1	1
PDGFRB	STRN3	1
LYZ	STK10	1
CNTRL	KIT	1
AKAP9	PDGFRA	1
ATP5ME	SLC49A3	1
LCORL	PPARGC1A	1
MAML3	TTBK2	1
KMT2A	USO1	1
GSX2	NUP98	1
CDK6	MECOM	1
CD164	SLC15A2	1
ANKRD28	NUP98	1
PDGFRB	TBL1XR1	1
BSN	SSBP2	1
BST1	DGKG	1
EIF4A2	VPS8	1
BCL6	FNDC3B	1
EIF4A2	MECOM	1
MECOM	SMC4	1
DGKG	U2SURP	1
PRSS50	RHOA	1
FOXP1	NF2	1
GSK3B	TIAM1	1
CYGB	NBEAL2	1
LEO1	POC1A	1
EIF4E3	MGA	1
CMSS1	FLT1	1
ANKRD28	FLT3	1
DUSP16	PDCD6IP	1
ANO10	NUP98	1
AGAP3	HOXD11	1
ALK	ROS1	1
FOSL2	RUNX1	1
ABI2	CLK1	1
LIMS1	LIMS4	1
ANKRD23	CNNM3	1
NDUFAF7	PRKD3	1
MSH2	UBXN4	1
SPRED2	THADA	1
CAPN10	TCF3	1
CBFB	PPP1R7	1
ITSN2	TBC1D10B	1
ARHGAP15	NUTM1	1
ASXL2	KMT2A	1
BAZ2B	MLLT10	1
HMGN1	RUNX1	1
CRYZL1	RUNX1	1
CLIC6	RUNX1	1
BRWD1	RUNX1	1
ABCG1	DSCAM	1
BCL2L1	NRIP1	1
ADRM1	OGFR	1
CSE1L	TOP1	1
SPO11	SRC	1
DLGAP4	RBL1	1
COMMD7	DLGAP4	1
C20ORF203	NOL4L	1
ETV3	PRKAG2	1
CDK6	HS2ST1	1
KAZN	PDGFRB	1
MAML3	ZNF362	1
RAC2	TP73	1
PRPF38A	RUNX1	1
NDC1	RUNX1	1
SMARCA4	TP73	1
MPO	RPS8	1
KANSL1	LRRC8D	1
ETV6	TOR1AIP2	1
ENAH	KMT2A	1
ASH1L	NUP98	1
GPBP1L1	RHOG	1
DENND5A	ECHDC2	1
FLVCR1	RCOR3	1
CTSS	HP1BP3	1
CCDC30	PPCS	1
DPRX	ZNF880	1
DMWD	ZNF260	1
MARK4	PLAUR	1
NUCB1	RUVBL2	1
LILRB3	LILRB4	1
ARHGAP35	CYTH2	1
BTBD2	NLRP11	1
KDM4B	TMPRSS9	1
ELAVL1	TYK2	1
CACNA1A	GATAD2A	1
AZU1	TYK2	1
FECH	IER3IP1	1
AFG3L2	TAF4B	1
ABCA5	DSCAM	1
ARFGEF2	HGS	1
MPO	RPS5	1
MPO	TYK2	1
FBN3	SLC35G6	1
CD300LD	SAP30BP	1
CHMP6	RPTOR	1
DDX42	RGS9	1
DHX8	ETV4	1
DDX52	RPL38	1
ELP5	TMEM94	1
RAP1GAP2	XAF1	1
CCDC144A	RAP1GAP2	1
MAP2K3	UBE2G1	1
RUNX1	ZNF423	1
DYRK1A	GLIS2	1
MPO	RPL13	1
CIITA	PIP4K2B	1
MPO	SPN	1
ADCY9	PLCG2	1
ABCC6	PHAF1	1
TRAF7	WDR24	1
C16ORF96	MCRIP2	1
HS3ST6	MAPK8IP3	1
CREBBP	SRCAP	1
RNF40	TMEM265	1
CHD2	PSMD3	1
ADCY7	NUTM1	1
CHD2	PML	1
ASB7	SEMA6D	1
LEO1	TCF12	1
INO80	USP8	1
GABPB1	NUTM1	1
ARHGAP11A	NUTM1	1
AHNAK2	PLD4	1
ELF1	SPATC1L	1
CUEDC1	RB1	1
CHD2	SUCLA2	1
MEIS2	SGCG	1
CDC16	RASA3	1
CLN5	FBXL3	1
INTS6	LRCH1	1
DHRS12	FLT3	1
LATS2	SAP18	1
FLT3	WASF3	1
CACNA1C	MYH9	1
ETV6	RBFOX2	1
RUNX1	WSB2	1
NCAM2	PPFIBP1	1
LYZ	TYK2	1
MPO	STAT6	1
ETV6	PER1	1
ETV6	HIC1	1
LYZ	SMG1	1
CHMP1A	CLEC12A	1
ETV6	MEIS2	1
CSAD	MYH7	1
LYZ	STAT6	1
KMT2D	PLXNC1	1
IRAK3	PIP4K2C	1
ELK3	ETV6	1
ETV6	LMBR1L	1
LRP6	MAGOHB	1
CCND2	ETV6	1
C2CD5	KLRK1	1
CPSF6	ITPR2	1
KMT2A	SEPTIN3	1
ITSN1	KMT2A	1
MACROD1	RUNX1	1
LPXN	RUNX1	1
NUP98	ZNF512B	1
KMT2A	SH3GL1	1
AHNAK	TYK2	1
CLTC	KMT2A	1
KMT2A	RARA	1
RHBDL3	TTC9C	1
FAR1	MPO	1
KAT7	NUP98	1
AKAP13	KMT2A	1
KMT2A	MON2	1
GRK2	STAT6	1
KMT2A	SIK3	1
APOC3	SIK3	1
BUD13	KMT2A	1
C2CD2L	DDX10	1
KMT2A	RELT	1
AP2A2	KMT2A	1
NUP98	ZFPL1	1
HBE1	HBG1	1
C2CD2L	PTPRJ	1
CHRM4	DGKZ	1
KCNMA1	RUNX1	1
MLLT10	TENT4B	1
HEATR3	MLLT10	1
MLLT10	UBE4A	1
MLLT10	SCN4B	1
DSCAML1	MLLT10	1
BUD13	MLLT10	1
ATP5MG	MLLT10	1
SLC29A3	UNC5B	1
HNRNPF	ZEB1	1
FAM3C	IKZF1	1
LTN1	MX1	1
KMT2A	TIRAP	1
DNAJB8	GATA2	1
FNBP1	RUNX1	1
KMT2A	NCBP1	1
CLEC9A	TAX1BP1	1
EDIL3	MKLN1	1
PRKAA1	UBLCP1	1
NSD1	STIM1	1
RUNX1	SH3D19	1
PDGFRA	POU2F1	1
RUNX1	ZNF687	1
KMT2A	MYO18A	1
MPO	ZNF296	1
RNF213	TBC1D16	1
MYL12B	NLRC5	1
ZFPM1	ZNRF1	1
GALK2	RAB11A	1
SOX5	TCF4	1
CDX2	ETV6	1
KIAA1549L	RUNX1	1
CFAP46	MSI2	1
ERP44	SPTLC1	1
ETV6	STK3	1
TPM1	UBN2	1
HAPLN1	PIK3R1	1
FAM120A	MAP4	1
KSR2	SETMAR	1
FANCL	RFC2	1
FANCL	NRXN1	1
NRXN1	PEX13	1
ELMOD3	RSAD2	1
C20ORF203	ZMYND8	1
GNG12	IL23R	1
NUDT19	ZNF841	1
SLC7A9	ZNF614	1
ERCC1	ZNF600	1
ZNF350	ZNF540	1
EPN1	NOVA2	1
ANKRD27	ZNF790	1
ARHGAP35	SMIM7	1
MEGF8	MYO9B	1
BST2	ZNF14	1
SLC25A41	THOP1	1
GATAD2A	ZNF91	1
SMARCA4	TGIF1	1
RHBDF2	ST6GALNAC2	1
TGM5	WDR18	1
FBXO22	UBE2Q2	1
DIP2A	UBAC2	1
GPC6	NBEA	1
DDX6	USP28	1
CEP164	DDX6	1
CBL	DDX6	1
MECOM	TRB	1
PRDX4	RUNX1	1
TMEM52B	XIAP	1
GRIK1	SLA	1
NUP214	RAC1	1
KMT2C	RUNX1	1
CDC16	KDM7A	1
COL12A1	RAC1	1
CDKAL1	SAMD9	1
ANXA6	MBLAC1	1
PTPN2	UBLCP1	1
BHMT	ETV6	1
MFSD8	TXK	1
FGFR1	TFG	1
FOXP1	PPP1R2	1
NPM1	TRIP12	1
BCL11A	GRIP2	1
PPP6R2	SIM2	1
GART	IFNGR2	1
NOL4L	RUNX1	1
PREX1	SLC9A8	1
NOL4L	TAF4	1
DLGAP4	SRC	1
UBR4	ZFP37	1
RUNX1	YTHDF2	1
CLCA2	RUNX1	1
CREB3L4	CRTC2	1
RELB	WDR88	1
HDHD2	LOXHD1	1
INO80C	SETBP1	1
MSI2	TLK2	1
ACE	KPNB1	1
KIAA0895L	NPIPA5	1
TTBK2	WRAP53	1
CBFB	HMGB1	1
CPNE8	RUNX1	1
AEBP2	VPS4B	1
BUB1B	HSD17B6	1
KMT2A	ZFYVE19	1
ETV6	LPXN	1
BUD13	ZW10	1
ARCN1	DLG2	1
ETV6	PTPRR	1
KMT2A	SNX9	1
CENPK	KMT2A	1
KMT2A	LPP	1
NUP98	TOP2B	1
DUSP10	PRDM16	1
KMT2A	USP10	1
DNAJC1	MLLT10	1
BTK	KMT2A	1
KMT2A	NCKIPSD	1
KMT2A	SUGP2	1
KANSL1	MTCP1	1
CMC4	KANSL1	1
DAB2IP	KMT2A	1
KAT6A	NCOA3	1
GRIK2	RUNX1	1
BTN3A1	KMT2A	1
KMT2A	MEF2C	1
KMT2A	NT5C2	1
RAB6A	TOP2A	1
PPP2R1B	SIK3	1
MLLT10	PPP2R1B	1
CEP164	MLLT10	1
MLLT10	RNF169	1
DEK	PRRC2B	1
CLP1	MLLT10	1
GPR119	STAG2	1
STAG2	VPS13B	1
BZW2	STAG2	1
NR6A1	OBP2B	1
GAPVD1	ZNF483	1
ANGPT1	HOXA9	1
BZW2	HOXA11	1
GRB10	SDK1	1
EP300	HOXA7	1
AGMO	RB1	1
HOXA9	NIPBL	1
CLCN3	NEK1	1
GATA2	HOXA10	1
CSF1R	RBM6	1
EP300	EP300	1
TRAPPC10	USP25	1
SH3BP2	THRAP3	1
FMN2	NVL	1
EWSR1	HOXB8	1
FBN3	POLR2A	1
FLT3	FLT3	1
CADM1	NUP98	1
MAP2K2	MLLT10	1
ATRX	STAG2	1
P2RY8	ZBED1	1
CD99	P2RY8	1
ALAS2	PAGE2B	1
CD99	JAK2	1
IRS4	TRB	1
HOXA9	MED14	1
CD24	RBM3	1
CXCR4	TSC22D3	1
NONO	ZFP36L2	1
CT45A3	KMT2A	1
KMT2A	TFE3	1
ABL1	SPTAN1	1
ABL1	PRRC2B	1
ABL1	AIF1L	1
ABL1	CNTRL	1
BICD2	JAK2	1
SMARCA2	VLDLR	1
JAK2	SMU1	1
HACD4	PAX5	1
DNAJA1	PAX5	1
DCAF12	UBAP1	1
HINT2	NPR2	1
ABL1	TNRC6B	1
ABL1	MYO18B	1
BCR	PRRC2B	1
JAK2	MYH9	1
CBFA2T3	GALNS	1
BRD1	PAX5	1
NCOA6	PAX5	1
DNMT3B	ZCCHC7	1
DNMT3B	PAX5	1
FNBP1	SF3A2	1
ERCC6L2	TGFB1	1
JAK2	ZNF430	1
GREB1L	PAX5	1
EMILIN2	PAX5	1
EGFL7	METRNL	1
ABL1	NHERF1	1
JAK2	SPAG9	1
PAX5	SP2	1
MAPT	PAX5	1
GSDMA	PAX5	1
PAX5	TAOK1	1
NCOR1	PAX5	1
FUS	SET	1
CDH13	PAX5	1
FBRS	PAX5	1
ABL1	SNX1	1
MAP1A	NUP188	1
ANKRD18B	SIN3A	1
GOLGA6A	PAX5	1
ABL1	EML1	1
NOTCH1	TRA	1
GNAQ	TRD	1
GOLGA5	JAK2	1
CCDC88C	JAK2	1
JAK2	NIN	1
PCBP2	PRRC2B	1
AIF1L	ETV6	1
JAK2	PPFIBP1	1
ABL1	ZBTB16	1
KMT2A	SEC16A	1
JAK2	ZBTB44	1
CBL	KANK1	1
DDX6	SHB	1
MELK	SIK3	1
CLTA	KMT2A	1
ESRRA	PAX5	1
PAX5	PIK3AP1	1
ALDH18A1	PAX5	1
ARHGAP22	PAX5	1
MLLT10	PAX5	1
CNTNAP3B	MLLT10	1
NRBP2	TMEM245	1
CEMIP2	PTK2B	1
ENTPD4	PSD3	1
DNAAF11	POLB	1
FGFR1	HOOK3	1
NCOA6	PRDM14	1
MYC	TRD	1
CSMD1	HELLS	1
FGFR1	KIF5B	1
PAX5	PEG10	1
IKZF1	NOTCH1	1
MYC	TRB	1
CUX1	FGFR1	1
PCMTD1	PRKAR1B	1
ASNS	KMT2E	1
GET4	TNRC18	1
NDUFA4	SCIN	1
DPY19L1	HOXA11	1
ABCA13	IKZF1	1
FIGNL1	IKZF1	1
ATRN	ESYT2	1
KIF3B	TRB	1
DNM2	HEPACAM2	1
HOXA10	POLR2E	1
CLIP2	FOXK2	1
EVX1	MSI2	1
IKZF1	TRPV2	1
NUP93	SUGCT	1
CIITA	IKZF1	1
TRA	TRB	1
CDK6	NKX2-1	1
TCL1A	TRG	1
IGH	TRG	1
ELMO1	SFTA3	1
ELMO1	NKX2-1	1
AKAP11	ZC3HAV1	1
CCND2	TRB	1
AMPH	ETV6	1
CDK2	IKZF1	1
ETV6	IKZF1	1
RIC3	TRB	1
KMT2A	RUNDC3B	1
CDK6	KMT2A	1
CLIP2	KMT2A	1
IKZF1	KDM2A	1
IKZF1	TUT1	1
CRCP	PIK3AP1	1
PAX5	TMEM14B	1
ABL1	NUP153	1
PAX5	ZNF318	1
MYB	SLC12A9	1
H1-5	MPLKIP	1
PIM1	TRB	1
L3MBTL3	PTPRK	1
EPB41L2	OSTM1	1
BACH2	PNRC1	1
NKAIN2	SENP6	1
KCNK17	KIF6	1
CHMP1A	MYB	1
ENTPD5	UTRN	1
AHI1	ENTPD5	1
CEP85L	TRA	1
BACH2	IGH	1
ETV6	RNF217	1
FAM111A	MYB	1
EEF1G	OOEP	1
KMT2A	NUP153	1
CEP120	JAK2	1
TLX3	TRB	1
BDP1	MYB	1
LMAN2	NSD1	1
DOCK2	PDGFRB	1
NR3C1	YIPF5	1
AFF4	SKP1	1
LMNB1	PPP2R2B	1
ARL14EPL	ZNF608	1
STARD4	TCERG1	1
CLINT1	MEF2C	1
FER	SSBP2	1
IQGAP2	TSLP	1
MEF2C	SS18L1	1
PIK3R1	TCF3	1
CD74	HBA1	1
LMAN2	PAPOLA	1
AK7	CREBRF	1
TLX3	TRD	1
RANBP17	TRD	1
NKX2-5	TRD	1
DCP2	IGH	1
DCP2	HIF1A	1
EBF1	ETV6	1
RNF180	ZNF384	1
NIPBL	ZNF384	1
ETV6	NIPBL	1
KMT2A	MAML1	1
HAND1	RAG1	1
KMT2A	PRRC1	1
KIF2A	KMT2A	1
MTREX	SIK3	1
EBF1	JMJD1C	1
LEF1	TRB	1
AFP	CUX1	1
IKZF1	STIM2	1
LEF1	TAF8	1
MANBA	SEC24B	1
CCNG2	MAML3	1
BMP2K	LEF1	1
CTBP1	FGFRL1	1
RCAN1	SPRY1	1
AFF1	RAD51B	1
RHOH	TRA	1
AFF1	SPATA13	1
KMT2D	SEC31A	1
BMP2K	ZNF384	1
BICD1	TLR1	1
AFF1	HSPA8	1
AFF1	CENATAC	1
DUX4	FRG2B	1
ATP5ME	SLK	1
ABL1	MBNL1	1
GOLGB1	JAK2	1
ABCA2	VILL	1
GOLGA4	JAK2	1
ANXA3	MBNL1	1
FYTTD1	MELTF	1
FXR1	TBL1XR1	1
LSG1	MBNL1	1
COPB2	TBL1XR1	1
MSL2	TBL1XR1	1
ANO10	UQCRC1	1
MRPL47	RUNX1	1
CDK5RAP3	SMARCC1	1
E2F4	RPL14	1
MBNL1	MEIS2	1
ETV6	SENP7	1
LMO2	MBNL1	1
EEFSEC	PDHX	1
IKZF2	NOTCH1	1
ERCC6L2	SF3B1	1
PAX5	PROC	1
KIDINS220	PAX5	1
ABL1	CALM2	1
CDKN2A	IGK	1
IGK	TPD52	1
BARD1	GTPBP10	1
IKZF1	ZEB2	1
RIPOR2	VPS54	1
POLE4	UTRN	1
GHR	HDAC4	1
FAM117B	SEC62	1
ASXL1	TMEM18	1
INPP5D	NGEF	1
SERPINE2	WDFY1	1
CXCR4	ZEB2	1
CXCR4	MGAT4A	1
E2F6	GREB1	1
LAPTM4A	RNF144A	1
ASXL2	PFN4	1
ZFP36L2	ZFP36L2	1
KCTD1	SPTBN1	1
IGK	KRBOX5	1
IGH	ZEB2	1
TRA	ZFP36L2	1
ETV6	EVX2	1
ETV6	PRKCE	1
ETV6	MSH6	1
ETV6	IGK	1
GIGYF2	KMT2A	1
SF1	SF3B1	1
JMJD1C	TSN	1
PIM3	ZBED4	1
CABIN1	DDTL	1
CABIN1	TRAPPC10	1
PDE9A	WDR4	1
RUNX1	URB1	1
PCNT	RUNX1	1
ITSN1	KCNE2	1
DYRK1A	ERG	1
BRWD1	ETS2	1
LIPI	RBM11	1
PABPC1L	YWHAB	1
ITCH	RPRD1B	1
BCL2L1	TTLL9	1
IRF2BP2	JAK2	1
JAK2	TPR	1
DENND1B	ZCCHC7	1
JAK2	RNPC3	1
HIPK1	PAX5	1
ANKRD45	HOOK3	1
DNAH14	IKZF1	1
KCNT2	UBE3C	1
HOXA11	PUM1	1
ABCD3	KMT2E	1
CCND3	STIL	1
EEF1A1	JUN	1
PDGFRB	TPR	1
PRLR	PRRC2C	1
PLEKHG4B	SFPQ	1
KMT2A	RABGAP1L	1
AFF1	RABGAP1L	1
KMT2A	PBX1	1
AFF1	PBX1	1
MBNL1	TAL1	1
TAL1	TCTA	1
HMGN2	PTMA	1
EHD2	MYCBP	1
TCF4	ZNF362	1
METRNL	SKI	1
NCOR1	NFIA	1
CREBBP	SRGAP2B	1
MDM4	TRA	1
BCL9	IGH	1
SFPQ	ZFP36L1	1
TAL1	TRA	1
ETV6	NID1	1
ABL2	SLC38A2	1
ETV6	QSOX1	1
MEF2D	STAT6	1
PUS3	ZNF124	1
ACTN2	KMT2A	1
FOXJ3	LMO2	1
EXTL2	PTEN	1
HNRNPU	ZBTB18	1
DHX9	NPL	1
COP1	TNFSF18	1
ARL8A	INSRR	1
DCAF8	DNM3	1
UFC1	VANGL2	1
B4GALT3	TPM3	1
RSRP1	TMEM50A	1
GNPAT	TAL1	1
GLUL	TAL1	1
TCF3	TEF	1
MAP2K7	PRDM15	1
PPP1R37	PPP6R1	1
CIC	PPP1R12C	1
TCF3	TFPT	1
EPOR	LAIR1	1
ADAMTSL5	TCF3	1
SMARCA4	TYK2	1
DHPS	SMARCA4	1
NCLN	PALM	1
TYK2	ZNF430	1
PTGR3	RUNX1	1
LDLRAD4	PHACTR3	1
CCBE1	LILRA2	1
MBP	TGIF1	1
METRNL	PIM3	1
FAM117A	RUNX1	1
METRNL	TPM4	1
HLF	TCF4	1
CSNK1D	METRNL	1
STAT3	STAT5B	1
PPP1R9B	SGCA	1
CCL4L2	MYO19	1
PIM3	SLC7A5	1
MLYCD	RUNX1	1
ACSF3	CBFA2T3	1
ANKRD11	SPG7	1
CTCF	SLC7A6	1
ATP6V0C	TSC2	1
CREBBP	MEFV	1
CREBBP	DEXI	1
CLCN7	CRAMP1	1
CIITA	CREBBP	1
NLRC3	SETD1A	1
RUNX1	SV2B	1
HYPK	WSB1	1
BPTF	NUTM1	1
CREBBP	TRIM69	1
B2M	CREBBP	1
KIF7	PRC1	1
SERF2	WDR76	1
EXD1	INO80	1
OLIG2	TRA	1
PPP1R36	UBA2	1
IGF2BP1	IGH	1
TRA	USP7	1
IGH	PPP4R3A	1
RBM25	SUSD6	1
SYNE2	TTC7B	1
PPP2R5C	SLC38A6	1
ACTR10	GALC	1
ARMH4	PRKCH	1
NIN	UNC79	1
C14ORF39	PELI2	1
NIN	TMX1	1
BCL11B	NKX2-1	1
EVL	SFTA3	1
EVL	NKX2-1	1
DIO2	NKX2-1	1
RTRAF	STXBP6	1
NKX2-1	TRD	1
SFTA3	TRA	1
SALL2	TRA	1
RUNX1	UGGT2	1
DNAJC15	RUNX1	1
FLT1	STAU1	1
KDM4B	TMEM272	1
DZIP1	PCID2	1
ITM2B	LPAR6	1
ARL11	RNASEH2B	1
EP300	LPAR5	1
KRR1	RUNX1	1
BAZ2A	RUNX1	1
DDX47	RUNX1	1
ATF7IP	RUNX1	1
PDE9A	VWF	1
ETS2	ETV6	1
ARHGDIB	RUNX1	1
PTHLH	RUNX1	1
HM13	TSPAN31	1
BCL7A	DAZAP1	1
CRX	ETV6	1
ATN1	PLK5	1
NOP2	TCF3	1
TCF4	ZNF384	1
CEP192	LDHB	1
BLMH	BRAP	1
SYNRG	ZNF384	1
C17ORF50	ING4	1
SEPTIN9	SINHCAF	1
CREBBP	ETV6	1
ETV6	SNUPN	1
GOLGA3	MYH6	1
CCND2	TRA	1
ETV6	NUFIP1	1
FBRSL1	POLE	1
HECTD4	PPP1CC	1
ATF7IP	GNPTAB	1
ETV6	ZNF385A	1
ETV6	PMEL	1
EIF4B	ETV6	1
BAZ2A	ETV6	1
DYRK4	NDUFA9	1
CDKN1B	ETV6	1
BORCS5	ETV6	1
ETV6	PTPRO	1
ARHGDIB	ETV6	1
ETV6	TMTC1	1
KMT2A	MRTFA	1
MUS81	PDE9A	1
KMT2A	PFDN4	1
BCAS4	KMT2A	1
CEP164	EMP3	1
KMT2A	RANBP3	1
KMT2A	USP8	1
KMT2A	KNSTRN	1
KMT2A	RAD51B	1
NUP98	VRK1	1
LMO1	TRA	1
KMT2A	KNTC1	1
KMT2A	KRAS	1
JAM3	NCAPD3	1
HSPA8	JAML	1
CEP164	KMT2A	1
KMT2A	NOX4	1
AIP	KMT2A	1
INTS4	PPP6R3	1
KMT2A	YPEL4	1
GANAB	NXF1	1
LMO1	MED17	1
ARHGAP32	CAPRIN1	1
PDZD7	RUNX1	1
LIPA	RUNX1	1
NDST2	RUNX1	1
CUL2	KDM4B	1
ASCC1	MAFG	1
CTRB2	TLX1	1
CDK1	DGKH	1
ETV6	PDZD7	1
APBB1IP	SCARB1	1
CAPS2	MLLT10	1
KMT2A	NUTM2A	1
ATP5MG	CUBN	1
EED	MLLT10	1
HPSE2	LCOR	1
BLNK	DNTT	1
RPP30	TLX1	1
OGA	RNLS	1
JMJD1C	VTI1A	1
ARHGAP21	CTNNA3	1
FAM171A1	MLLT10	1
HOXA11	TRB	1
IGH	TRD	1
BCL11B	TRD	1
PCGF5	TLX1	1
ANKRD1	TLX1	1
FXYD6	KMT2A	1
AFF1	FXYD6	1
AFF1	DSCAML1	1
ATG16L2	KMT2A	1
ELF2	KMT2A	1
AFF1	ELF2	1
KMT2A	NFKB1	1
KIF3B	PAX5	1
ASXL1	PAX5	1
PAX5	SLCO1B3	1
ABL1	RALGPS1	1
BCR	RALGPS1	1
CTCF	PARD6A	1
AGTPBP1	NAA35	1
SRC	VWC2	1
GRB10	PDE3A	1
DDX25	ZNF131	1
NUP98	XRN1	1
CREB1	TRAK2	1
RRBP1	SIRPA	1
RFX1	ZSWIM4	1
FAM32A	MED26	1
DSTN	NLK	1
RSPRY1	ZFHX3	1
BRAP	RCAN1	1
ID1	WNK1	1
RELA	ZMYND8	1
OSBPL2	TTC9C	1
LCN1	PON3	1
